filename,radial_velocity,e_radial_velocity,redchi,teff,logg
HS1517p0814_b_2001_07_25T23_33_32_all.dat.gz,84.44522783825558,14.889853715386415,0.7497836133341463,13456.19003189142,8.50296949270552
WD2329m332_b_2000_07_18T07_34_07_all.dat.gz,2635.6821717179764,7.827014676763383,1877.3045183573684,12499.994868344913,8.989444058296879
HE0507m1855_a_2000_09_15T08_31_30_all.dat.gz,696.0065068750395,32.80785364105367,22.27505290599333,12499.93986543611,8.929524313774971
WD1031m114_b_2001_06_28T23_32_32_all.dat.gz,325.7487190575839,6.45876271556881,174.82474307406795,13308.050124336318,8.999897796475612
WD0000m186_a_2000_09_16T04_53_20_all.dat.gz,227.96694413924476,23.96278991055128,9.45565192085791,12499.97203103733,8.99990597125041
WD1857p119_a_2000_05_26T09_12_01_all.dat.gz,1633.8333532178915,19.180717953353906,273.77976711406905,11999.998322484931,8.00000088250052
WD0129m205_a_2000_07_12T07_02_05_all.dat.gz,6928.808926000354,19.347821185316207,1430.838072114379,12499.949684085655,8.912117411579594
HE2231m2647_b_2002_05_02T09_45_26_all.dat.gz,91.9659531589236,15.38314795895824,9.718081031728332,14899.473885807372,8.999995214435469
HE1335m0332_b_2000_07_18T01_02_26_all.dat.gz,116.08902184236824,,1394.0929354235398,12985.580104485603,8.782118298002453
HS1646p1059_b_2001_08_16T02_10_37_all.dat.gz,308.0318844537059,21.80259326501553,7.975041428629686,16205.468174629494,8.99999999467763
WD1241p235_a_2002_02_17T08_58_09_all.dat.gz,83.69322927961461,21.990784679400576,2.9343718646915797,25059.642097401644,8.999999941414348
HS0507p0434A_b_2003_01_19T02_32_39_all.dat.gz,221.51210559304823,11.572281159441644,28.017566540392355,12999.992149053294,8.999999994590246
HE0436m1633_a_2002_02_10T01_37_29_all.dat.gz,152.11299078171518,12.751559891401657,10.124047507251934,12678.92952462291,8.806742725689885
WD0050m332_a_2002_07_27T06_44_39_all.dat.gz,137.3661500630302,13.956068480161726,45.509044432323385,33149.293494903,8.999999999980313
WD2248m504_a_2002_05_29T09_47_27_all.dat.gz,6.207228860503278,16.288572376678722,0.8373767066027251,14556.156734420794,8.99993286560103
WD1204m322_a_2000_04_23T05_09_40_all.dat.gz,359.7135232078976,15.89967470486448,281.82849582478553,11000.14806475678,8.999999999985645
WD1124m293_b_2000_05_17T02_06_32_all.dat.gz,107.71632242362655,19.229270948911946,13.955706413043577,10480.618861321582,8.99999994297258
WD2046m220_b_2001_07_27T02_40_49_all.dat.gz,-1.183074065168366,13.398330039653189,3.901373627347333,25250.609034978414,8.835068905277774
HE1335m0332_a_2000_07_15T01_09_38_all.dat.gz,1391.2639354476812,27.422077539933525,597.9576646629375,11999.937604609178,8.00597928508364
HS0002p1635_b_2003_09_07T04_47_46_all.dat.gz,30.7813982311844,14.69995956241809,5.879188836799122,25742.922524933925,8.999999999781531
HE0455m5315_b_2002_09_15T08_45_31_all.dat.gz,85.03619772755256,30.16066388851632,0.8851930953372047,25822.067490154102,8.55647855703536
HE1225p0038_b_2000_07_04T23_27_41_all.dat.gz,123.25278695945586,6.257466879474023,242.17553109945462,10999.889478555204,8.99988942034291
HE0221m2642_a_2001_09_23T09_10_22_all.dat.gz,62.156976988597656,27.460519098138047,3.852636266207037,31387.354238991826,8.999999998408835
HS0047p1903_b_2002_09_27T05_30_43_all.dat.gz,28.465116504549744,15.466585242890826,0.9351281523951,17144.81709766624,8.077375998502982
WD1507m105_b_2000_06_06T05_04_40_all.dat.gz,52.179787444063706,9.582785911680816,45.04559406792154,10999.864831526329,8.999999277080782
WD0410p117_a_2002_02_27T01_29_25_all.dat.gz,98.18275023643123,9.306779795706618,1.2474641857489734,24975.625074986394,8.546146729979263
WD1220m292_b_2000_05_21T04_22_59_all.dat.gz,322.16133612562277,18.953907680428415,135.63728950766003,11499.738746448093,8.999999994294775
WD0155p069_b_2003_01_19T01_56_18_all.dat.gz,6.848832551348755,23.109270349221553,0.28755945719766884,25598.115934527337,8.49350875667437
WD1249p182_b_2002_02_24T07_29_11_all.dat.gz,4.51802283415648,13.666721195707783,2.0601659636266465,22744.267777971992,8.679032374665542
HS2148p1631_b_2002_09_24T01_19_57_all.dat.gz,19.542525151672304,19.522708211968705,0.4887882086017621,15216.258926493592,8.997884812515384
WD1527p090_b_2001_08_20T00_35_34_all.dat.gz,72.15687831621757,11.125911059832,3.533153588426347,23211.427548224492,8.76784451306075
WD1434m223_a_2000_05_20T03_39_30_all.dat.gz,1063.6827722062715,46.815264084683236,116.10100837101811,10999.995651701149,8.999999994995353
HS2225p2158_b_2002_09_26T03_19_42_all.dat.gz,72.77201591476607,16.57758256948746,2.8023083025293225,26319.538535007465,8.769036223049529
WD1349p144_a_2001_02_07T07_10_43_all.dat.gz,-40.78921375541868,15.329541782165345,1.5186304996108781,15719.86112773577,8.99999985128857
WD0124m257_b_2000_07_16T07_48_34_all.dat.gz,1408.0510392559254,29.901644512257917,590.475735389752,11000.004713921304,8.99968350933457
WD2328p107_b_2002_09_30T02_49_17_all.dat.gz,68.25432382408604,12.116850558389938,3.206900134124029,24999.999631043436,8.744521510475698
WD0408m041_a_2001_09_02T09_17_25_all.dat.gz,-15.227566529258137,16.670665547148786,1.290797647810802,14610.941705570869,8.999999999999376
HE2230m1230_a_2001_06_19T09_42_28_all.dat.gz,0.11943707012830566,18.079871017495634,1.451967099358122,22993.00543104708,8.775615220709785
WD2032p188_b_2002_09_10T00_11_32_all.dat.gz,-3.6325805069743775,22.623914311256204,0.3842068602269736,21445.429166052883,8.183384292760989
WD0252m350_b_2000_07_16T10_29_07_all.dat.gz,576.891683679508,19.24331358437729,336.4931639386161,11000.000776316672,8.99967569357292
WD1609p135_a_2000_06_06T06_01_01_all.dat.gz,166.53418793464672,9.15511000097679,55.18581341784502,10193.132297642871,8.999999999825114
WD1207m157_a_2000_07_15T00_03_33_all.dat.gz,1226.8564536168733,17.474999871576074,931.0362868286865,11999.996865677578,8.147837247262476
HE1511m0448_d_2001_06_18T02_47_40_all.dat.gz,66.97860725080778,32.98383052652403,10.233859318130484,43367.6991337302,7.966518720320949
WD0339m035_b_2000_07_15T09_33_28_all.dat.gz,1939.2431551411714,3.3216255393259644,56318.658378045846,12000.0,8.0
WD2348m244_b_2000_09_15T03_25_18_all.dat.gz,76.73553187429776,11.381698980817305,0.9435432219436034,12906.246830244494,8.999994515222792
WD1932m136_b_2000_05_24T09_11_53_all.dat.gz,2008.3264215167292,1.098432630986622,406110.68371779285,11889.488883787111,8.000005535908315
WD1130m125_b_2000_05_19T01_09_05_all.dat.gz,262.3833915177168,13.126644612820769,167.76552912914954,11589.68183775075,8.999999745451133
WD1507p220_b_2003_06_09T00_57_20_all.dat.gz,-35.496780750256214,20.914959325417897,0.34667542809344687,23223.711767327426,8.721859048622205
WD0642m285_a_2001_04_08T01_15_20_all.dat.gz,71.77736772499023,21.090086811179628,0.12738965970033367,9112.043837218622,8.999999999986802
WD0129m205_b_2000_07_16T08_29_25_all.dat.gz,825.8033475833661,20.887430705720647,508.45253736043617,11000.000150009797,8.999999864462922
HS0237p1034_a_2002_09_20T08_39_55_all.dat.gz,39.42850284126616,33.96038198961998,0.15927800444537663,15668.791279444073,8.999794315406241
WD1507p021_a_2002_06_18T01_25_27_all.dat.gz,27.445427030060223,23.50761189542134,1.377862211093129,22008.59715829559,8.907978846184728
WD1609p044_a_2001_06_29T01_31_09_all.dat.gz,105.15260572455131,14.586221929509854,12.80113752218977,28432.24031795003,8.952900002560296
WD0431p126_b_2003_01_20T04_28_17_all.dat.gz,96.54639443615672,12.928691109050575,0.7332238168519284,24405.987264319472,8.77267843875398
WD1257p047_b_2000_05_22T01_47_35_all.dat.gz,1304.8822387857715,14.052073670679079,1542.7052367056112,11000.000316230282,8.999999999961814
HE1307m0059_b_2000_07_17T00_23_29_all.dat.gz,2294.833811166192,11.415855358382032,4668.526449944725,11000.023049145115,8.999917051297903
HS2220p2146B_a_2002_09_25T01_46_57_all.dat.gz,47.95818146364849,23.78533327250172,0.7755080741536942,16329.098569503973,8.99999999646416
WD2014m575_b_2000_07_18T05_15_10_all.dat.gz,1120.1170070356227,18.316229445470526,625.4434173345812,11000.000415384284,8.999999996078023
HE0256m1802_a_2002_09_20T07_38_47_all.dat.gz,34.12929823597251,26.3193594511278,2.573679773010391,25910.94574284312,8.920569589128334
WD2021m128_b_2001_06_05T08_19_13_all.dat.gz,46.51041861094162,23.57239877063183,1.8339627148914044,16260.347218801533,8.999999999965986
WD2115m560_a_2002_04_23T08_53_22_all.dat.gz,-18.77917540816,9.492247632500899,0.32299150851334624,9298.966858705937,8.999920261629736
WD1257p047_a_2000_05_20T02_47_52_all.dat.gz,1257.1031365489273,12.547616322350223,1865.4709285247213,10999.993423668118,8.999997109749895
WD0406p169_a_2003_02_04T02_25_47_all.dat.gz,116.66157811027941,14.91560516410658,0.18902763741141154,15776.138456089906,8.955286174317031
HE0416m1034_b_2001_01_15T03_03_34_all.dat.gz,107.2725462794275,12.283044502921719,10.855751567093458,25673.598274976222,8.8952290841665
HE2356m4513_b_2002_08_14T09_40_13_all.dat.gz,56.74156289917534,10.647414508441912,3.134935004316145,17205.700402733244,8.298179536232569
WD0138m236_a_2000_07_14T08_07_02_all.dat.gz,-3065.724845104128,,9296.249833755617,10059.491298110548,7.999989456376554
MCT2343m1740_b_2000_09_16T01_33_35_all.dat.gz,37.81099060642512,36.14364649452831,1.2886003395824361,15123.55538827266,8.999999995039065
WD1511p009_b_2001_02_10T08_26_47_all.dat.gz,27.195508146519114,28.9400230839104,4.586342133992414,27126.738847106615,8.99999999991223
WD1241m010_b_2000_05_22T01_24_50_all.dat.gz,403.8644906844624,10.682867999596368,771.8155157446033,10999.999118703978,8.999638159005777
WD2032p188_a_2002_09_04T01_03_02_all.dat.gz,-11.723020615214212,12.1927851663161,0.8170108676495031,20427.924278832943,7.966737160503947
WD0446m789_b_2002_11_30T07_07_19_all.dat.gz,46.56766880510233,8.201988437930158,4.514366581020302,25833.85070211164,8.445938344255913
WD1457m086_b_2000_07_16T02_02_33_all.dat.gz,1173.452968850981,20.736461884382493,538.9201339379382,10999.995472190541,8.99996938410438
WD0250m026_a_2002_07_10T10_00_07_all.dat.gz,31.766649317262527,11.861472193351016,1.2516727949475557,15033.178830325729,8.986994586136293
WD0032m177_b_2002_09_25T06_02_02_all.dat.gz,33.444689854546276,20.984862238293676,0.7846120001504833,17223.541143914004,8.26417642552426
HS0400p1451_a_2002_03_04T00_58_20_all.dat.gz,108.54476887606369,14.000621782051638,0.18357003250518034,15302.892509325664,8.791182643939031
WD1122m324_a_2000_04_23T03_38_47_all.dat.gz,547.2968708730499,20.901277227761852,338.2770485234876,10999.99886055839,8.999999900295023
WD1310m305_b_2003_01_19T05_50_39_all.dat.gz,5.863771220382315,14.54106057219634,0.593504723920391,22749.321203659358,8.578155472145044
WD0937m103_a_2002_02_17T06_06_56_all.dat.gz,78.81206912566304,17.657962754008306,1.0607609985062707,17788.189937484294,8.999999999346498
HS0309p1001_a_2002_02_27T00_34_21_all.dat.gz,120.35339290890097,24.305805636712805,0.0754098545737084,20606.39014624144,7.947194838294672
HE0049m0940_b_2002_09_27T06_27_23_all.dat.gz,30.81154712004745,9.726151997442898,1.4795417665055275,13829.710959377087,8.25532908459729
HE0358m5127_a_2000_07_15T09_48_14_all.dat.gz,1599.4212086980801,6.329337403906834,9017.086850833984,11871.049468612926,8.000022879453123
HS1705p2228_a_2002_09_04T00_31_46_all.dat.gz,-17.996530188399877,13.280005597168598,0.32080638435979203,14862.56473146554,8.999999935459263
WD1249p160_b_2002_02_23T05_20_50_all.dat.gz,14.94516229409074,12.821691595397468,4.0681434968568295,27805.885007575285,7.956622560778769
WD1308m301_a_2000_05_23T03_18_46_all.dat.gz,2065.63852603931,16.831408330584054,3647.7450850526634,11501.680484451475,8.999849621281157
WD2350m083_b_2002_07_11T09_56_40_all.dat.gz,41.705394321966146,22.329456240618693,0.5597520962166513,19198.039178957915,8.182342786691542
WD2306p124_b_2000_09_15T02_06_57_all.dat.gz,69.19179852164993,15.436009871766334,2.655357240507089,22190.908321052295,8.814217212093789
WD1053m290_a_2000_04_23T03_07_04_all.dat.gz,91.01278210032537,9.398349139175671,61.22558964601144,10999.951416839049,8.999601693799141
WD2020m425_b_2000_08_05T06_52_07_all.dat.gz,1180.3575218336855,16.036974678115257,765.1640465145142,11499.900388352156,8.999999998924165
HS0943p1401_b_2003_02_25T02_01_34_all.dat.gz,25.950590589875475,31.290732005006348,0.8117983121599005,15125.450459017506,8.707432065633288
HS1648p1300_a_2001_07_26T01_11_45_all.dat.gz,13.928055247691892,16.64043621536325,1.3954299885905261,16115.85192669008,8.999999999980382
WD1952m206_b_2000_07_13T04_43_44_all.dat.gz,899.3063495070484,12.375425071766983,1204.346137386493,11639.681590869972,8.000010868037286
WD0011p000_a_2000_07_14T07_14_24_all.dat.gz,1168.4913958947516,9.1100226078471,3539.1650137863253,11999.963407300262,8.34486340586324
WD1356m233_a_2000_06_08T01_43_36_all.dat.gz,123.99338062470348,10.64225999827049,155.36115417345977,10999.97099655596,8.985854072725052
HE0222m2630_b_2001_02_09T01_51_28_all.dat.gz,92.66671358552324,30.364151561021693,1.1364962110596775,25596.605786702406,8.999999706488186
WD1116p026_a_2003_01_24T07_59_11_all.dat.gz,20.878504968603984,13.331353182759106,0.5745437185539912,13613.215846076539,8.99300676198084
HS0223p1211_a_2002_12_31T01_19_09_all.dat.gz,14.277924806296994,29.710600435522615,1.1034414835986086,16379.276794627414,7.100458827228387
WD1314m153_a_2003_01_20T06_26_22_all.dat.gz,67.51093529456651,17.47400012761538,0.18689188673433021,15013.26766522566,8.978161578700586
HE2230m1230_b_2001_08_23T03_40_00_all.dat.gz,21.75996307130456,20.316438066697547,1.1115223280007809,24212.659936182587,8.749780024287102
WD1919p145_b_2003_05_06T09_34_48_all.dat.gz,34.47352554117327,6.158893431401523,3.5007167210630623,15255.384304844487,8.713262156916388
HE2251m6218_a_2001_09_01T01_02_46_all.dat.gz,18.434374719437937,19.888656553257352,0.30182628322784993,16183.639428918754,8.999972505524225
HE0305m1145_a_2001_02_08T00_55_41_all.dat.gz,105.32062387003855,29.40835091810232,3.198955434285864,26742.101761412436,8.929534412559686
WD2021m128_a_2001_05_04T10_18_36_all.dat.gz,58.913973177921,25.79710626773145,2.3032461229050605,21906.11302842045,8.999999883889991
WD1019p129_b_2001_01_30T08_22_13_all.dat.gz,39.268327635913764,16.09343696763606,0.8321055916353292,18985.423781054815,8.223325474921214
HE0410m1137_a_2002_03_01T01_25_00_all.dat.gz,96.23105737574014,16.018035021377564,0.6457153656773797,15562.534170435161,8.999999999993477
WD2136p229_a_2002_07_10T07_33_06_all.dat.gz,-69.87493688037146,8.387109553834794,0.3283924425955135,9788.655056437705,8.999999926502937
HS2229p2335_a_2002_09_25T02_28_04_all.dat.gz,6.531670817446644,19.606920080207217,0.45822220016762055,21149.43397234758,8.739029473750705
WD1550p183_b_2003_08_11T01_03_06_all.dat.gz,40.84653303101725,14.995934407052944,0.2692806038136171,15168.12326517042,8.84240322618429
WD0018m339_a_2002_09_15T02_14_36_all.dat.gz,50.924024150965096,11.940611283426382,4.11571945180058,23153.974750665562,8.983313597699237
WD1330p036_a_2000_05_20T02_55_48_all.dat.gz,410.9084128519946,15.5808530190522,366.5443351684164,11000.000800622978,8.999988347299812
WD0956p020_b_2000_04_26T03_47_53_all.dat.gz,172.53619865379486,13.533546646273692,47.4896816483039,12499.80246870314,8.999998325684052
WD2330m212_a_2002_09_27T04_23_57_all.dat.gz,-33.86431176544658,27.110469735871497,2.065427974785176,26879.743177354496,8.534821103828566
WD1159m098_b_2000_07_05T22_58_12_all.dat.gz,1099.0806012351486,12.063029543428229,2141.3203166370536,11999.970588432747,8.278331698134128
WD0127m050_a_2002_09_19T05_30_57_all.dat.gz,-3.7049450757827467,19.67437062108278,0.5064992591840648,14999.907233628413,8.999974054813903
HE1522m0410_b_2000_07_30T02_21_33_all.dat.gz,64.65893759303069,15.961278881965406,10.440223050057664,10999.997683175221,8.999934143620893
WD1834m781_b_2000_07_13T05_04_46_all.dat.gz,807.1082274606493,13.73542437661348,972.7947961862487,11999.896032100376,8.01423928985375
HE0049m0940_a_2002_09_26T08_39_31_all.dat.gz,30.685968477720536,12.180243980617831,0.5454449980832371,13977.361356861831,8.26003492627488
HE1325m0854_a_2000_05_20T00_32_05_all.dat.gz,428.2161204032127,9.823973259868922,939.3489020647112,11000.000553307082,8.999999998604038
HE2231m2647_a_2001_09_10T00_52_47_all.dat.gz,15.065017691671349,18.376350954214715,0.7250165187306845,24999.987097507426,8.497032201344878
WD0226m329_a_2002_09_19T04_02_39_all.dat.gz,38.069236282943756,13.227666080265253,3.482684880531643,24966.0256180536,8.881569364574602
WD0307p149_b_2002_09_19T09_01_51_all.dat.gz,-26.232013218189525,24.116550971669607,0.6949767248989559,24356.35612949923,8.857955059838739
HE0508m2343_a_2001_04_07T00_23_10_all.dat.gz,122.04896328337814,26.55926751929561,0.0658580360119517,17866.43562498645,8.043582108382772
WD1310m305_a_2003_01_20T06_17_43_all.dat.gz,16.636292686621736,13.033688288890321,1.6666342633407045,22366.12653267984,8.666778678286352
HE2155m3150_a_2001_06_18T09_26_06_all.dat.gz,77.17058983263188,16.328873312506058,1.1532482989222284,17081.272631337528,7.705164185955262
HE0348m4445_b_2000_09_17T08_02_17_all.dat.gz,115.9587435339726,20.454260627360142,7.826806819587426,15641.21085031648,8.99999999995381
HS1102p0032_b_2003_01_18T05_31_33_all.dat.gz,7.630763727173003,17.44807552780663,0.3136978381096588,13835.937820962625,8.999999999469948
WD2115p010_b_2001_08_23T02_25_16_all.dat.gz,49.76721562374895,14.827285973108573,3.899667741568428,26622.781938666183,8.701666321785122
WD1614p136_a_2001_07_26T02_05_57_all.dat.gz,42.40489596804,10.10232519574187,4.339992000769355,25651.71691786233,8.20043201482953
WD1655p215_b_2002_09_23T23_45_56_all.dat.gz,60.9583876892276,6.9582487888617806,0.5214538178858497,8962.355051513574,8.999999999975483
WD0839p231_a_2002_02_17T05_09_04_all.dat.gz,28.695350390652845,13.731074024675799,1.854141239081509,27158.51008894692,8.225509590935554
HS0943p1401_a_2003_01_24T05_55_13_all.dat.gz,0.2537362137827859,29.159169382880695,0.31721719726086034,15976.90688122647,8.999999999972022
HS0315p0858_b_2002_09_22T05_23_07_all.dat.gz,52.58043522076926,20.078938960786548,1.1320562974782329,16460.65967069779,8.999995678776054
WD1220m292_a_2000_05_20T01_17_18_all.dat.gz,577.2205929568946,15.1335620142126,584.6798654083648,11000.000749004092,8.99999999996177
HS0129p1041_b_2002_09_27T07_18_24_all.dat.gz,59.474288763037336,18.421590880630273,0.42072720191531054,16999.747757706835,8.158862749840758
WD1448p077_a_2000_07_30T01_50_59_all.dat.gz,37.951193664912736,17.18341513879649,48.0704250563364,12499.910533101529,8.751573739713844
WD0710p216_a_2002_02_17T04_19_36_all.dat.gz,67.88851345317617,12.457218531680226,0.26983386811984017,10092.246852128634,8.999999999960904
HS0507p0434B_b_2001_12_15T07_06_35_all.dat.gz,41.4869093325431,12.524269186916888,0.347945047208931,13732.474672697086,8.999999994171596
WD0318m021_b_2002_03_03T00_55_34_all.dat.gz,58.58018882306978,17.687697675513423,0.11382230399036224,14443.398860886304,8.999999999997973
WD0114m605_b_2001_08_25T09_37_56_all.dat.gz,72.60875683710712,18.957978090563962,1.6590382110096193,26474.50007787892,8.536633381345379
WD1959p059_b_2000_07_06T05_18_04_all.dat.gz,1136.2194594073867,10.963329133753973,1949.829057480912,11982.410174912926,7.999997575548576
WD1116p026_b_2003_02_14T05_54_25_all.dat.gz,37.648277659069244,11.797622497149746,0.6589458520618,13974.381414730131,8.999999994609043
WD1015p161_a_2002_02_17T06_39_20_all.dat.gz,94.32851736253312,20.36316352564411,0.8480207591291741,24303.451546723187,8.99975446507721
WD2329m332_a_2000_07_15T05_15_24_all.dat.gz,1643.2262380313398,6.9831287825495565,4664.210606997597,11781.73568879514,8.000007373162797
HE2135m4055_a_2000_05_17T09_41_48_all.dat.gz,855.7852352382345,9.868312720034567,2383.6572383687517,10999.997252984984,8.999999035288141
WD2122m467_b_2002_07_27T05_39_07_all.dat.gz,44.64729475933779,19.259180530726706,0.8832493306943356,15268.729299047192,8.999999999822109
WD2351m368_a_2000_07_14T06_20_04_all.dat.gz,1514.8864785063965,3.587726153288031,19823.88902981975,11995.509560007153,8.000009422950924
HE0338m3025_b_2001_09_19T09_25_33_all.dat.gz,-1.143139838780991,12.112679687628134,0.30754489132893914,9676.125928228017,8.99991469891711
HE2251m6218_b_2001_09_02T00_12_35_all.dat.gz,7.724718085873446,24.986394379596668,0.226980468589271,15999.9985622288,8.999999992988855
WD1919p145_a_2002_06_01T09_53_45_all.dat.gz,35.919138723196305,6.365460761282378,2.3419577875305917,15420.442449299682,8.81913981215197
WD1425m811_a_2002_04_22T04_42_19_all.dat.gz,25.22923443799753,9.925088806644418,0.555453729315727,14476.048414043069,8.93218506448102
MCT0033m3440_a_2000_09_16T04_36_55_all.dat.gz,93.43940227196106,23.726183104291934,1.738316012765466,14835.600123893077,8.999999968604923
WD1410p168_b_2003_05_11T00_45_08_all.dat.gz,12.780756214696064,14.709557520725726,0.15531940738526337,23203.55732701542,8.161937240178087
WD1614p160_a_2002_06_18T02_28_34_all.dat.gz,-3.16140687786601,13.321164861503405,1.7690849952435748,15670.540779215513,8.999978264429444
MCT0138m4014_a_2002_09_15T07_28_06_all.dat.gz,63.14577844098299,20.202582099207877,3.284228548570136,23422.63418093942,8.9999888427106
HS0309p1001_b_2002_09_13T08_46_02_all.dat.gz,81.17128772983376,14.02516931627246,2.3180745794959106,18441.07815057262,8.101431412653028
HS1338p0807_a_2001_06_20T02_10_18_all.dat.gz,205.87427196459652,28.185259746865782,6.948145866068424,23689.73890865369,8.999999995469983
WD1953m715_b_2002_04_24T06_41_39_all.dat.gz,40.78907339002989,16.371205703730283,0.31196824080153684,22599.820223759587,8.609164727730988
HS1305p0029_a_2001_06_20T01_30_25_all.dat.gz,1170.4697182295374,3.9467487804403163,8.640744142164714,12999.77402645566,8.63163082144752
WD0133m116_b_2000_07_16T09_40_40_all.dat.gz,270.29419800615324,7.684549748092053,460.31083592813815,11227.640074680832,8.999999991720331
WD0033p016_b_2002_09_26T07_57_22_all.dat.gz,97.6769483155627,11.0905418491312,0.23345436599274139,10572.366593938237,8.999999999995527
WD2149p021_a_2002_09_23T03_45_09_all.dat.gz,54.67579928454253,5.395713168009312,13.710636148166332,17816.419447396293,8.347366773305719
WD1614m128_b_2000_06_08T02_21_04_all.dat.gz,572.0603802118711,13.995483025506815,637.1259513158228,11000.006810297433,8.999999997159746
WD0310m688_a_2002_09_19T09_18_15_all.dat.gz,71.08205287209671,5.061478967203449,6.238148881313153,15223.403500141205,8.999999913472534
WD1614p160_b_2003_08_11T01_12_26_all.dat.gz,9.290908296994449,17.082454527606746,0.6888257493367088,16079.478213583317,8.999995958162804
WD1503m093_b_2000_06_06T04_43_05_all.dat.gz,136.16034061187636,8.13348621844942,206.10367672117502,11695.929818178267,8.999999999071036
WD0352p052_a_2002_03_01T01_09_56_all.dat.gz,-50.43588469760206,22.57330824957468,0.2174046416872651,9679.30514959052,8.99999811359103
HE0246m5449_a_2002_09_20T06_52_14_all.dat.gz,39.218475703472095,22.970031062855963,0.21895984187012787,16564.624893542234,8.268066646134544
HS2220p2146B_b_2002_09_26T03_04_36_all.dat.gz,84.7572526348501,25.35423207088094,1.3234813164430934,20268.853959937587,8.999999989767106
WD0047m524_a_2002_07_27T06_21_48_all.dat.gz,37.295045036935626,8.975937841989698,3.820560297015124,19527.263092946,8.360351809431194
WD2039m682_a_2002_04_23T07_58_44_all.dat.gz,50.234377980902984,7.074606278640811,2.490442125598344,16531.226158297948,8.999999993756912
HS1527p0614_a_2001_06_20T03_39_48_all.dat.gz,129.95009507408903,23.3985955233496,3.290809335815825,13965.213652783936,8.499968506319805
WD2253p054_b_2003_08_05T06_06_26_all.dat.gz,27.48466163304275,35.61167252673521,0.283611002443538,54698.3508607267,7.00000080185217
HE0349m2537_b_2001_01_15T01_45_13_all.dat.gz,48.0972485274845,19.80652869631625,3.0121462254807163,23061.332361422577,8.99999999996569
HS1249p0426_a_2001_06_20T00_22_13_all.dat.gz,92.10357726038421,14.307461200135087,2.778884843754932,13330.697580115977,8.999999999817158
WD1609p044_b_2001_07_27T00_21_43_all.dat.gz,97.4698363168683,14.203802394956973,12.321600139632155,28697.730841736626,8.905640039603798
WD0307p149_a_2002_09_18T08_52_36_all.dat.gz,10.036314069862414,9.944546826838584,6.292214122901533,23409.783913541076,8.915997174043227
WD0954p134_b_2002_02_24T04_59_09_all.dat.gz,59.33228409996963,50.98595133148571,0.11876636265903952,16009.636140792625,8.9999999998635
WD1330p036_b_2000_05_23T01_16_32_all.dat.gz,2177.1199093425007,13.58871620584,3513.2776127786046,11182.47923621457,8.04279210938884
WD0308p188_a_2002_09_21T05_33_44_all.dat.gz,29.761877538644875,11.988795788537363,1.8285174234759145,16070.449755197085,8.999999842681971
WD2322m181_b_2000_07_16T05_46_26_all.dat.gz,1040.0073796472122,20.734593943900848,696.8818403272072,11000.00145828307,8.999997246201016
HE0418m5326_a_2000_07_18T10_06_00_all.dat.gz,1353.1046698025816,39.19216767203238,262.51418660312544,11000.00369938826,8.999999933267828
WD1620m391_a_2002_04_22T04_53_28_all.dat.gz,55.06659630193787,4.019797232074822,61.86735189927295,25668.88322285775,8.945126042538886
HE0452m3444_b_2000_12_13T06_27_50_all.dat.gz,87.02190842638124,21.657467349124957,13.321625631956133,15999.807551726502,8.99999999884576
WD1609p135_b_2000_06_10T05_22_41_all.dat.gz,185.90180001786823,9.031496399735474,103.95972855182134,10999.70348668957,8.999999993781318
WD1845p019_a_2001_05_04T08_28_14_all.dat.gz,28.697318117027166,14.57782011249262,17.139598197562872,29270.797168276134,8.999999997586723
WD1426m276_a_2000_07_05T03_56_19_all.dat.gz,305.45655984876544,15.615844395228294,167.104667944333,11289.818998588176,8.999999747389179
HE2133m1332_b_2001_08_21T01_46_31_all.dat.gz,11.66257004667543,6.156069357500367,0.8597142030396623,9785.948041690945,8.999995169509699
WD1420m244_a_2000_05_20T03_23_55_all.dat.gz,1088.8489844275866,20.80161633827754,481.6402371429186,10999.997591927025,8.999978851946427
WD2324p060_b_2002_09_27T03_55_12_all.dat.gz,13.759835463888443,10.772766152632947,2.228514337708471,15056.684148057813,8.999999994204654
WD1058m129_d_2002_04_23T04_56_27_all.dat.gz,73.7524473799546,24.593552167564656,2.08184995345307,24379.83473024266,8.999996250135585
HE0344m1207_a_2001_02_06T02_57_09_all.dat.gz,53.544707332361206,27.754449670036912,0.22937525129987793,13700.07488010567,8.843135170180348
WD0048p202_a_2002_09_19T04_52_51_all.dat.gz,16.722647824781482,25.30949037376969,0.6878155952961594,21896.48925836992,8.874496245178621
WD2350m248_b_2000_09_16T01_53_04_all.dat.gz,135.3031768795472,19.025665894382946,11.878042247173102,27691.068783424562,8.999999999622979
HE1012m0049_a_2000_04_21T02_53_07_all.dat.gz,432.4779839740605,17.603356108792752,270.43570912048216,11244.35168935058,8.999999980145718
HS1102p0934_b_2003_01_18T05_18_04_all.dat.gz,-13.94251337748732,47.17766727942246,0.633869028070272,11503.507394627553,8.998788381055974
HE0106m3253_a_2000_12_07T02_53_55_all.dat.gz,84.06308974644429,17.855368757347122,2.8763738879844123,18004.97002686689,8.999999996454564
WD2248m504_b_2002_05_22T09_54_15_all.dat.gz,-13.16372457401978,21.832741756265197,0.39857208665500293,14928.533958353293,8.99999999988294
HS1616p0247_a_2002_06_18T01_59_12_all.dat.gz,21.69364764305914,19.901403275149804,1.7372850989312052,15999.763700476991,8.999999153637326
WD1049m158_a_2002_04_23T03_03_42_all.dat.gz,106.44841720633787,12.213993277342517,4.293073001945116,19626.151277466648,8.999999999960526
HE0507m1855_b_2000_09_17T08_17_23_all.dat.gz,93.21125652913607,23.51035558020901,6.3672820513328965,15819.577418425093,8.999999998593431
WD2058p181_b_2002_09_21T02_52_18_all.dat.gz,-24.001157260716536,16.717091976513384,0.6673436538442313,17360.234666876684,8.09053450058086
WD0937m103_b_2002_02_22T04_16_08_all.dat.gz,93.0869994120168,16.183145743700265,2.166064202375217,17170.314159300604,8.99999999998988
WD0102m142_a_2002_09_12T08_43_02_all.dat.gz,35.396183072497855,14.07447827544887,3.090803267240663,22039.632620379612,8.999999982085985
WD2350m248_a_2000_08_05T08_14_49_all.dat.gz,1239.8734404635766,15.01792327237547,1355.8883903729973,10999.991276297565,8.99999864612741
WD2336p063_a_2002_09_27T04_52_23_all.dat.gz,61.88979439613809,18.006323537989026,1.2173914072973773,15501.964193501384,8.999999999947859
HS2046p0044_a_2002_09_04T03_10_23_all.dat.gz,59.94184731125912,25.827046948688086,1.266076137544463,27429.650726613076,8.746265671803659
HE0255m1100_a_2001_02_09T00_38_09_all.dat.gz,4.7220333681505275,32.523179361184475,2.65785622407753,10549.041345036856,8.999999999865155
HS1013p0321_b_2003_01_24T04_46_28_all.dat.gz,14.128219902585991,17.369319827391813,0.1708385634932824,14221.2884111295,8.99523873170137
WD2312m356_a_2001_09_11T03_59_53_all.dat.gz,34.73311511874221,17.036633624530467,0.3584895146098323,14423.794577132596,8.670789288749848
HS2229p2335_b_2002_09_26T03_32_58_all.dat.gz,2.6340605341401995,18.923081791000897,0.26660770637717496,21652.414224316828,8.591219370813858
HS1641p1124_b_2001_07_27T00_52_11_all.dat.gz,53.52239883992151,18.350645031838535,0.07475740191410178,13975.917682350706,8.868643946572897
WD2328p107_a_2002_09_27T04_09_10_all.dat.gz,67.91962255132627,13.170200077884672,3.313229294628867,25054.134635388244,8.821605724265806
WD0231m054_a_2000_07_12T08_57_02_all.dat.gz,180.33680863935336,10.970822727848983,79.83628970420897,14053.878820182901,8.999999450660065
WD0133m116_a_2000_07_12T07_27_46_all.dat.gz,215.2146087157222,10.977990238455291,112.32908173393318,11818.745722489766,8.999999999974518
WD1241m010_a_2000_05_20T02_38_58_all.dat.gz,1082.8065059920377,8.834664365567846,3373.3627923760187,10999.989651604854,8.999871169626037
WD2046m220_a_2001_05_04T09_47_34_all.dat.gz,-1.0663670598974577,13.507044470754524,8.064703920911162,24999.738982752933,8.998805843623552
WD0352p096_b_2002_09_21T05_23_29_all.dat.gz,58.15235443367647,13.23363095480152,0.30656521823858984,15305.207002782952,8.52834572762653
HE0245m0008_a_2003_01_16T02_40_10_all.dat.gz,20.560829098773695,46.177247484403026,0.27639235976165016,19297.447505585893,8.374814000220645
WD0352p096_a_2002_02_19T00_52_05_all.dat.gz,121.24803964980244,10.281750777001143,0.6009362120498833,15465.209331558386,8.675358726118755
WD1125m025_a_2003_01_18T06_05_28_all.dat.gz,70.41399189871184,22.946241468434017,7.993199673367134,29999.93515269815,8.999997222454002
WD1449p168_a_2002_04_29T06_25_33_all.dat.gz,99.82693554131275,22.498990666431,0.5221830606985352,25249.39744936022,8.593842458542976
HE2356m4513_a_2001_09_11T02_57_10_all.dat.gz,58.42038500416098,18.11353874691788,0.4144412673466486,17716.41483699631,8.111497062482874
WD0016m258_a_2000_09_16T03_01_09_all.dat.gz,67.42866602010952,17.145994179159892,0.544253523546801,11706.941852149144,8.999999998645556
WD2137m379_a_2000_05_21T09_37_38_all.dat.gz,932.7199338060789,26.078189061874355,347.14290277252644,10999.997153522681,8.999999999998444
WD0310m688_a_2002_12_03T05_21_40_all.dat.gz,76.8642567818993,4.845936603835973,7.310391478685206,16519.123756198736,8.22762886360996
WD1420m244_b_2000_05_23T01_57_08_all.dat.gz,-4.531270738966908,23.31245353063062,330.1728069856124,30546.882871588892,7.033096234122081
WD0310m688_a_2002_12_03T05_27_55_all.dat.gz,73.73321960861507,6.287931085977945,3.832848160810355,15312.837712001894,8.999994611584613
WD0024m556_b_2000_08_05T08_30_01_all.dat.gz,161.27115252262257,7.908090211110249,126.70593261268473,10999.959915429205,8.9997859316595
WD1031m114_a_2001_06_26T23_20_00_all.dat.gz,90.71437090606294,6.956014117582058,20.216388080029756,25745.207148471796,8.876764036831782
HE0324m2234_b_2002_09_14T09_26_22_all.dat.gz,57.081296927174506,20.53602396239334,0.7149216873463439,15105.295937913774,8.999999987490352
HS2220p2146A_a_2002_09_25T01_38_57_all.dat.gz,26.3889064472099,28.434530406217775,0.08835056387320155,14925.011847680133,8.000000278376607
HS2244p2103_b_2002_09_27T01_49_56_all.dat.gz,84.6697081464651,22.33230995015936,1.5813556551039545,25769.04229640203,8.997254008711831
HE0425m2015_a_2002_09_23T07_04_21_all.dat.gz,70.42849521321223,27.365055563316734,1.32469568016053,20758.13274040597,8.999999997272768
HE0204m4213_a_2002_09_15T09_13_55_all.dat.gz,12.888251067579393,22.62195571262826,2.6744228494902433,16185.669311401558,8.999999980539464
HS0200p2449_b_2003_01_17T01_05_57_all.dat.gz,73.33832219437359,24.372410739642465,0.27605141104011727,25756.90568730379,8.725879547837247
HE0032m2744_a_2002_09_15T03_00_04_all.dat.gz,72.03991522488658,23.504193727393446,2.602368086177851,25195.737608300187,8.999999999994115
WD0151p017_b_2000_07_15T08_13_37_all.dat.gz,1822.104842544337,1.4793063187073585,185956.6486426309,12000.0,8.0
WD0058m044_b_2000_07_16T07_17_41_all.dat.gz,653.3915203103235,16.497888228147758,569.2208388102185,11999.980381481662,8.000864409942139
MCT0136m2010_a_2000_07_18T08_36_15_all.dat.gz,165.3710906416447,10.447903462330999,101.4204501099857,9931.018410956953,8.999999999557957
HE0308m2305_b_2001_02_07T01_44_01_all.dat.gz,104.80694097241356,14.550831460675376,7.6884021657478465,23871.62967290914,8.999999996522675
WD0032m177_a_2002_09_18T03_30_10_all.dat.gz,22.077295737370388,29.037831660924905,0.5991743097630805,18302.36367456827,8.999999999550285
WD2253p054_a_2000_08_05T07_47_51_all.dat.gz,23.439905831891924,24.332182633406337,1.6425280507359685,49941.832080390144,7.000374176260087
WD1332m229_b_2000_05_22T03_04_39_all.dat.gz,616.5392578181121,25.694045301790993,229.17204935977915,11000.002118645769,8.999999968529224
HE0426m1011_b_2002_09_23T07_35_52_all.dat.gz,72.32880134404844,13.56133346700921,3.6021826750447,15680.3709014962,8.999999999969175
WD1531m022_b_2001_08_16T01_59_31_all.dat.gz,81.66629973184452,9.574626767183616,2.5642361562923295,19206.447491084808,8.915382603473669
WD2115p010_a_2001_08_24T01_54_24_all.dat.gz,37.17878144678672,13.469535366900685,4.321093725805254,26475.701979425583,8.56438305070926
WD0859m039_b_2001_12_18T07_46_58_all.dat.gz,3.008875392516474,12.070100813658936,5.102987470794429,25276.603676341914,8.713836689507746
HE2334m1355_a_2002_09_27T04_37_55_all.dat.gz,83.72309178299398,15.961388539025975,11.66749546437877,30146.799686186594,8.385271053278032
WD0859m039_a_2001_12_13T08_21_50_all.dat.gz,5.97745556599644,5.904515944526983,26.20024419016599,25236.38893176664,8.885295165270616
WD0911m076_b_2000_04_26T02_56_49_all.dat.gz,219.7759457356482,15.515225774994335,73.47699509878868,11999.923033214032,8.999999873319771
HE2231m2647_b_2001_09_11T03_32_59_all.dat.gz,16.192953712878392,20.529405918324798,0.27161439383650354,25053.484211357838,8.288583643828847
WD0102m142_a_2000_08_05T09_50_38_all.dat.gz,679.4772123619873,18.67281645127497,514.6744021177872,10999.99678669863,8.999999999968916
WD2254p126_b_2000_07_15T04_51_07_all.dat.gz,1602.8108077714583,1.7625501273103055,90167.37326059729,12000.0,8.0
WD2220p133_b_2003_09_01T05_29_31_all.dat.gz,50.69401556634003,13.304358149769477,4.998979416949066,23118.00814737164,8.999999999994948
HS1432p1441_a_2001_08_21T00_15_47_all.dat.gz,93.70544220090441,20.798913921187065,0.1495191339752867,17206.57128147431,7.96792038417087
WD1425m811_b_2003_03_22T08_53_48_all.dat.gz,11.20301617227498,6.508413576461879,0.9068672140615169,14281.634821226777,8.919526868487464
WD1010p043_b_2002_02_24T05_15_10_all.dat.gz,110.45616936706733,35.12630901220145,1.7336768349640248,27656.643796292836,8.816115713299927
WD2139p115_b_2000_06_09T10_17_40_all.dat.gz,298.4195774154467,19.264404255717352,165.64246326611251,11500.03035504678,8.999999999700341
WD1334m160_b_2000_06_11T01_00_43_all.dat.gz,735.9698924093796,13.821757693765335,971.5138756500272,11000.000568778638,8.999999994557546
WD1053m092_a_2000_06_07T23_42_29_all.dat.gz,885.1669830509547,27.253480315782497,313.2470150108906,11000.010606268015,8.999999806690692
HS1705p2228_b_2002_09_21T00_20_01_all.dat.gz,-14.881503557685667,15.230403459810526,0.20301468711418913,14917.627097875215,8.978633294631626
MCT0033m3440_a_2002_08_15T09_54_11_all.dat.gz,57.39797397430643,19.364069477211235,0.6520094171199909,15441.599256474774,8.936462950368075
WD0212m231_a_2002_09_20T05_27_24_all.dat.gz,72.78885036798778,28.277282463751355,2.179730884835559,26332.74853448892,8.96276792929804
WD1129p155_a_2002_02_17T07_26_32_all.dat.gz,37.0096650787288,11.339579536498837,1.4362526439709955,16212.538349664554,8.99999999998335
WD0344p073_a_2002_09_22T07_05_25_all.dat.gz,20.709728608544648,26.638790279366827,0.09128629751833917,11539.660854559275,8.997042005593986
WD2134p218_a_2002_07_10T07_13_18_all.dat.gz,14.3695002600345,10.59870011412202,2.0265893713158833,15862.334917508513,8.999999972619975
WD1500m170_b_2000_06_11T01_41_54_all.dat.gz,1660.7101187131457,13.175916369988954,1983.0788588763432,11471.873610010083,8.999999583957141
WD0226m329_b_2002_12_08T06_18_12_all.dat.gz,52.61697621543459,8.260173476126692,8.262316905036636,24999.736382143798,8.927216894497873
WD2151m307_b_2000_08_05T07_14_15_all.dat.gz,1130.608455464883,14.63899069065178,1037.8603754824012,10999.998945784671,8.99999999996961
WD0956p020_a_2000_04_23T02_34_43_all.dat.gz,252.72775189800944,16.44439963793785,104.37311542806586,11958.205159697736,8.999999889144561
WD2051p095_b_2000_07_06T05_31_41_all.dat.gz,1261.3084458037906,9.208453693588808,2814.712337495248,11999.745792082278,8.000007698337903
WD2039m682_b_2002_05_20T09_53_03_all.dat.gz,55.82456946679154,7.641077131279079,3.345781550520718,16406.96267997173,8.999999999505105
WD0320m539_b_2000_08_05T09_15_57_all.dat.gz,1505.826290972021,21.23840325023309,816.3072749959653,11499.976796699066,8.999790351443378
HS0507p0434A_a_2001_12_15T07_20_58_all.dat.gz,39.867340211603945,11.707779290059815,0.2596972065478028,22701.918301845024,8.166815888141466
WD1233m164_a_2002_04_22T23_43_05_all.dat.gz,90.7668824450817,23.36200014006208,0.5036619867848586,25456.332318037665,8.4835563492178
WD2240m017_a_2000_06_10T09_41_34_all.dat.gz,93.58226708249101,13.975559823667616,53.716808004480725,10999.953357355913,8.999999780303652
WD1257p032_b_2001_02_02T09_11_55_all.dat.gz,13.81783684762099,13.161011130671051,4.517371088071123,15847.290576845251,8.99999054930748
HE1518m0344_b_2000_07_06T03_17_55_all.dat.gz,2211.17329491755,10.284236766716049,4656.835772842819,11000.004561568076,8.999893359017682
WD1501p032_b_2001_02_10T08_12_40_all.dat.gz,-26.488136455664343,16.478434461010046,1.7083008079993562,14807.028929742955,8.423971203277754
HE0257m2104_b_2002_12_08T06_41_18_all.dat.gz,91.75701523611042,21.145579027789474,3.2472625967138353,14741.548613041952,8.999999999970917
WD0052m147_b_2002_09_27T06_41_53_all.dat.gz,105.40319835141875,11.584463330035817,17.27944188973852,25104.226177447643,8.999999618133103
WD1241p235_b_2002_02_21T08_53_49_all.dat.gz,-3.732132454692271,18.31864256276497,0.8413105753351335,28012.829965045414,8.20716582051045
WD1229m012_b_2000_05_22T01_16_04_all.dat.gz,82.4903889386501,11.404541190445599,31.353487329394177,15637.224451749084,8.999999999990376
WD0558p165_b_2002_02_21T01_07_41_all.dat.gz,122.9573471880779,14.49855249117968,0.9436787659277256,16077.406936177695,8.999988841799944
HS1144p1517_a_2002_02_23T06_53_05_all.dat.gz,45.407594293845804,22.822938035573657,1.2511154507546713,12537.051222385518,8.999999999941142
WD1911p135_b_2000_05_18T09_42_25_all.dat.gz,86.5514387234243,12.152125300583648,67.59893245023198,12499.965892821047,8.695868357152829
WD1932m136_a_2000_05_23T09_52_28_all.dat.gz,2175.5947366035753,9.390413764130926,7058.282777116701,11517.03221266394,7.999999994003272
HE2221m1630_b_2001_08_23T03_06_53_all.dat.gz,74.99642470937337,13.843461349147589,0.3123327321908606,9974.103320588361,8.999991477589868
HE0416m3852_b_2000_12_17T05_27_10_all.dat.gz,68.20581821331723,23.213839878130763,0.7706410644182322,20728.601381394248,8.689081526660864
HE0418m1021_b_2001_12_27T04_22_26_all.dat.gz,121.25371125616236,16.39956068807595,3.242211150102439,25082.697563453436,8.999999999969358
WD2149p021_b_2003_08_10T07_06_05_all.dat.gz,31.8405945724899,5.61397732264162,9.004348929730215,17959.742493333943,8.424013957902325
HS2138p0910_b_2001_08_20T01_44_49_all.dat.gz,-28.155433667476466,10.408782145177733,0.2908196902081205,9037.789634060984,8.995516887526481
WD2336m187_a_2000_07_13T06_32_50_all.dat.gz,284.7130667835115,14.03333764737684,275.4873737595513,11000.000324796263,8.999943117567678
WD2314p064_a_2002_09_26T05_36_29_all.dat.gz,44.58172285583319,17.418056558748233,0.720186550292333,15999.954584690357,8.999999660555547
WD1049m158_b_2002_12_08T07_22_36_all.dat.gz,65.7556764819254,12.290900741566158,5.9165152482363945,19149.73409272675,8.999999960494005
WD1105m048_b_2003_01_17T06_18_04_all.dat.gz,28.059592480141212,6.297094854113135,5.015262038850916,14972.743017899844,8.99060922203924
HS1646p1059_a_2001_07_27T01_50_31_all.dat.gz,48.7438387823974,19.53797384197598,1.8162427924602995,20932.96304531108,8.810094612630117
WD2058p181_a_2002_07_10T06_54_05_all.dat.gz,-49.225833747911715,13.897413490686162,1.347553511103265,17562.517745358058,8.180808048598895
HE1310m0337_b_2000_07_15T00_55_51_all.dat.gz,1695.8711401595237,10.787819254519263,3484.1325875980156,11792.022244101476,8.000009824448501
WD2007m219_a_2000_07_13T04_53_20_all.dat.gz,306.5579196475816,8.079310454471937,1252.0796527581144,11000.005049698806,8.999218798443602
WD0018m339_b_2002_09_18T02_33_16_all.dat.gz,51.09692025965986,13.122748542857828,3.3082338665672593,22573.381950927418,8.881412237253537
WD2349m283_b_2000_09_15T03_42_51_all.dat.gz,57.92450688533743,13.762433421614848,4.0844528321070115,17603.42421845508,8.274679957629079
WD2152m045_b_2002_09_23T03_55_10_all.dat.gz,52.80006065945672,24.15216916167091,1.6534942317791474,24999.892369516714,8.69368048847587
HS2233p0008_a_2002_09_25T02_42_28_all.dat.gz,82.70532107135796,9.24880923962585,12.588130574835326,25213.135992603162,8.999999999377804
WD1619p123_b_2003_07_19T03_55_58_all.dat.gz,27.536861223927257,16.541065862211198,0.21229463033944854,17240.364185724145,7.854816418965453
WD1149p057_b_2001_02_06T04_24_53_all.dat.gz,-31.584492216240648,18.687750907118115,0.13981440848448046,12274.267261326953,8.99999999061794
WD0108p143_a_2000_07_14T07_38_37_all.dat.gz,22.731335111865288,25.716676278354527,31.132315118650872,26644.193729485673,7.000000000049997
WD0032m175_b_2002_09_25T06_31_43_all.dat.gz,33.89631361708289,9.62376847959232,0.37855843860094346,9554.616109496135,8.999999999967335
WD1501p032_a_2001_02_07T07_56_47_all.dat.gz,-48.553803165396644,16.66261614412774,1.187226821858189,14804.416883547801,8.827724133638187
WD0227p050_a_2002_09_19T08_15_09_all.dat.gz,15.713590327441738,6.73811080337845,11.512957034890523,19399.26536871598,8.37388956747057
WD0032m175_a_2002_09_18T03_21_12_all.dat.gz,33.44728971668933,9.355769276150914,0.3454034123550533,9513.699503749085,8.999999999759705
WD0155p069_a_2002_09_19T06_59_31_all.dat.gz,12.08773043890378,25.53134498672329,1.3733945760505684,24391.29387457654,8.612206941569976
HE2220m0633_b_2001_08_23T02_52_16_all.dat.gz,54.81224104578826,15.837869747068773,0.7016057139684488,14807.915650706744,8.998673951230169
WD1229m012_a_2000_05_20T01_44_25_all.dat.gz,667.1798409618568,11.952956672005541,1259.138294919492,11000.0015063344,8.999999886048311
HE1511m0448_c_2001_07_18T00_00_21_all.dat.gz,321.61743052000963,37.76177356465817,30.42326150098459,38541.85648477113,8.999999991263604
WD0124m257_a_2000_07_13T07_40_59_all.dat.gz,1637.2089779408566,18.771349009793084,927.1311440117839,10999.99735868437,8.999309262992758
WD2007m303_b_2003_05_06T09_46_24_all.dat.gz,55.54193077632554,5.2324856038081045,8.541238928217355,14741.020488445516,8.952884334594195
WD1017p125_b_2001_01_30T08_07_47_all.dat.gz,10.802449191080534,17.936333527657062,2.6803328860100053,23839.70543876882,8.99668047402793
WD0852p192_b_2003_01_24T03_55_01_all.dat.gz,-2.0707694130783834,23.864221547958458,0.09378069004837791,15267.368852313486,8.352315007263874
WD1124m018_a_2002_02_23T07_58_46_all.dat.gz,-3.560303246634002,17.3847634714623,1.596763811398219,25947.26485291293,8.235818915805325
WD1640p113_a_2001_07_18T00_55_06_all.dat.gz,78.53510040978088,19.234368776396316,2.9317739307475703,15617.991255364577,8.99999999996608
WD1918p110_b_2000_05_24T08_57_55_all.dat.gz,1826.7244138383537,0.8312116769964177,529275.3515603819,10999.997658065224,8.999979654519395
WD1342m237_a_2000_07_14T00_39_56_all.dat.gz,1581.3834038925033,6.255092854031204,10111.23634767155,11999.755475028025,8.000000671022576
WD2347p128_b_2000_09_17T04_11_38_all.dat.gz,-4.2277796610233125,18.097332185460658,0.1406357438889981,12255.920115381436,8.99999999992299
WD1015p161_b_2002_02_22T04_59_16_all.dat.gz,82.55380400870519,14.59787623682221,1.9426880812378575,25429.71309092982,8.999999975896575
WD1022p050_a_2001_01_10T09_20_04_all.dat.gz,76.25001029342907,14.412184816618293,0.2956178400280649,15658.854691752322,7.457485786893359
WD1918p110_a_2000_05_23T09_38_12_all.dat.gz,103.98963766875727,23.36315364051388,389.9502031042423,26813.475711304385,7.041827646746382
HE0423m2822_a_2001_12_04T06_28_50_all.dat.gz,83.73497940991476,33.85508806053244,0.6637608845670062,11242.13204335616,8.999999999962665
WD0110m139_a_2000_07_13T07_26_12_all.dat.gz,1641.3493956813918,11.29245241668184,2122.7314914091953,11941.483244482155,8.000001027834347
WD0922p183_a_2002_02_24T04_08_07_all.dat.gz,62.92102833610819,35.95957050467709,0.5090139267276186,25263.57559497938,8.708054385888902
WD1349p144_b_2001_02_08T09_14_01_all.dat.gz,-46.85656933093937,14.525322793011732,1.6552040962095944,17536.005074349676,8.061749598391163
WD0227p050_b_2003_08_31T09_19_46_all.dat.gz,7.995187856921874,5.802071642713161,15.22247498362727,19483.844163824077,8.38247049487692
WD1531m022_a_2001_07_22T00_33_31_all.dat.gz,118.89701966859886,11.477743316107656,4.531815455204628,18396.391520485093,8.999999998208038
HS1243p0132_b_2003_01_17T08_08_17_all.dat.gz,-18.168118693373188,27.216429079485682,0.6690737828885847,23595.482715433576,8.843764470905581
PG0922p162A_b_2002_02_22T02_36_48_all.dat.gz,115.32661402028313,24.661090988396552,1.399672780603245,25197.948511095685,8.999999999961293
WD2326p049_a_2000_08_06T04_17_51_all.dat.gz,84.3507387962882,5.901637876528447,130.27438495676705,11442.46400320673,8.99999999996798
WD1056m384_b_2001_06_09T00_36_12_all.dat.gz,102.5456472979641,11.0458003580912,15.20919547862392,26832.098504632795,8.967378456676379
WD1249p160_a_2002_02_21T09_10_35_all.dat.gz,4.419005624835617,14.131350201865924,2.0265054467709205,27563.160300343883,7.899444499136001
WD1126m222_a_2000_04_23T04_10_57_all.dat.gz,338.96016612180915,19.79244460384203,100.57696814075587,11000.000259136006,8.99999999996928
WD2324p060_a_2002_09_26T07_19_18_all.dat.gz,-15.50856288161785,14.46738142683908,0.5662091673756189,15511.002487486787,8.999999999971367
WD0352p052_b_2002_09_13T09_27_41_all.dat.gz,-97.43414034603501,17.16715563932702,0.6415308658097092,10537.128631040547,8.999999999435017
WD1342m237_b_2000_07_17T00_51_03_all.dat.gz,1987.8863343847377,10.282548380412095,3613.7836082051417,10599.651693473024,8.918963633127492
WD1619p123_a_2002_08_04T02_44_34_all.dat.gz,34.01880823190095,14.857464750418899,0.763604259974789,17062.010423253974,7.983140381163162
HS0331p2240_b_2003_08_11T10_00_18_all.dat.gz,20.233298610975343,17.640275775942417,1.0563599483730797,24493.21879953491,8.760940688317934
HS1305p0029_b_2003_01_17T08_36_09_all.dat.gz,-8.782865321739617,19.705774374328445,0.8097913176539939,13893.760599300866,8.999999999979966
WD0446m789_a_2002_12_03T06_05_20_all.dat.gz,47.20224195375049,9.239353095450443,3.264960609940102,25926.847305575782,8.475093233527193
WD0341p021_a_2002_03_04T00_40_41_all.dat.gz,-17.968500819517548,22.801513295372498,0.15218082350940693,26481.938736710857,7.915546528351702
WD1126m222_b_2000_05_19T00_41_52_all.dat.gz,196.40642190339008,19.888942120550354,36.412920419174455,11314.383319608241,8.999999999780265
WD0951m155_b_2000_04_26T03_24_58_all.dat.gz,246.44138222175178,18.733595409656346,89.70138540037757,12000.01818884107,8.99999998782195
WD2240m045_b_2000_06_06T08_22_06_all.dat.gz,1900.9881234431737,16.23886779594011,1400.2457589208077,11000.470635886613,8.999999998579671
WD0250m026_b_2002_09_19T08_38_03_all.dat.gz,44.43297253728494,15.499974398445909,1.0932907424015672,14326.11182316866,8.99999954151248
WD1914m598_a_2001_05_04T08_53_48_all.dat.gz,51.15651584686374,14.839402488391865,3.283657746025566,21495.713887239464,8.798505216509698
WD1305m017_b_2003_02_14T06_23_35_all.dat.gz,123.7052442271743,95.18680373161783,0.7522278416090504,46203.09523551146,7.653351869897646
HE2356m4513_b_2002_07_11T08_52_25_all.dat.gz,74.61363096026956,26.94543752876317,0.9520373843314113,16032.933121460928,8.999999997909974
HE0204m3821_b_2002_09_10T08_42_02_all.dat.gz,26.578736225612438,14.656110627857508,0.7308965284558993,14774.535510984635,8.422832183522866
HE0130m2721_b_2002_09_27T07_32_41_all.dat.gz,62.36595430000901,19.493462296190472,2.3299890571200477,22857.97892646502,8.999999999983686
WD0048m544_b_2002_09_14T03_21_21_all.dat.gz,47.640184719406655,11.86687261606723,2.019584466317515,16061.71561400598,8.999999995083028
HE0303m2041_b_2002_09_27T09_13_45_all.dat.gz,32.79743903549932,12.93013149798912,0.3515461782752805,10036.416142478509,8.999999751148685
WD1515m164_b_2000_06_11T01_57_49_all.dat.gz,603.2715233973396,68.2112504265948,31.163621294263645,11999.969459312852,8.001693797667418
WD1204m322_b_2000_05_17T03_16_47_all.dat.gz,875.3977138896512,29.49240836366289,260.8855683203783,10999.991800470852,8.999999721052465
WD0103m278_a_2002_09_15T03_50_28_all.dat.gz,52.06727844330936,11.4861345852891,1.4542447938398964,13972.581207209652,8.499960260002457
WD1031p063_b_2003_01_24T05_00_09_all.dat.gz,30.73754409319485,26.415986754743468,0.3713266072099928,23884.765432150318,8.570596408610195
HS0949p0823_b_2003_01_24T06_38_52_all.dat.gz,16.11499834694495,34.196212444814314,0.14484128181392353,14192.972895626817,8.573039729909238
WD1620m391_b_2003_05_12T07_02_53_all.dat.gz,52.51817407244699,4.6330621591900325,20.612337095089437,26109.82941176868,8.70063967679425
HE0426m1011_a_2002_03_05T01_10_26_all.dat.gz,131.7554795489831,10.570198045547698,1.3870257440659735,15539.687073178282,8.999999999890306
WD2039m202_b_2003_06_22T09_33_56_all.dat.gz,-7.335856417988976,5.587720069015162,8.329025902524139,21385.899365899728,8.530909178478714
WD0558p165_a_2002_01_21T02_47_44_all.dat.gz,93.13532115263928,14.79547015939557,0.5144798718717963,17250.646370281884,8.435939328741167
WD0950p077_a_2001_04_10T01_47_27_all.dat.gz,28.47817992723742,17.241142886879658,0.45596284198973974,15663.04546951292,8.523239377511212
WD1105m048_a_2002_04_23T04_32_22_all.dat.gz,79.6535475304708,7.081165101437016,2.5495276536064013,14886.40872514573,8.999940408075489
HE1258p0123_b_2000_07_02T02_25_08_all.dat.gz,603.1304886220479,20.921562436624697,317.69338668095486,11743.639124846857,8.000003700570252
HE2356m4513_a_2002_07_11T08_40_10_all.dat.gz,60.436888161206625,13.965923156864118,2.2912179619428397,17116.151224310717,8.235388041102585
HE1307m0059_a_2000_07_14T00_10_34_all.dat.gz,1922.1066901928098,7.565740221408873,8779.20521377695,11792.187070774531,8.000005656295906
WD0140m392_b_2000_07_16T09_30_54_all.dat.gz,683.7400567397333,13.645876403768284,965.9901971021226,10999.999129240681,8.999965127383724
WD1124m018_b_2002_02_25T06_43_25_all.dat.gz,85.9167710843793,22.642139244736438,0.763510070319756,25756.336961513625,8.217547363263572
WD2115m560_b_2003_05_13T09_32_34_all.dat.gz,-15.103528381449852,9.531107772900876,0.2540367460918699,9407.519190917628,8.999872277532038
HS1249p0426_b_2001_07_23T00_07_55_all.dat.gz,-19.330502738005976,17.042819322158095,7.229734067686531,13688.289137991858,8.49996040510917
HS0400p1451_b_2002_09_21T06_42_08_all.dat.gz,66.99904854650025,10.371868379674275,0.8324179460119846,15409.839535063176,8.599335084245727
HE1325m0854_b_2000_05_22T00_57_57_all.dat.gz,710.0716267747392,11.68112984363512,1195.1088034451082,11999.932439947977,8.146067607319427
HS0315p0858_a_2002_09_21T08_23_21_all.dat.gz,56.72752176228268,17.420407959497407,1.346399502138223,16363.019460414926,8.99998817242118
WD1655p215_a_2002_09_04T00_51_20_all.dat.gz,63.42569225108449,7.771603900060249,0.3863371640863033,8952.73089956978,8.999999999978815
HS0345p1324_a_2002_09_22T07_34_34_all.dat.gz,58.73097522552958,25.93412854691903,1.7160567558117572,25547.133647811188,8.999999999984494
HS2138p0910_a_2001_08_24T02_40_54_all.dat.gz,-32.16189639642105,9.630339059428833,0.2937518455744396,9134.834683233861,8.999999999959808
WD1053m290_b_2000_05_17T01_25_10_all.dat.gz,207.0300584829057,15.136021476874916,117.38521340018661,11000.001769891951,8.99995997374651
WD0426p106_a_2002_09_23T08_05_49_all.dat.gz,44.949618247585285,27.80262605147535,0.054072596731356684,10007.872570091044,8.99999993444283
HS2148p1631_a_2002_09_23T02_12_59_all.dat.gz,27.658147087685116,18.06699958412286,0.49092102097024803,17009.058600965083,8.054145455305944
WD1401m147_b_2000_07_17T01_23_49_all.dat.gz,2131.290222533309,19.72997162454135,2273.000490775717,11440.439724584634,8.999999999944018
WD0127m050_b_2002_09_27T07_09_45_all.dat.gz,19.966340099837826,12.321584682704644,3.0462201753825116,14822.650303678123,8.999999999515113
HS2059p0208_b_2002_09_22T00_37_50_all.dat.gz,58.75738804559454,27.170308841380933,1.5466580397441945,15548.693056315527,8.999999258579798
WD1230m308_b_2000_05_22T02_05_41_all.dat.gz,1459.7210068467834,11.75707728464738,2019.8752847007752,11743.206792118612,8.000001617101328
WD0048p202_a_2002_12_02T02_09_16_all.dat.gz,61.55938377887705,11.875598836976863,1.9828367529829012,21859.758023974104,8.337867252448245
HE0308m2305_a_2001_02_09T01_20_32_all.dat.gz,117.48744044448331,16.541435322918666,5.079919901445061,24037.73464586544,8.99999999939897
WD0922p183_b_2002_12_28T08_02_03_all.dat.gz,15.320762282478542,16.3533767428569,4.20505252986047,15901.595908145708,8.999999999992877
WD0114m605_a_2002_08_03T09_52_41_all.dat.gz,86.30984884661578,17.931701220899562,3.4436122804095124,25447.790749611828,8.91350265611586
HE2347m4608_a_2002_09_15T02_23_24_all.dat.gz,75.25328793827887,16.670381043888845,1.9061790667821579,17768.517983397036,7.707662640978829
WD2205m139_a_2001_09_20T02_31_25_all.dat.gz,88.22999536504233,36.749769353425314,0.8910580151822891,25805.562180458888,8.999999940589962
WD2105m820_b_2003_05_13T09_14_18_all.dat.gz,28.944049238125842,23.895410750215564,0.13824975879966367,10246.216445768749,8.999999999989871
WD0646m253_a_2001_04_08T01_29_42_all.dat.gz,122.29143577906835,9.359337471616605,17.27227331677638,27457.43617790883,8.690565017334684
HS0944p1913_a_2003_01_24T06_08_52_all.dat.gz,53.64959679719551,9.489527330573242,1.983334466558994,17479.249064702977,8.213533050171922
WD0243p155_a_2002_09_20T09_08_25_all.dat.gz,0.008435241199174428,24.130032968584175,0.28268240508581727,16038.127971851613,8.999999999986322
HE1429m0343_b_2000_07_17T01_51_59_all.dat.gz,2332.8673643743455,10.685270538880559,4393.602745837549,10499.916546741042,8.760483104524148
WD2322m181_a_2000_07_13T06_16_35_all.dat.gz,1551.356965203943,9.945357837668553,3930.5763854847496,11000.00835625194,8.999985445705958
HE0425m2015_b_2002_09_25T08_49_17_all.dat.gz,54.79826390417581,26.94864558542807,0.8304784724933846,15950.85157751893,8.999999999980044
WD1334m160_a_2000_06_08T01_26_10_all.dat.gz,1014.767844957304,11.22905213464486,1499.2438986252505,11998.737174466125,7.999997050983613
HE0201m0513_a_2002_09_20T04_28_06_all.dat.gz,43.6776975224631,26.273114330685996,1.383706314226003,25843.80273423409,8.737349732799547
WD1204m136_b_2000_05_17T03_30_33_all.dat.gz,-4.362648586122378,27.19149854583287,69.45923895218337,20077.680084468964,7.0000000010548735
WD0839p231_b_2002_02_22T02_09_24_all.dat.gz,28.28226139728813,12.70260730001064,2.480462605479025,27112.389976458016,8.190022381567776
HS0949p0935_b_2002_02_22T04_44_26_all.dat.gz,55.70905948083835,27.594212834924978,0.6545485985568119,21172.00765368639,8.499969410313089
WD0145m257_b_2002_09_27T08_09_54_all.dat.gz,77.37734696216204,13.330742860095889,10.136737342634103,25537.406984047055,8.999999998816737
WD1003m023_b_2001_02_06T03_59_47_all.dat.gz,35.97289378816551,19.783919846490676,2.9848825621455504,24413.1456427176,8.999999999842826
HS1616p0247_b_2002_09_24T23_59_54_all.dat.gz,42.0338071795814,19.973551007611402,0.16088404665885858,19354.141326654062,8.280600695651556
HE0403m4129_b_2000_07_18T09_24_07_all.dat.gz,1386.2181950074457,51.53557706433162,238.1872729036753,11499.839879959236,8.999999870670575
HS0047p1903_a_2002_09_19T04_38_23_all.dat.gz,-8.103646794210478,40.99599542311368,0.06968638445657223,15551.158995091053,8.999999999966372
WD1129p155_b_2002_02_22T05_42_41_all.dat.gz,42.01393918664198,8.409357600442856,3.478840796030294,16069.491228711317,8.999999999947052
WD0231m054_b_2000_07_15T07_35_41_all.dat.gz,1839.2698478414263,0.5287732546573807,1250256.839153568,11650.639100362681,7.999996872931728
HS2210p2323_a_2002_09_24T02_46_40_all.dat.gz,88.7570529461383,18.27634901692504,2.773337447463264,24046.90189780774,8.999999881888767
HE2221m1630_a_2002_06_09T09_32_06_all.dat.gz,34.171019372131894,10.332748854298966,0.6549541749314747,9648.638705347941,8.999999999865963
WD0317p196_a_2002_09_21T05_45_32_all.dat.gz,30.179090311293344,16.770447083949776,0.28127262071408005,18142.769105532145,8.095433382923092
WD1308m301_b_2000_06_08T01_10_36_all.dat.gz,433.94189916844874,10.110725242126762,823.0598006016655,11000.01582038463,8.999983524483069
HS2233p0008_b_2002_09_26T03_47_15_all.dat.gz,82.82711834123211,9.103950585523442,14.13494542761397,25222.97269176959,8.999999999971589
WD0205m304_a_2000_09_15T05_34_10_all.dat.gz,100.25900646359172,19.776124041916134,2.0675570335221134,15283.987569700785,8.999999999998135
WD2204p070_a_2000_06_06T08_37_13_all.dat.gz,497.68830893062005,19.254370314063948,298.88254563784994,11046.982206888182,8.999999983038949
WD0410p117_b_2003_01_18T04_10_14_all.dat.gz,65.00986747322074,11.265777523769867,0.7584554147155842,23590.529892389004,8.624297566066623
HS2240p1234B_a_2002_09_24T05_17_40_all.dat.gz,0.5042725990594934,21.84963332339085,1.2518423922133757,14616.19330048932,8.999999992413821
HE2200m1341_a_2000_12_07T00_43_03_all.dat.gz,154.68199702005649,14.182477852822089,6.776617863273606,25577.576162399026,8.768532268181765
HE0211m2824_b_2001_02_07T00_55_39_all.dat.gz,85.2142871507754,14.9805254801336,1.8641997461117694,14226.905820888225,8.822126928386133
WD2157p161_b_2003_08_19T05_31_49_all.dat.gz,10.723772588383106,20.860411400776957,3.0261138783367674,17734.680141826626,8.998785309635146
WD1019p129_a_2001_01_15T07_58_54_all.dat.gz,55.236691759028304,19.482577394965713,2.142040699901794,19150.383723837236,8.75933222044445
WD0852p192_a_2003_01_11T05_33_10_all.dat.gz,-4.6369660955836265,23.042274717115745,0.12026350529385176,14894.485203524846,8.85039814221009
HS0412p0632_b_2003_01_18T04_19_01_all.dat.gz,3.6858406136858806,16.115977981782326,0.6111983890592312,13698.679872380297,8.503425892928446
HS0329p1121_a_2002_09_22T06_23_54_all.dat.gz,-114.0743421351629,33.6918217159608,0.4801139788061416,15989.452748258158,8.999998965875148
WD1524m749_a_2000_07_14T03_17_41_all.dat.gz,1934.6339124804513,4.532518646363997,17938.678053770916,10999.994715813471,8.999999999667285
HS0145p1737_b_2002_09_30T05_06_54_all.dat.gz,26.253579536408683,16.77471241064293,1.471190764581011,15709.02659107339,8.999984166866147
HE0255m1100_b_2002_09_20T07_24_17_all.dat.gz,25.229765693054784,19.49239065825918,2.9288332331671953,21405.2681118453,8.984124641012311
WD0143p216_a_2002_09_19T06_05_11_all.dat.gz,-16.315444807314517,16.677942383078534,0.24064207734986917,8980.960788621314,8.999999999998611
HE0210m2012_b_2002_09_10T08_56_41_all.dat.gz,31.772897605800708,15.32997715010723,2.150459596678227,17445.695057645484,8.391720296678477
MCT2345m3940_a_2000_09_15T02_36_21_all.dat.gz,39.0764715559488,24.089121964960054,1.360465496603043,21042.65369198706,8.773056813251952
HE0221m0535_b_2002_09_20T05_57_30_all.dat.gz,66.41550741055485,14.28731764489699,7.528682099177977,25192.41799193087,8.999999999989038
WD0140m392_a_2000_07_14T08_21_32_all.dat.gz,1659.8908123179897,3.407589950732131,24401.42063468252,10999.98884494691,8.999997468042404
WD0556p172_a_2002_01_21T02_31_49_all.dat.gz,103.4513856791565,16.23016453640401,1.1128836054003772,19488.910685606643,8.744974428231899
HE0106m3253_b_2001_08_25T08_44_57_all.dat.gz,57.28460180339724,15.719829203159179,1.977786847839332,18972.84206147243,8.999999700664985
WD1204m136_a_2000_04_23T04_54_00_all.dat.gz,123.50327314408476,11.276691579288595,49.870687060167285,11000.00273888286,8.999999980856014
HS1338p0807_b_2001_08_18T23_51_59_all.dat.gz,92.2765653701191,25.06538929098243,0.1619651746196218,26947.300911872888,8.391316978905863
WD1537m152_a_2000_07_02T02_51_48_all.dat.gz,1026.2242142669422,14.932717189746938,1139.1668584452582,10999.997719778996,8.999999999915081
WD1031p063_a_2001_04_10T05_19_16_all.dat.gz,72.03257234332874,28.876009108081234,0.1553355724962126,24240.942650714907,8.282384533773433
WD0431p126_a_2003_01_19T03_51_36_all.dat.gz,99.3891599313498,14.703705779466844,1.3025894475287447,23746.254088212023,8.937948406226417
HE2345m4810_b_2002_07_11T09_27_30_all.dat.gz,33.8362035251448,22.2344800542893,3.8382429075230737,29999.866518309103,8.208897266958521
HE0324m1942_a_2002_09_21T08_38_45_all.dat.gz,28.065810092554436,28.729458424276498,0.9925312516171416,21638.6898233987,8.999999999989642
WD0710p216_b_2002_02_19T02_35_48_all.dat.gz,282.9751134623475,6.12655690848581,4.64389771698873,11499.999522982005,8.99885214699541
WD1507p220_a_2002_04_23T06_51_11_all.dat.gz,-41.42939355375278,14.887758062424355,1.5827623419331296,21930.707649418917,8.613004674394451
PG0922p162A_a_2002_02_17T05_35_38_all.dat.gz,105.4128904700335,20.13452473902108,2.1040489976428733,25348.814388804705,8.999999954213605
HS0937p0130_b_2002_12_28T08_16_45_all.dat.gz,30.704004540329446,23.313984855834896,0.9452650267662732,18773.16411928557,8.999999999990244
WD1527p090_a_2001_07_22T00_45_33_all.dat.gz,71.87959672010997,12.305510150475044,3.01861683952341,23898.83636841551,8.696192770019138
WD1500m170_a_2000_06_08T02_47_45_all.dat.gz,1701.3633885830525,11.002639142701014,3146.230464796838,10999.997870774987,8.999999999969166
HS0331p2240_a_2002_09_21T06_16_39_all.dat.gz,14.127571882217772,21.56760545778756,0.37723292844217565,24264.294244216337,8.471669937385789
HE0130m2721_a_2002_09_15T04_41_09_all.dat.gz,52.89907830613408,20.8985744856087,2.853516549835367,23100.00026475028,8.999999994052846
WD2018m233_b_2001_07_27T02_31_17_all.dat.gz,-15.162545094760679,14.453511318401054,2.506406814553725,18506.121888636822,8.207766102062664
WD1145p187_a_2002_02_17T07_39_57_all.dat.gz,55.84040130159694,15.698910542666791,2.027402523236055,28114.976145475033,8.281513843269513
WD0242m174_a_2001_12_17T02_03_57_all.dat.gz,66.80548577114655,22.044017906812588,1.495491709344589,23312.43132941792,8.970457314313776
WD1503m093_a_2000_06_01T05_32_52_all.dat.gz,160.0722229909324,12.141214351547362,129.16970877637394,11487.237452599496,8.999999999969658
HS2210p2323_b_2002_09_25T00_15_51_all.dat.gz,67.3231218794614,18.369964509516507,0.3591389808030562,25445.544080706517,8.868503373034004
WD1755p194_b_2003_03_22T09_22_10_all.dat.gz,57.536970896064986,19.774526578808675,1.7090043047568066,25337.398133332805,8.854689265105085
WD0013m241_b_2000_09_17T01_52_33_all.dat.gz,26.95265851135755,13.14225205447018,5.694865889742315,17857.86880812935,8.999999961712176
WD1802p213_a_2002_07_10T05_04_41_all.dat.gz,50.00773564859734,26.801438117623327,0.09626587684398535,17701.513344766674,8.037893896589333
HS0345p1324_b_2003_02_25T00_44_08_all.dat.gz,106.22827089503848,27.36117298537603,0.23230312557217178,26776.150297377055,8.565464231312367
WD2359m324_b_2003_06_09T09_54_59_all.dat.gz,76.3359918325377,21.370070126729757,1.2434230642670567,24999.83213974306,8.692306218294409
WD0302p027_b_2000_07_18T08_51_06_all.dat.gz,1662.5796418716704,25.88829606806928,467.4157924688742,11499.836934238334,8.99999999140012
WD0212m231_b_2002_12_08T05_35_35_all.dat.gz,169.95448538435969,23.844398956526348,18.02178466180455,15985.73618878967,8.999999994079976
WD1231m141_b_2000_05_22T02_19_48_all.dat.gz,1054.3067836963387,17.82015642099259,932.8573882076864,10999.998868336312,8.999999999863341
WD2204p070_b_2001_08_21T03_09_54_all.dat.gz,-15.263250742187816,18.10558705334253,18.682762216345264,27241.50000957995,7.029629285845618
HS0051p1145_b_2002_09_27T05_58_35_all.dat.gz,58.69368863788107,18.173838729132754,2.622851538141846,16216.407297184278,8.99999999918577
HE2159m1649_a_2000_12_07T00_28_14_all.dat.gz,78.68644372948451,21.05368733803298,2.9300379150084237,19096.013054205032,8.908957843133056
HE1315m1105_b_2000_05_19T03_07_36_all.dat.gz,87.07754212219078,11.305008243010427,33.49512029595427,9830.496586746378,8.999999644730766
WD0137m291_a_2000_07_13T10_23_17_all.dat.gz,1586.4735441145772,14.981327146099147,1770.761121805682,10999.987865307136,8.99995414104679
WD2312m356_b_2001_09_13T00_32_36_all.dat.gz,42.57981633096916,14.917078116610359,0.47790184779038847,14646.466614454741,8.95287818331449
WD2314p064_b_2002_09_27T02_18_34_all.dat.gz,51.736303348105274,17.104745997413687,0.6495131361110574,15957.531796141842,8.999999999870376
WD2157p161_b_2002_09_24T02_15_13_all.dat.gz,10.243897056503647,23.104727875050365,0.6017625691264442,20725.058808385143,8.656816989916495
WD1548p149_b_2001_05_04T03_22_28_all.dat.gz,40.661358390570975,16.54120236902557,1.1652562082657947,24288.49710925575,8.963817136430906
WD0047m524_b_2002_09_14T03_12_36_all.dat.gz,42.01265513074028,9.420150880588526,4.392387009333497,19098.72290272075,8.245035046960073
MCT0110m1617_a_2000_08_05T10_03_17_all.dat.gz,1625.7181378156254,39.79606448092568,228.82098324442504,11000.001054995651,8.999999999995953
WD2306p124_a_2000_08_06T03_24_41_all.dat.gz,41.70189866097773,21.91055474673778,5.2141642096551415,16002.89156434303,8.99999999357462
HE0348m4445_a_2000_09_15T06_31_31_all.dat.gz,67.21248469520432,25.34319224097498,1.4420222469262927,16890.79250659419,8.999999999987322
WD2051m208_b_2001_08_21T00_42_37_all.dat.gz,196.65109995315558,13.037294744232938,5.1980118557099875,21025.39832313175,8.99999999993905
WD1834m781_a_2000_07_06T04_36_52_all.dat.gz,1064.1600696506193,9.876965260537759,2480.5376050742398,11958.215147058552,8.000000601709665
HS0200p2449_a_2002_09_18T07_26_37_all.dat.gz,48.59701430699502,16.795526574619917,0.5335534860575012,25705.59507325914,8.499966202010594
MCT0138m4014_a_2000_08_05T09_00_24_all.dat.gz,695.6669428902665,27.37814389138333,250.9471264843103,11000.013081909554,8.999999747401873
HS2056p0721_a_2001_08_19T02_24_58_all.dat.gz,72.76695807599525,15.216707478044931,5.067248885827576,25981.63679263538,8.999999999659257
WD0408m041_a_2000_09_15T09_27_35_all.dat.gz,7.65243153658035,14.596003830724,2.4700056970697988,14706.486430517014,8.984691086060927
WD0255m705_b_2000_08_05T08_51_11_all.dat.gz,127.6207987526035,7.347447753045891,77.55265530884122,11000.000035021643,8.995373768362985
HE0211m2824_a_2000_12_07T03_26_14_all.dat.gz,79.99216845637112,21.1327087848621,1.2905292948093603,13961.938438581403,8.671715073094088
WD0016m258_b_2000_09_17T02_10_05_all.dat.gz,59.42788605613873,14.697345529237168,0.3718141139329005,11864.46388020621,8.999999999948095
HE2133m1332_a_2001_09_20T01_26_51_all.dat.gz,23.390673415099137,9.589659044839594,0.4396374129030618,9725.40978938507,8.999999999999996
WD2154m061_b_2002_09_23T04_15_27_all.dat.gz,231.30181171386863,40.44238039846289,7.86312679761457,33126.8493593827,8.999999994819294
WD1857p119_b_2000_05_18T09_27_34_all.dat.gz,-53.32671930359481,18.358170048391774,0.8617898011027255,9428.313294428826,8.999999999930525
WD1614p136_b_2001_07_27T00_37_31_all.dat.gz,34.434562954498396,9.81524246857879,4.46641038943031,25635.459052282782,8.273101924360288
WD0721m276_a_2001_04_09T01_05_13_all.dat.gz,152.6522235930659,24.85283792930842,17.558779159237044,33322.226419248036,8.999999999977291
HE0414m4039_b_2000_12_17T05_42_48_all.dat.gz,91.52567349485004,29.390350314964657,1.188348175396825,22669.86861478415,8.999999973712125
WD0013m241_a_2000_09_16T02_44_14_all.dat.gz,49.82398730554839,14.042768467762787,5.912651266300827,17997.001612041735,8.999999987928355
WD1449p168_b_2002_04_23T05_46_24_all.dat.gz,81.05397554820131,17.78568211800443,1.513261487756081,24545.882548137793,8.566193271508753
WD2326p049_b_2000_09_17T04_02_20_all.dat.gz,56.41418706310141,5.966094188107306,6.492529579308493,13363.333910912741,8.999999999988752
WD1411p135_a_2001_06_20T02_26_21_all.dat.gz,150.60744084411894,26.176659488577002,4.67361552730025,15252.085448169515,8.9999999999896
WD2122m467_a_2002_05_29T07_26_37_all.dat.gz,40.916353145967086,27.154114624356367,0.24447769361972618,15437.508031913827,8.999999999646477
WD0352p018_b_2002_09_21T05_03_56_all.dat.gz,63.06858496102915,24.758675381726945,0.2386945519410376,25130.187388759823,8.52265683782006
WD0048p202_b_2002_09_27T05_16_58_all.dat.gz,45.433229991024774,11.489937192753796,3.137169281309083,22265.355357028733,8.827043980809002
WD2051p095_a_2000_06_10T09_09_21_all.dat.gz,193.61487648627903,15.95643708202445,117.51150693792212,11999.944753848118,8.994455642831042
WD2051m208_a_2001_08_19T02_40_33_all.dat.gz,186.92046450242015,12.360970558685807,6.015072080265664,20856.44838214615,8.99999999994664
WD1036p085_a_2001_04_10T05_36_08_all.dat.gz,40.916015205599784,27.864220807419787,0.04328464697869583,26058.284925308493,7.750245969542255
MCT2345m3940_b_2000_09_16T01_16_37_all.dat.gz,35.391822538367414,21.67693975266413,0.6645639790307201,21213.24221428465,8.59319872849369
HS1527p0614_b_2001_07_25T23_49_52_all.dat.gz,90.34873076584039,13.442282001620434,0.6781310346808933,15270.796758355506,8.018270555203365
HE2159m1649_b_2001_08_20T02_45_08_all.dat.gz,43.56228085065733,15.328640953961779,1.6235288889446473,21475.08698794592,8.894364536633928
HE0317m2120_b_2001_02_07T02_08_39_all.dat.gz,61.66375296712314,16.27257695080623,0.12361726089848311,9428.238060070602,8.999999999997534
WD0951m155_a_2000_04_23T02_19_35_all.dat.gz,1002.1449469228085,,147.95748805564295,19350.455901573052,8.999999997884421
HE0418m1021_a_2002_09_13T09_13_48_all.dat.gz,83.3728236023295,12.940466829106278,9.808457285393056,22799.782989333245,8.999999994539568
HE0417m3033_b_2002_09_15T08_16_56_all.dat.gz,43.197145463733676,24.288099721922457,1.381251812030337,15000.024955681794,8.999999999856676
WD0028m474_b_2001_12_29T00_55_21_all.dat.gz,61.290121161957195,12.154471512942813,0.3216551714423911,17711.134318902,7.8037455614178155
HS0307p0746_b_2003_02_04T01_15_51_all.dat.gz,68.95568802180573,13.306911670722599,0.28984394346381304,9757.900730274272,8.999999998239291
HE2205m1355_a_2000_12_07T00_57_58_all.dat.gz,105.51439749530644,16.17496430264186,9.369870243854502,24999.890882694148,8.999995505040289
WD0425p168_b_2003_01_11T04_28_12_all.dat.gz,146.73350324971355,12.403471477923105,3.2024520453604643,25585.52908359862,8.813821043224715
WD0421p162_a_2002_02_27T01_40_22_all.dat.gz,111.21604203816254,13.919778134870427,0.25851290335466254,22939.79230657877,8.57483754262745
WD1036p085_b_2003_01_17T05_40_51_all.dat.gz,-11.91208303498847,27.088987510357505,0.8399562005921493,25220.673919085257,8.500020018028973
HE0131p0149_b_2001_08_22T09_20_44_all.dat.gz,-16.932370260551938,13.135888074539341,0.28057734622053826,15305.022657215826,8.840970804588148
WD0318m021_a_2002_03_01T00_40_09_all.dat.gz,125.5753595361218,20.719899736135027,0.4229637993056784,16231.872567946899,8.999999980566116
WD1451p006_a_2000_05_20T03_55_18_all.dat.gz,1166.9582828531404,12.774020572018571,1856.7118376055632,10999.990960829322,8.999999494879038
HS1204p0159_b_2002_02_24T06_55_51_all.dat.gz,15.502898926586496,30.533705079946607,0.38723895554967863,26140.37592051071,8.36345947677333
WD1457m086_a_2000_07_13T04_07_09_all.dat.gz,599.2190109975418,23.8568522031581,168.59642426854762,10999.994028216288,8.999999999947356
WD2336p063_b_2002_09_30T02_35_12_all.dat.gz,53.4943131055355,12.785795427908155,2.1254990776066953,15499.76038852674,8.999995733412817
WD2157p161_a_2002_09_23T02_44_22_all.dat.gz,9.3072469786075,23.404020869392397,0.7726517246384267,19598.006238101912,8.84133847564286
WD0000m186_b_2000_09_17T03_27_45_all.dat.gz,55.450999661016446,21.442839178017262,1.4285120549566617,14941.204972268331,8.916864854029164
HS2240p1234A_b_2002_09_25T03_37_16_all.dat.gz,60.055079288994634,36.99146875199218,0.0985730296085244,13891.476410739451,8.49996967267389
WD2303p242_b_2002_09_26T04_39_50_all.dat.gz,8.805692258838365,11.600337716994755,0.2717956001064047,12179.04367693269,8.999948225409346
WD0110m139_b_2000_07_16T07_03_55_all.dat.gz,1074.0541798893971,20.52921085542198,583.9341954950518,11000.000326266014,8.999999999985878
HS1003p0726_b_2003_01_17T04_55_02_all.dat.gz,-10.008509611025744,18.25329953478847,0.4132738740260029,9193.277645070473,8.99999999998874
WD1524m749_b_2000_07_30T02_07_05_all.dat.gz,452.01633778741507,16.09788355134384,120.09384134234807,11148.308084922352,8.999999998874674
WD1948m389_b_2001_06_05T08_30_19_all.dat.gz,113.18606392426025,30.70069736582107,11.592342897217799,33505.66413037375,8.999999999801066
WD1348m273_b_2003_01_19T06_59_46_all.dat.gz,32.19409477976635,17.091941604261745,0.0850872613949004,9650.943208318662,8.999999999771827
HS1243p0132_a_2002_04_29T05_17_17_all.dat.gz,81.5554898830856,43.520453695891305,0.5987889062880775,23958.834597433404,8.999820251353361
WD2312m356_a_2001_09_02T01_05_10_all.dat.gz,-95.00667674825257,25.7269965131311,1.0734599512158158,11999.632548711166,8.999999999974293
WD2134p218_b_2002_09_10T02_30_18_all.dat.gz,37.633821245362185,31.380933818897518,0.19318592637191365,16080.974020443027,8.99999999996874
WD2254p126_a_2000_07_12T05_23_49_all.dat.gz,180.7807258900265,16.291564889085066,68.64873433502055,11273.402286948349,8.999999325819394
HE0210m2012_a_2001_09_22T09_07_09_all.dat.gz,31.456965666170948,16.86188865356716,0.7266209201152621,15927.222993951038,8.998049717078148
WD0421p162_b_2002_12_31T03_09_41_all.dat.gz,109.30856922353146,10.049994684797234,2.8835659934954485,20906.50334357635,8.737916056958303
WD1152m287_b_2000_07_14T23_01_36_all.dat.gz,371.1256621419672,20.343707400301668,53.848012793214934,11091.50960742881,8.999999986585285
WD1020m207_a_2000_04_21T04_22_07_all.dat.gz,309.7425388230991,12.901946066855402,211.0616738243169,11887.109322079537,8.999999924222085
WD0226m329_a_2002_12_03T06_19_41_all.dat.gz,65.79471383799593,10.83157695176915,5.949665002954869,23064.838591292413,7.746385541300684
HE0031m5525_b_2001_12_17T00_51_42_all.dat.gz,69.77746472736047,24.47974998929064,0.08337975129776709,13652.100670541531,8.999999999999732
HE2218m2706_a_2001_09_10T00_40_27_all.dat.gz,-16.59706415224378,19.64975771649884,0.12793527221754242,15664.188450173597,8.661549061317686
WD1122m324_b_2000_05_19T00_28_19_all.dat.gz,953.564233095989,19.72882061496398,692.2194361013271,11000.000905851544,8.999986824540738
WD2347m192_a_2000_09_15T03_09_51_all.dat.gz,89.5815986150628,32.21349419206717,1.9252119535675767,26645.24520395105,8.824502273206996
WD1410p168_a_2002_04_23T06_08_43_all.dat.gz,25.593684540518645,21.716499790212865,0.9092551086842595,24463.63222901262,8.724379717773735
WD1755p194_a_2002_06_18T03_26_59_all.dat.gz,33.444376952872666,17.645127468181833,2.0630442954463777,25708.10379634369,8.786422037948444
WD1310m305_a_2002_04_14T04_55_44_all.dat.gz,28.18984472125491,11.644441494016585,4.168022222096816,26234.1266958165,8.33887129580808
WD1914m598_b_2001_06_05T07_52_51_all.dat.gz,85.59835121804126,15.05883552940238,1.462109923320301,21488.467293053163,8.3923436312486
HE0456m2347_a_2002_02_10T01_04_31_all.dat.gz,97.53580598926924,21.23797047344368,3.8636051975214936,25082.81219571682,8.999999927889272
WD1017p125_a_2001_01_15T05_29_38_all.dat.gz,3.616192928661689,18.447266671389873,2.0155976473319783,23894.807033311972,8.969528727616737
WD1058m129_c_2001_06_27T01_13_24_all.dat.gz,115.99648499206603,16.400745559668337,2.308966415995086,25119.416526370664,8.999999999836836
WD0437p152_b_2003_01_23T03_03_54_all.dat.gz,46.96969803157146,16.531186953943607,0.2743507204200562,21167.013416102593,7.878834316669678
WD1216p036_a_2001_06_09T01_14_52_all.dat.gz,81.2431140699782,18.96355990199792,0.2727425709047039,13521.699817472921,8.568067153585137
HE0403m4129_a_2000_07_15T10_03_01_all.dat.gz,1408.1413824075069,21.3656043928014,904.4345822767782,11999.941052085771,8.024514297074981
HE0031m5525_a_2002_07_27T06_08_16_all.dat.gz,27.032264526334203,15.475861924061633,0.2025509680405983,14567.297600581916,8.999999241013054
HE0414m4039_a_2000_12_11T04_49_41_all.dat.gz,133.01219029010466,28.94709766564847,2.9795514022815768,15999.981192673915,8.999999999786127
WD2312m356_a_2002_09_14T01_50_39_all.dat.gz,35.5040015378896,10.609681110603708,1.8785308791335253,14642.653654556925,8.644757922646331
WD1411p135_b_2001_08_19T00_17_41_all.dat.gz,61.7836958714047,24.094227146617225,0.08889724880134087,19918.877561440604,8.295773494958663
HE0349m2537_a_2000_12_11T03_34_19_all.dat.gz,64.11056487159907,23.60748448417907,3.7935711985816156,16003.221765833863,9.0
WD1412m109_a_2001_08_16T01_33_47_all.dat.gz,69.13295251665363,15.553342412975109,0.5387614581888462,26983.798504775186,8.166616833565861
WD0308p188_b_2003_01_17T01_39_01_all.dat.gz,57.83927851912014,12.311248803570507,0.9413507598587637,19011.584341700207,8.0601652649635
HS0047p1903_b_2003_09_07T05_01_56_all.dat.gz,13.76814605371104,15.583587559851976,1.2416918023570107,17037.57245264184,8.231409320449316
WD2007m303_a_2002_04_23T07_25_56_all.dat.gz,55.2718551569421,4.188296106718248,7.370941062306801,14977.269130909604,8.898291135327868
WD0425p168_a_2002_12_31T03_18_41_all.dat.gz,112.6372161807574,10.209773976933633,6.678371846658917,25262.50216036619,8.999999991456985
HE1012m0049_b_2000_05_16T23_34_37_all.dat.gz,289.90338836393653,22.9002221615398,52.681804134630255,12500.125487091353,8.999999748809127
WD2137m379_b_2000_05_22T09_34_37_all.dat.gz,-83.38067837305975,25.742356124101324,5.873706263860375,22756.92451324361,7.60331393536264
WD2226p061_b_2000_06_06T07_57_51_all.dat.gz,203.31131561273764,14.071772300894821,154.2410541298371,11613.248176413606,8.99999985761876
WD1053m092_b_2000_06_10T23_51_31_all.dat.gz,1139.452806593398,26.47156284089283,404.98276421988464,10999.989854390982,8.999999999836508
WD1231m141_a_2000_05_20T02_10_32_all.dat.gz,381.8450587824629,20.806601978532115,211.3723622653905,11286.917371345724,8.999999999619178
HE0305m1145_b_2001_02_07T01_10_06_all.dat.gz,45.66757209724254,28.32258308857392,2.199920233134768,26746.313001286515,8.88016654331092
HE0205m2945_b_2002_09_15T07_43_06_all.dat.gz,40.284166263710794,14.03698602658318,0.35098326241087746,11711.24430990329,8.99997452645549
WD1314m153_a_2002_04_23T01_24_32_all.dat.gz,128.0488186053738,13.60133890604957,1.1390993793176358,14903.949532206023,8.999999999990374
HE2347m4608_b_2002_09_25T07_14_35_all.dat.gz,72.82216478698687,18.38404261862321,0.642645983728116,18107.1324992113,7.665343960369727
HE0204m4213_b_2002_09_20T04_57_32_all.dat.gz,33.73569320718124,27.34430470788289,0.5840588941392146,25262.492176783588,8.776336339045248
WD2007m219_b_2000_08_05T06_40_56_all.dat.gz,51.51075379533648,8.447482589714031,84.72843014808963,10999.97742677182,8.999926060508535
HS2108p1734_a_2002_07_10T06_39_05_all.dat.gz,95.93099347626146,20.43169970668818,4.673772199352039,27592.364673300923,8.999999989378471
WD2039m202_a_2002_04_23T07_35_02_all.dat.gz,-19.524105709171923,4.997302517192731,9.112652904031297,21951.938856693916,8.524443398053254
WD1356m233_b_2000_06_11T01_17_09_all.dat.gz,145.2317690494679,10.4997953579213,175.8087763629965,10999.996580647028,8.999958966373152
WD1422p095_a_2000_07_14T01_35_47_all.dat.gz,1464.0226193488804,10.222903765959927,3819.73511496227,11000.019666547092,8.999999999972362
HE0416m1034_a_2000_12_17T06_13_33_all.dat.gz,106.66389140739192,13.415428262016484,7.636739625052053,25707.565324000632,8.948961293638526
HE1258p0123_a_2000_06_08T00_27_45_all.dat.gz,172.96626434779833,15.941911195621998,41.75498277244009,11045.758147353503,8.999999999988214
WD1332m229_a_2000_05_20T03_09_59_all.dat.gz,1088.0659419728622,25.046968585673085,374.37742323984287,11000.000375913243,8.999991621947514
WD1237m028_a_2001_06_19T23_27_56_all.dat.gz,111.4076606350461,17.365746150968008,1.8123181293682449,10208.401906610408,8.999999959410548
WD2348m244_a_2000_08_06T05_07_00_all.dat.gz,132.1752483154201,10.626757731519945,63.71367973289808,11209.633626110783,8.999999995676527
HS1648p1300_b_2001_07_27T01_36_07_all.dat.gz,-4.21997387919338,55.561373559269114,0.09048788486973493,16353.74438841538,8.999154454001031
WD1020m207_b_2000_05_17T00_04_41_all.dat.gz,419.78762274672977,16.87726434849756,218.41955759727134,11000.009386404668,8.99999999997976
WD1010p043_a_2002_02_23T04_31_00_all.dat.gz,97.50105191080023,30.208362003346707,2.0211019096685554,27935.654405897436,8.861753453554375
WD2351m368_b_2000_07_18T06_56_32_all.dat.gz,344.23875180053795,13.433670514612373,473.7653158902032,11999.994655097977,8.055859742349325
WD0339m035_b_2002_09_13T09_00_02_all.dat.gz,55.783739109964486,9.023872857833634,2.137831633443898,13426.960019738304,8.881064602335114
HE0032m2744_b_2002_09_18T03_06_51_all.dat.gz,78.0194593803093,27.833025778047638,0.9708534145717922,25430.629408332592,8.767503101761703
WD0143p216_b_2003_07_27T09_54_14_all.dat.gz,-14.040562463576627,9.273285201338814,0.36143384342139817,8948.686256666486,8.999603768930726
WD1547p057_a_2001_06_28T01_34_50_all.dat.gz,85.19947295941436,20.32980102350811,2.9345763788443375,23571.290507447568,8.999999999996838
WD0227p050_b_2003_01_17T01_29_41_all.dat.gz,55.034076357520924,6.22624653041003,7.817226762025671,21347.27376533554,8.540035775729688
HS1013p0321_a_2002_05_24T02_11_57_all.dat.gz,66.00792253332746,18.567433963303262,0.11995260579250104,14154.553465603534,8.999999999996778
WD1348m273_a_2003_01_20T07_35_37_all.dat.gz,19.974680143397183,14.612917004093585,0.22249959611270353,9636.147771042006,8.99999973784914
WD0005m163_a_2002_08_04T10_00_27_all.dat.gz,-17.23809432315481,19.537412107095946,0.25839972100366254,13875.555715806868,8.876041316330737
WD0310m688_b_2002_12_08T06_56_41_all.dat.gz,69.6381062900945,3.9543397714857207,5.535394268081068,16919.887314576234,8.200467737972136
MCT0105m1634_a_2000_07_14T06_59_38_all.dat.gz,1587.9390211825043,3.0748249516998385,15978.348729421246,11999.849687072121,8.000009891456349
WD2018m233_a_2001_05_04T09_37_43_all.dat.gz,-6.030627625397487,17.066707920999495,1.8406814053026692,14513.351649244727,8.999999958584066
HE0303m2041_a_2002_09_21T06_59_20_all.dat.gz,34.255673707739035,15.43318187742757,0.15630946990865935,9792.543180016073,8.999999999463553
HE0409m5154_a_2000_09_15T09_10_37_all.dat.gz,118.54983925898243,25.769679076866836,7.003624624722896,25649.75710502698,8.99999999995813
WD2350m083_a_2002_09_13T07_51_46_all.dat.gz,90.64011023392068,22.64984474707566,1.942442592039571,15878.484047274198,8.999999997454022
HE0219m4049_b_2001_09_19T09_10_32_all.dat.gz,32.453708737964945,38.40712382131515,0.07650643553429835,15136.434666595103,8.775674981631674
WD0859m039_b_2001_12_28T08_15_28_all.dat.gz,18.18055039270939,6.574290166240386,23.342682786149656,25279.74630293651,8.868923648114986
HS2220p2146A_b_2002_09_26T03_11_45_all.dat.gz,19.71991053636722,24.074329917839783,0.17615521637505277,14869.654088850928,8.097567447411196
HE0452m3444_a_2001_01_15T02_44_37_all.dat.gz,84.91038842985846,19.00877766892701,4.615078998760432,23214.89938967396,8.999999990417521
HE1252m0202_b_2000_07_16T00_05_53_all.dat.gz,1000.6561697161604,31.8424331101956,207.42380684218392,11999.779778875885,8.00001413420462
