source_id,nlte_rv,nlte_e_rv,nlte_teff,nlte_logg,nlte_redchi
91690164426711040,10.105028907873512,5.226294478294038,13295.929813195486,8.32434210815267,4.994858732760621
3529574716212596736,64.54449091759817,7.809056256030274,15358.11846527602,8.999999997575467,4.046374038038065
5125057897336633344,44.485826697578055,3.4098481854704517,13598.778345420627,8.48551031513056,5.073968736207763
5098930339964725248,59.92963687371753,4.167033256271406,13503.557321040636,7.967126367685938,4.945078939783226
2656542452030717952,125.4246248375044,31.795599683849375,38642.03396724188,8.608536683752853,1.44651271742715
679177201586401280,4.559059786900039,11.34405516409852,21692.376185933706,8.99999999823085,4.585643726775634
46896958359881728,83.4919727184881,1.3752327325318419,12162.949042190361,7.132752435905081,10.10639420890344
2772855182928578560,19.328614739909487,3.153357215280616,19349.160433275138,8.119265422976861,2.4212405221324813
3846451454781376512,45.9146987602138,5.259672474188456,14773.890628331475,8.327758120833293,6.075434058703069
3866880552624195584,114.76645204025162,4.507772915889554,11262.134418963622,7.153225159012636,10.91220549816875
2511623211717232640,20.3248379436354,2.2638989267901337,11407.091170441587,7.605810528892485,11.033420807881775
5083478078426926976,19.108833489345045,4.783802407970037,24739.991434317173,7.633413396639664,2.9545883291059667
6585878288771383296,-19.580250779282256,4.907983624031986,15058.409053971915,8.000003380973443,3.612488578312962
2442099751463686528,38.06020444752581,5.341002035540036,13721.43909406139,8.654380502181375,3.4264213975113638
2390888829168611968,22.791719977090157,4.912379191556061,14955.539155096472,8.345350709350702,2.768442533486261
2658537614663492352,24.82135373549071,11.129247549868042,32941.98408941469,8.499942988426744,3.7710684140671864
4419865155422033280,-5.094952785788214,6.17809713853413,15017.879308596426,8.999999999452406,2.6242049331614448
5402827451143222912,14.03360676231514,3.8561364077275906,14236.189159109274,8.869078370066298,3.6576447459876427
3973707423046985984,-69.8041983511802,32.10652220298303,38918.215907263046,8.500011125305338,2.1471627168100134
6849796229451135104,-36.546335462249786,2.9870037870550057,13131.712382171589,7.815483144393778,8.132333487941553
4420242631507777920,52.0496097840017,4.930190375185976,13989.995150551478,7.008115588720918,7.210869614625023
6468623688724871808,64.52012003227682,3.442181459037961,15513.204919766917,8.999999999602665,3.8508978423825346
1738521539295354240,43.742487273032076,9.768558613977248,28968.63758443295,8.73974024119209,2.5041517945508454
6191268135405788544,44.369255462775314,2.4523750296966647,10199.614173875034,7.000000590975402,14.824946596252158
5792402116129561984,216.5826759983931,2.6976542103208203,16499.751678285684,7.242921411088528,18.09650171079677
4460086458999242368,45.41098547954511,3.0951753553103067,14818.604463076055,7.673411073065505,4.627120957508263
6278550873112595968,-77.45214969945788,7.38615017109133,24999.99643406202,7.165490889572275,4.434792841602318
2662658107503521536,8.053737390385306,8.622255990783652,27957.555311380995,8.999999062121203,3.0415884424907333
61497407625478272,51.55377693499026,3.855174857161625,11144.949528114266,8.10650667252665,15.672024837594986
3724583445679765632,60.66716077910751,4.988238742705995,20335.766855711314,7.353376881888793,5.267762711866956
5612710511362093184,41.92499154122766,7.841964221279422,33498.23742161073,8.135276256076663,2.259831427961568
2789398778477164672,56.099929519751065,2.601825474371317,21569.629069906365,7.643365774348751,4.52833094934917
5088334621288740992,78.72155761748313,19.287206697759814,22576.189351823854,7.394726202122089,0.20368308497840068
2473843786029439104,21.398698555154986,2.027711658561401,13797.72510188202,7.420245018957589,6.256725867847086
2510891108771852416,35.0042665499507,1.5983830928568707,8499.898283523362,7.000000108162164,46.41651590078957
3574739561506431104,50.90144351852656,2.503356686288928,12774.314902347945,7.3633647023172575,8.39863061859831
4766810380210581632,51.96509056343662,2.5890704979895247,10763.163132365116,7.6006817201035535,9.154452632649425
3840288524603932800,138.23717040739692,15.215121275392654,18139.613615062415,8.99999999999984,3.9186601662297424
6615959586875261056,62.53403675633368,3.3334285691569754,12999.94863251707,7.463588236411071,9.400747291214264
4921090656364298368,32.13765143486492,2.484081985961776,14589.586933855146,8.148795065442854,4.358040788725251
3552845261339955200,70.30100998420644,0.9898332653564736,8125.685989833647,7.775275328765878,16.15961919031313
1188119762325721600,33.61301445563542,3.97161301661831,15500.231287787441,7.808278821314829,4.103891688124885
2739782629080048000,-142.03839755950446,21.327761011938392,35375.850005214874,8.999999948799498,1.1869541611235328
6422236358302245248,9.43778590314669,2.9788383853582925,16499.92866135735,7.863167037284852,5.000241924484819
4920057871348614272,84.03927304195359,1.3501046195058848,8695.860510520548,8.791166196688737,10.859566957156813
3695495693769418112,41.8484589202831,2.101935879552091,15999.880433580085,7.69839104506285,3.3942667444147347
3470463802872604032,81.97317266367699,4.4150568420330885,15401.341740194757,8.999856716914806,4.272314331683755
4437271867601913472,66.83727727834655,3.3114314107068985,16212.982319271887,8.988698136953593,2.9146379645937888
4452521234885949184,51.48765326936197,2.9324455786855843,24999.99873048263,7.365179640076115,7.668113278947363
45980377978968064,135.09347231467675,4.291839877166538,13058.364249716762,8.27309485516113,5.9446483659441824
3489719481290397696,32.67088836692778,0.5330702379828942,9570.351626453255,7.000065514147418,31.3173658482357
6514042654346344704,0.1543541969654771,3.364295239622355,15589.001768273207,7.000000010922835,6.4190059806020985
5666295485406677632,41.84983525403205,7.364144978718798,23568.036438393807,8.999999826979675,3.304336381604868
3650552739370519680,33.68878212857148,5.171796635712246,10602.843114529296,8.586984878630837,14.28519612871193
3855631797052747136,5.592016327965943,1.2955916826244174,12293.48529239179,7.255045378113958,16.77893740948504
3940955205038857728,-17.811368560279035,2.616421813399687,19999.071167522598,7.488308674836967,3.8586403743953435
1730310347805122816,60.64868819657046,5.222732848070418,16499.97227853087,7.208411453608861,7.333183074337764
2595728287804350720,30.314490220016847,1.428536324156502,8722.11847430818,8.303696380091997,9.378976318592237
5575007845317435648,52.05522212884657,3.9868923194947783,33256.73877198387,8.958661469788867,1.6675322311662113
3215427579684548864,18.147984544750088,4.889952853276821,18062.605573724173,8.817735310285043,1.8704272904347479
2364272573237917952,28.58604748302058,11.463518846725512,12499.799031413222,7.3034454360408585,0.8913288380300106
5055975238166788352,14.692079763685063,1.5874618980351247,8956.032612861809,8.581927805350663,11.393724621178103
2343355051714253056,52.60597631481335,4.948991018044747,20023.937331392655,7.630306682214027,2.9901356522378015
5159714332045197568,103.86177836419425,6.848149585340096,13402.014977426394,8.622772765528625,3.6609666013193567
627412945768300800,62.75575813232381,2.037435868870766,20539.025014709565,7.506708390662931,3.932752626853568
3804239558419007744,49.01259697140604,3.3170851215481605,11362.255625613116,7.144098794104817,12.20965152204093
4436059415517432064,15.471022554747377,3.9094840643017736,14862.608679130017,8.000000087309635,5.3916138927761095
5132580858972702976,115.62017245458637,7.438817998080616,13952.311365307687,8.320528548395968,2.6401932391321274
6127333286605955072,85.43872765926425,1.2862080444585615,11999.9070562382,7.094684180240948,6.31718185950081
3626022634955198592,80.25141684514549,2.76288466117105,11748.431994565199,7.610100019306968,17.921538955303767
2735175263041913088,7.226730898302962,8.519471895532888,7957.073464015538,8.221836002262684,0.8265378617317488
6443328221136801920,-20.23252456446569,12.703922998114152,47465.2921642581,8.000007206441445,3.5274575286848355
2842650153836732928,8.90117999173352,1.7811768847258436,11407.595596613723,7.000000000075562,10.149492538403914
14141304376849280,14.534488844043167,3.354376849252284,20763.492157151748,7.352065297737357,6.090528664861691
3569231970322760448,93.53010857520205,2.631945165516349,8667.817823304145,8.999999991289208,21.146130451462263
4435778215414219520,69.9321570926227,2.3045671004783728,8762.3744069523,8.854529791807144,6.860151285015478
3474544434121450496,17.65099818629812,3.2281372455729693,17346.372836390794,7.648638307743262,5.414415081636396
3117320802840630400,86.46307527448383,1.7855856400864596,7104.5150212523,8.59090815977384,4.593679686988684
2734319087081051264,66.45691083003445,3.460377200084391,15254.166948756789,8.844931959979686,16.74942472434894
2488960249844340352,49.274036003435455,1.6364385995709085,27916.719985118903,7.000000000378976,19.04710630633787
6575491133702739584,-10.912960237829726,3.316782143681765,13068.028956563145,7.9593802881715465,10.039267927784785
3787451081014802304,24.86502235743969,7.089199871567608,27678.540651280036,8.660605649188273,2.8246856423852695
3956176053739681664,-21.022138933874636,4.54737362672102,14299.375394195862,8.807341521746597,3.92475433958942
3705070756419217408,63.8061596341441,3.27839995900424,16110.671192533107,8.281407407188123,4.116917151078963
4330093466990008448,93.19789448154368,9.694815652861784,14330.562651403208,7.892849976951867,0.4907522585723643
3682835848166848896,86.66189916305315,1.9841950758363893,9036.833580803474,7.617771362752968,11.532228230663016
3523347735187987072,47.17509640195037,2.635590142501094,25594.332516707866,8.000000929683823,9.070526940555757
6499376994593401344,37.029097617328375,15.250211053377562,33707.43240901522,8.999999886005531,1.7694466596865563
3607725941130742528,87.20588389546427,2.2331823819382848,24333.96825628903,7.000000000012417,7.25591867636933
6616313457820826496,33.13025937705433,4.152542487967883,19500.88544616808,8.999999999663462,3.307076395717874
3623233040812235904,26.987547175386126,1.1978191608097113,8436.524347437511,8.12859906282627,7.8285614631090485
5685624040829463552,60.152664134467784,3.072291207209343,10992.428405085708,8.999999999974634,9.925333814680943
4447202622266019072,49.011382690938476,3.8459981729766533,13978.583309127813,8.454893917550692,5.7346955887749225
5220896587855584384,77.78536890472245,40.695306740214,21902.122650702106,8.999998837036413,0.23967279708570657
2610488514148351360,-99.92305243103405,2.2990176996312925,8000.0015368193735,7.735166772992902,41.93746013670206
2361264618662161920,7.32009511519074,2.1875158418942693,13071.914199074627,7.499944981512263,6.628236664790213
1794118516552814336,-60.58434711586445,1.350944367864436,9128.557063830607,8.76881978821076,5.040090717250895
67620897117741440,2.965971289269171,4.381698908188074,16502.71441154886,7.913567916310626,4.1299037242101475
3277482882085624192,51.80568570816742,3.9741931647805444,9525.629488719176,8.847946005170254,11.153140867523533
3229005792373924224,120.39190133699502,19.409731394425883,38692.34763842205,8.499978431402159,2.100079553035298
39305036729495936,77.36886496810651,2.3771198635647437,13924.942169799464,7.999958357700768,6.381710443714286
6842831888437047680,11.928172636181435,0.9599121460618241,8866.052163007615,8.680315381081503,4.360413796911735
2611423167751076224,73.64283108422313,2.263480409319037,8499.941240610066,7.000000653263568,39.68071459789346
3891718417216600448,43.688327075970506,12.714348818608673,11440.823182003198,8.999999914958952,1.2381614880913479
2414099622710507904,33.00312360555355,5.22891427864532,11373.256068256997,8.985575247185592,6.148211633349067
2354670057156360576,-38.68957952728984,3.811283207878617,11632.440199946994,7.000016922750185,13.53604172010829
4988781711771040128,32.335833545039975,12.521601763838168,31189.225160621598,8.999999984157615,1.7887285469572458
3313606340183243136,97.6166409833852,2.6428748106387943,20000.023888299715,7.772582502127863,4.178371053436715
5104856776357892480,-37.02163310046038,11.643172857034843,8999.996152881267,7.000003411669566,0.7471165461741271
4426435871273922560,18.435272385760225,5.206735424226333,19104.6205895783,8.474015387585819,5.020028584721328
4280632829779587072,-15.763508116398583,0.9745809319316141,8136.965323047538,7.720733804676932,4.619467994188065
2654170736729886976,55.82698704240184,1.9863029245904151,25000.00944721577,8.04634614788528,2.736261254526959
3759722119317000448,42.93679520065925,4.632689805258,20162.65850294062,7.486833201019211,3.625030572795882
1789361097242243584,14.196605343760057,4.011089114536864,13473.156837801613,7.499959289739481,6.977612085563249
2310942857676734848,-19.4222091351871,2.27071811631542,13746.630508148313,7.851893724522256,8.992289037228948
3910122047137575424,6.332136685484405,18.240534861653064,61555.625101854246,7.0000000036396015,0.8584601809175497
3924401920043360896,-41.15349021835088,3.916625946257163,11351.394682254086,7.00000000006999,12.571809237111603
5134814168951616000,19.693815422828656,26.106184827395836,33524.303355355325,8.930878801707804,1.949312814031172
1742342784582615936,-12.342789114498846,2.1636186768132646,11215.69566978662,7.0000000000071605,10.934296298823678
98092934167683072,-16.313850157046673,2.481683259130243,11106.81215846409,7.00000002135143,49.57863469606866
5123291871208145792,24.129272447370575,5.28117710276436,13999.865102792515,8.669641755780027,4.831810728324101
3273645105468368000,-74.15129362357716,2.406739748651944,9072.240851576355,7.624182798807945,12.633606821212537
3636072278607729920,38.36141044055115,9.486959225073553,19463.62951862523,7.162569596704095,25.025690689833652
4968128554074903808,-72.99886078679623,24.777682606866637,34991.200437708474,8.99999804284212,3.2197320814511463
1158347014670132864,27.213120988554575,1.8759576623618166,12499.996496323864,7.326579043434911,8.817752549533603
2693940725141960192,29.082232194483435,1.1828836363128303,20000.0002673901,7.731528381504729,2.7958334099447515
2591091789004351104,84.30687004695508,2.4011403733944547,8500.001056604178,7.000000785276799,23.889294932305226
2388953031573382784,-31.54314696972525,5.185666175456992,14347.467490520758,8.255076489683264,3.2002422455688175
1750545141328217984,-6.073642979403676,2.7000880211808287,14267.867633431539,7.499959454842623,8.981852134960851
2716039358376761088,63.98451365885888,6.640818707263275,37510.182684727886,7.499972085969843,4.526410230659095
2756675044691990272,22.49576572594473,3.401345488968099,19999.811515158188,7.849121074065985,2.6528450945646074
4401558183740868480,52.568072674845055,3.0983538151177363,9218.977439658152,7.000012110273827,18.367517217959755
2395444208921491456,72.6831611629033,1.4951640943913418,17777.233020272644,7.000000000188482,6.114668158037395
6272562623549966208,39.401695248028695,4.571986520063373,19737.95018519002,7.920462670064913,4.87442539529419
6009537829925128064,38.811298811339206,0.8622855020730782,10709.616375997528,7.0261149366781614,5.6325815240114165
3258317294901181440,68.35812592752457,4.98828924797953,15112.934397893468,8.325081703395782,4.9202642238264795
3632418223511334016,-70.38239107321951,15.090906926105607,24999.916783937046,8.765521698109778,5.798684650358832
614972658894818688,-144.22795083585027,4.51485205947003,9502.570831525136,7.000000000284105,20.16757052541887
3888723386196630784,63.50549023748019,4.566895987269518,16624.589682156038,8.999996857670629,25.79470182807934
2625078449333017856,-122.40874931941532,10.458762721822588,31931.891347896773,8.99990425032475,2.7322009860742886
2668622270889053568,54.98920529230925,13.429163366209224,29999.983784422704,8.861575904887722,2.3258338041634556
6836795672680406272,12.570872522290284,2.0941282700900743,12565.813344947239,7.499961931077086,7.408695580097777
4716787274071022848,71.57995588073662,3.915758943824926,15407.11915571584,8.092112277219497,2.686390528137572
3877952432852336128,50.490219442752725,5.037752373003027,11099.116192617974,8.758281837803887,15.055192851171098
2364311331022888704,36.07476771500247,4.512547762909781,16500.000998003623,7.220379108646265,5.343228489844273
610478649930041856,16.193409784572513,16.89776632884589,11160.368852188643,8.99999999999981,0.6341651530644825
3179499250541535744,72.70786688876854,2.6641482199575677,14999.900284542897,7.9638615908311525,17.199626805381047
3685854179383579136,60.93834895567776,4.585122142855607,13088.868870797887,8.151200900737447,8.888615419749252
4892048018790150656,58.429417073686636,3.5526920724040316,10196.321750410938,7.843519195820044,14.674456499889937
3202808828330265088,45.659743040583116,3.4372406321460183,12476.29389500354,7.999378532929439,5.150995570466352
5118624311204821504,39.34672945634929,7.703307199058269,26751.5624524509,8.499959975277605,3.9020342976349256
4899868157803497984,27.329936822161418,5.388107497004251,15928.285574562073,7.905274896593912,5.374215435609762
5043926824108837376,15.154076880181453,4.446181228185751,14202.112932141676,8.170758596978255,8.817745766734701
31047257726638592,7.182496890504443,3.1832523901397747,15999.683368060882,8.204335726448031,4.854682723940329
2836176779127265792,28.818015779140968,11.451696383861172,15870.171456634402,8.000005247268462,0.8242214240079658
4228449385142100480,73.41312178177665,6.406336639390275,15515.43975377352,8.99999999952203,8.62181878721517
4740913887782857216,85.17549106278099,4.416457746079665,11624.593402374834,8.209314638721365,10.455228422369359
1793946026371051648,28.507034228574508,3.731597219051489,14330.280635943913,8.133874642110516,1.9767639960759744
4565048312887877888,57.019602283776514,0.8755852740403185,8304.234838455064,8.420779708459747,10.484864606541068
3466326581136347520,0.009804061739412619,5.610680167712308,14832.542442147591,8.99999987752579,8.65901390113705
6571754443436630272,-13.34428535003623,22.438942213620965,56716.367366057246,7.499992736874838,2.022839576174531
3557394009663078912,73.57058933770682,2.6348762124840306,30766.802723423174,7.000000000699072,18.760200338399883
2612155476855186176,61.826958626102574,3.696772612508589,17832.550485684907,8.61887062342746,2.8896151485487276
3541237717085787008,28.712330968119154,3.6538176322009335,10358.274165226496,8.499972412307072,11.168278046342683
4780544792270137088,89.10946489384257,4.880595968598165,24999.893801275783,7.103754698614793,11.231829286612978
2810585920868186240,29.181609668924416,14.732067715890452,63460.50568435166,7.500077856893036,2.5293362047382577
5393763111644515968,62.56773933951074,2.695366183149847,17859.13595199017,8.676019698358994,2.9213680259795005
2529237113117694336,83.89943335002886,2.1982333538024363,10175.31702127961,8.999999999752934,11.19486686833396
3701290326205270528,-1137.2740277768305,73.3756403211114,120014.80525315806,8.999999974986522,2.3168266807962112
6177238676273826304,49.38364056836764,1.7179416800298917,9600.731476167944,7.000000000252113,13.098078156608404
3575770010060921728,88.16746767871093,1.4637710756408921,8638.352709521027,8.74566396026839,6.869959616675941
6223132497775520512,87.26088075318364,2.7786947226019834,15999.888978680532,7.349302856668891,5.8881535779917575
2334079090586541440,49.37929891516702,2.916852446811447,14191.521458911653,7.994598367175346,6.256517897904159
6690659513515872000,-24.619057082710444,9.985801736426286,40063.75115935097,7.281015447790198,2.265675602855241
4320094439580536320,-4.506570724848409,2.7877608847905875,12999.504213825776,7.346493653021433,8.693867620210264
3788194488314248832,45.072316393334944,1.393923528061304,14105.460895243976,8.000000051117675,2.5986371941711908
1068931460633216,22.310429302104495,7.460300081979943,27232.091597044255,8.962359584808137,3.912293739173001
2488754366292015744,41.12160416693513,4.058936852127463,19525.404923576865,8.00000346107501,4.071737844957212
6335184655474717312,-92.1685322159015,10.72600156280982,33224.76766383158,8.999999998443974,13.555935998383417
4568179481487112832,57.297671030734186,11.702449700899429,14616.318312875717,8.999999990812398,1.2850812987310976
5026963661794939520,64.04077209483806,3.774078021567803,19999.82506890807,8.571055073199618,4.819384912051444
5114767980330242688,16.557240187095875,3.136879459595309,8999.924329312991,7.243507799016249,18.859364963046726
3874412413432647680,60.66231372583043,2.411850743524692,8698.327228701977,7.000000000221675,21.615054469530016
2545505281002947200,0.3279302057508849,1.5865194605326431,9541.083182985312,7.000000051960127,10.09354355198745
3191269144559159936,82.20419550976834,3.4417763033313875,29533.798823578763,7.481268357054576,4.170706975215946
3642258577702062720,81.71359218286531,2.6844397760198078,9071.878121200014,8.539552804203517,20.430663171920493
3370342445848382080,69.37520300476247,1.7081977349674418,25000.014359109286,7.979016999167197,3.0366593466217218
5116584064300345984,67.00547775540127,4.047352397434324,16499.824346677757,7.467885604958587,3.3152112774107745
6182345731690327808,15.531412774828642,2.211473168131536,19109.638422652977,7.725526527198736,6.871951752065325
3651184550535258496,23.62912556644114,2.8606404405561374,17639.70011843054,8.471959156962168,3.1394741305841443
3603920565746668032,61.18639557790548,3.072255998566483,20001.214680203877,8.365704967273519,4.185876223095118
4873109308958466432,71.95136070762358,2.509027646842,10422.648941226966,7.0000000002873985,8.888710542968155
5219215228420645248,63.24263285753235,0.7744756714194878,8137.736279733927,8.258599546221536,13.099580558869565
2661500871515095680,9.021010838464244,2.423024660915929,15999.310577022108,7.587984121955565,6.090618995501837
6749419923164242816,49.034848489071635,0.9431899140903468,19414.918094628243,7.398979703847602,2.0042034263088953
3491591640356263424,0.9480222221660773,5.044641646568028,16173.025779551685,8.49995669648864,3.473850190559106
105299786211260160,50.86527238572755,4.361882265628768,16499.48668995243,8.094822492559745,5.803336363120046
4005438916307756928,44.23832276533638,2.2908208618935326,9088.382118552698,8.72435812626572,9.34598888366316
1815528000815020288,-157.75844798282964,2.8201688400580593,11533.099569653965,7.000000088527294,7.871579269930707
5160899536860481664,-22.919901777058072,4.587599445065395,21975.714943737163,7.4999628323130185,7.19088641800298
4248931504366754304,-48.31970193114869,1.6976464352983989,8683.954457259886,8.454241477506294,12.608455257839216
2811882073278282496,12.131753175243073,4.226999358515644,15438.24999096673,8.008532967358565,5.172905741713354
3482983495102507904,51.20421122436135,1.2321647521651222,8684.947999827968,8.447070690894957,9.440891753682237
5667957225433304192,100.04593158728153,2.8733501017005025,20044.90711200528,7.802327664725449,6.347238794785167
2483669331171909120,-96.1731958451895,5.120508141845669,9765.50041367445,7.000000026606398,18.264238972250908
59370127502651264,53.73638691826402,4.647540230675251,12671.810396300916,8.201013099356754,10.073855728225748
4939012317940174464,102.09620382384082,18.806106070449673,35568.16188807448,8.999999997444197,3.9689421173802404
1179764607826002688,35.54085526810524,2.230636677636685,9906.536561569714,7.244147983268549,11.539646405058745
3674476639217656576,81.12093202107079,10.51760049816555,10598.867856698522,8.99999998013385,10.04956187303997
2317553529604662016,-39.054160410400115,32.91508617402058,37049.41422940464,8.000002158830686,2.957104103352869
2336189396997071616,14.267473119153996,2.8163200012761624,13648.578693803398,8.153914992503385,4.880584475223718
3277341526122556160,61.14606320108901,2.343894256128845,9336.303483475796,7.499975021234824,12.223418241949942
2601689466188247808,-13.575730479322472,4.11559583261702,12999.909677637881,8.783981697504357,5.226440510071667
2357946464368276224,39.997021687218314,5.74713579053007,12918.910686385198,8.051045148946894,5.951088194223394
2516322146457318144,38.27360824445136,1.0226177863703896,15669.124478062908,8.000000359242206,8.5278683106785
2472557872820632320,15.924195314198931,1.3871454295316985,12455.569789616708,7.005661662996423,13.455133909641068
3243842361760113408,73.78121077589412,3.902406904157324,12218.034714408504,7.000000002422771,7.209980675446819
4844370755067765504,103.16824882744281,15.97717989398894,12631.47053387788,8.083767027739789,0.634270697535731
4873054711334208256,75.22131157639579,4.377557227977782,14486.879675553279,8.061060348941584,4.7664187478317945
3274761620869767168,48.57051833424784,1.688227922636905,8041.572354863715,7.0000000002049925,12.258990049964575
3944400490365194368,-4.66635381954489,5.3242197717648,39999.35754064876,7.665502851846073,1.6560603659968949
4463466804419970304,27.85530823066211,2.093031077390288,14004.36045425505,8.00000170650939,4.321048462250477
4309653752005719424,30.41465535481812,4.9549154750695,13422.300552647848,8.997499321135056,6.810958279207359
3191249387709577088,84.2288018290033,2.733127815764327,15918.249086138314,8.13862334833319,4.646783600577333
4940662032058418944,58.09108370307546,2.4986916999978703,11922.951253870631,7.04238231395834,7.678992581043886
6534665545408513792,-14.714521892503658,5.5040727265743,12230.561404552973,8.99999999898586,4.863659793882705
4458207634145130368,102.50243550148082,1.1468327832167091,8582.334946779247,8.97437515250623,4.928086251680064
3690709554012428416,27.03092412831973,4.511034640638076,11248.726559773491,8.999999992319562,8.409528702497713
5034051079388141696,50.49001330519553,3.198729095395361,13253.263476132528,7.500107011688093,5.942779563967011
1775640227215432320,11.280054396740546,3.5330639621714957,14251.079086727508,7.999999989503862,5.087190903348831
3586028453547223552,83.68275925866459,3.9876915374967865,14124.50272847405,7.000001780624032,10.85149396951655
1765090584946772736,-36.80098098186749,2.3253133257194207,16499.966715273884,7.292548996287422,17.341626252094365
3350123251647482624,93.18638053459115,4.122448596520684,14488.697696555006,8.720540035237846,4.928452216353845
3628421666247974016,31.080863150428808,5.162301162202521,12857.682862100928,7.476910611905718,7.913624077435387
2498564582697028864,432.83669340157115,4.26387192598159,8999.684523764976,7.499948666749035,37.683595724295984
2788992130973584640,9.382176366965327,2.909811865793991,14499.92647373815,7.443598687415537,6.453874393756101
6424566979354709248,44.736497847245055,1.8914946601245717,15667.682168119203,8.78793857229818,8.095341106680511
3306722607119077120,100.65080054114063,3.139881689669366,15492.641651074418,8.306157842088624,3.7731255383304445
1788040794231829376,57.10516006049009,4.140205337740667,16451.93027233328,8.999999999999948,10.766899748850001
3171373722173234048,17.068655146032235,2.844400620134299,14378.454348869353,7.182952037694055,8.367001095201278
5120365044270095232,94.98198026365921,14.153994301349591,17513.442901958108,8.999998316599026,3.5826011133613154
2497895053130247040,79.3593666953224,2.1719604443444,8499.998669598286,7.000002154990041,11.727289177183998
6578616598584224640,37.20415266357395,2.098819129639846,22723.544560678412,7.724795498890969,5.425448394087087
6530974072557448064,59.89311203956107,2.1226946954409236,16675.72456701109,7.402654219994841,15.067285784232427
3936999437080327040,44.43182853850113,3.2641874102727435,10659.516134697737,7.256752779586597,9.974455224650551
2317319612801004416,33.42600359905265,11.983885485207589,35000.47462500352,7.54168767724002,2.2907126867603833
2432056468657830784,38.53922778102433,3.8123907627573246,15806.09831218369,8.999999999958735,2.601757530365285
3264857636738890624,60.952145127833006,20.04207860070893,34046.76897004404,7.499960096681092,5.399816785707303
5039292451317431168,-41.934827610100484,25.24630424697291,18299.806754621626,8.999439052519895,6.105747800559726
5054287144220982144,90.74306190377217,24.120552643844043,38537.319719831044,8.000054719528094,3.223526396926504
1741417790361772160,-18.63722079229158,1.13985391140303,8549.524921835955,7.353418112463711,12.955287739130135
2585306399337120128,65.85160566014248,4.70215877857877,13999.989472165307,7.102627869770874,5.799019049835782
3491050989871968768,140.53997550206506,14.135501745890629,9630.711533958001,8.300679817170032,0.7492206098989947
4900807999725863296,60.75359179328145,13.633714401535034,37186.139102732515,8.999999999971012,2.1223220233290045
3920848710779658880,0.8470656107376597,4.794137606839877,15347.794762051686,8.99999869239187,2.602954333609564
5063539946887524864,22.996120631825203,1.9378991579299054,24999.999640090933,7.815114241549102,6.425129743504677
1228266814506156928,30.012076407539794,2.437485434511183,12499.972984176142,7.301065047162167,11.721111166739638
3692337037379978112,1.5235382671024396,3.075258458279389,14992.804747964992,8.000000496016302,4.500676512242917
5149462073310745344,-84.28141919773323,56.07485676172928,55354.52421750356,8.000005905329663,2.9965145736142262
3834721387994870784,72.83131145490864,3.1308575685344735,17275.23936769741,7.530003764924323,5.886590813832497
3103530586268279936,177.81265948859092,24.818537669566737,33491.29797645641,8.999984235090242,1.3168134753991787
6358158435541361792,137.76392999516486,1.0775810700016422,8408.376548271852,8.948295899161717,7.514007134637365
6305900675097580800,12.126830630396993,4.7984253733738225,26142.052558360534,8.956093024078463,2.255038192999394
3273625554777257472,184.77031483316088,19.32392375833932,52234.981209119156,7.000000116300171,3.2162068849373147
588063421770438400,83.61554286874909,3.4660694761890554,9333.011298843872,7.99997543046744,19.035180223947545
2558916466707621504,77.81079701896275,16.369700579894474,39065.142176199435,7.49999526239864,2.7757642824112545
3910382871911470848,-38.95371933646912,3.0557629419233834,13950.734994797764,7.5472254589002095,10.885854208184652
2419140746085234688,20.210541971859644,4.664152053709527,27140.317017412413,8.605198096051202,4.078278024964033
4183272552601606400,-7.330737371045218,4.581023545516821,12823.105944882398,8.714288439923887,6.17247664803526
2921786919133198848,80.02143185339342,2.1790000911757232,18603.897530823713,8.529803142017247,3.8042451555485264
2691277330022787712,24.619102471162524,2.8007615392236307,25002.40675409699,7.8405497766666965,4.448832466988541
3852811476713249536,37.2327398715776,14.560395672052158,17790.34351008373,8.999999721050877,2.226635491214552
3348917053032143616,78.17078230629468,3.2732983840807464,14173.887296541427,8.394956353642526,5.24688682456235
6364918198670588928,87.78128278582062,2.4364904293569936,15999.968248034285,7.777103308850122,6.825851372196592
5152564272353619072,32.67693459840236,5.8433086610273435,24999.60097984653,8.07898574804533,25.301394237864272
1154004081179409920,-47.873214598321304,3.458841667383197,16814.20636061688,7.5436356365793875,5.565063631936947
2814942392095501952,45.62134683464614,2.161771646421915,12999.988954685572,7.271898067176437,6.926207973000602
1209640499120458752,39.67394176038252,3.2141116726539387,9947.32653414314,7.000018883183252,11.385230285349092
3690323316193465344,70.09975592431434,2.0784441642949005,9249.368124621746,7.000000000013002,19.173877591733465
4779427928974390272,41.09559852849807,6.9827245332829335,13528.168171294426,8.99999999960755,4.649772944250935
3242153305741855744,13.423606540209105,5.273247646049103,24999.965570531876,7.692873579627749,5.41807991538118
5168944835239726080,81.40526770899723,3.883241349687097,17063.375926609195,7.105143584496938,11.396620602123106
5554202096021588992,51.1399219689616,13.264250560347904,35003.64939450144,7.4999620843975325,6.444373531079218
3629976620502866944,17.51982222630973,1.876303391811227,20497.20490844187,7.410951466186682,4.7406590849517
3297249936488848384,57.546316534891716,2.0261848075430855,12511.897652550906,7.043118589607259,12.027631016725602
3367112974037883904,44.83825650263086,1.3050302156698308,8958.551981314435,8.726316041543512,21.74133028414564
2315346161227820032,28.347591832060207,2.5241850411478293,24516.241115708315,7.675136069433591,3.055257392541395
5083966055431334912,50.63881250412036,3.131431554865074,12683.014839415464,7.6037027412385125,12.181307403767955
5135466183642594304,21.626907465881516,9.359980955926902,10983.589080543374,7.537576265344734,0.6933157113144272
3698872156539379968,76.75369580582944,2.7602861458060843,23219.415387910463,7.844740459796581,7.246949758567945
3616104975648612608,135.5169400997868,20.996299589631256,32918.25654139133,8.999996402895842,2.4827751552791186
6865430941202657408,16.487724839744814,2.321667216310342,13488.229448842078,7.444437515513187,7.654622566696037
1202826348825240832,32.29420313325284,3.9455628598516377,12587.744087143474,8.229555571825664,6.595711498646731
6018034958869558912,32.950167563418425,0.9714619631684478,24999.78193321264,8.121124176470257,1.4377207741123676
6446197877766956800,56.24832293575438,3.326097647338351,19999.98792205492,7.7316492821725245,6.906947317122169
2379935013296113664,72.05362823225882,22.87184620889799,35654.06377411395,8.999933470925274,3.8002392436724346
2313582750735435776,67.33204978239716,4.229501362436729,12033.513893205265,7.2105719166796565,30.354088852484963
3810933247769901696,27.21466295285053,2.0793045431026975,12284.83672923994,7.372697615995979,7.243671057498574
1192764133804981376,12.189358236032588,4.7009022622369265,15283.947742203169,8.162389836624346,4.613646592463431
3528847870307147136,58.67592943347766,1.7684295974619708,11786.905440139228,7.617905354308029,8.622376634466423
2670147461020069632,22.791665981705655,2.929155522054838,15154.205389980725,7.000000693856273,11.70824063249611
6304590503913422464,58.40998960157635,14.418786788478972,13735.364166999374,8.999999999920595,0.5802577277641763
59077760488621184,39.93268237017144,2.4008290954954923,21931.557925490306,7.535989520248279,4.006127931257958
3251748915515143296,4.0419590947906885,3.444857911564164,16499.876362108065,7.833339311304309,5.301500624750217
5020146620982523008,90.98701985024354,2.811770918245884,21215.782930536367,7.000000001327477,6.919428314482091
2981590730954538112,15.61332183993659,2.9044000007737605,9125.31993130337,7.003999671223776,17.111122549212393
3923263135234800768,-31.976385439683245,4.451424899408355,11835.049876515746,7.000000169485749,11.378294809401153
3495397496775173248,63.81859063528177,14.3675752554186,41095.109322377946,7.44157096319067,2.5333608460691934
5079634765595460736,59.349371175922464,5.015060417983939,11829.22645141184,8.51774293906512,5.311123415399142
4841115341656167552,70.70994513028282,6.576475267459749,12675.136670476744,8.999999990708377,5.086624694607179
3653928313083020416,67.34429932209711,3.6469518235737475,12185.003182487537,7.49997328333827,15.993428193419886
3304090857318319232,71.31372821062385,2.26303825057294,19313.155703776567,7.849915196378409,4.466662825649725
2421871039614828672,236.8006029921049,27.18509318885127,34999.98079514709,7.468527685080142,1.933042873418429
2468060664104501376,2.4663761676941154,3.5429225123675816,19981.182614822457,7.527682787274827,5.292759432672126
1161215296909017728,-58.24171631695211,4.089675423798333,16793.28919454412,7.1357107368035075,4.1090347896392485
4465105351622152704,2.022253852067951,3.308963494235598,14748.284810455641,8.219014923461506,5.532730432996439
6301064404482150912,59.56345383068072,2.4038928207211576,10894.600354526585,7.88119933180689,14.289212707460596
6853784501721502720,-12.060932754477447,1.0734941329155436,9805.043121281651,7.000000000013465,9.135355979613163
4313658585693385984,-55.83452448845136,1.6201644889151545,8332.261304912468,7.7344081323547265,17.996261124397037
5686109578292348032,61.46599370612593,3.943205823699909,17394.938136026743,7.660260248646534,5.337776882460915
4551645369227445888,53.418643836944376,3.964552988472928,17511.80058297074,7.771852349278808,8.047550975863125
2660358032257156736,24.678132403395033,1.186297249295512,12261.755384960792,7.197279376534325,4.726762930118267
6275184065428686464,-3.2029409081747957,1.4924321412097976,9814.671349085489,7.00020351856104,8.471415698815164
1738071701601163264,68.05919470312908,7.476167260714913,37639.110210928484,7.320897149886322,2.799782300530255
3853660510143027200,37.90747496095599,2.962816903440327,19610.274075073634,7.000000000002596,6.965510206112562
1227001444126009728,74.46782499635995,3.8732050468846637,10389.62282866999,8.999999999599869,12.542980094976452
3849176633005242624,18.28521533070151,6.2238668858122335,12999.78671372666,7.711051191807918,3.6551088443611874
4812859061053900928,228.72616414246818,38.38103126175123,38070.49018225397,8.49996911233171,3.0104879569411307
5772718006135360128,24.969889542677816,1.4085525615269407,12583.609711357303,7.618838015160628,5.664155043745827
3514997906448391168,15.149078788472055,14.03996393569752,29285.172111571843,8.99999998537547,3.3672828942843065
2480731779699826176,7.528811056293355,2.7695086748397486,20964.652484232414,7.059128016392551,4.08350948831335
3931446491043126784,-9.096782639229014,2.812658383870328,15134.913382526733,8.000002393555688,2.491711974748032
3080056219172355840,30.40575139154004,4.911036974539135,40380.66090045277,7.499977447736821,2.3658409613584
74336778563550464,-59.1806047198256,0.6294701083667782,6999.949456945533,7.000000082497509,77.86397168995006
2544456862306151680,77.27969669996837,1.9196637847021876,10909.665891928478,7.000000002478499,6.217777490231196
6524412152806190336,46.58362884083977,4.036180460101203,16181.325430414428,8.237936096780086,3.0399317601105804
3014049448078210304,113.40588162620635,15.060194544229184,41427.71658760783,7.404432169235047,1.8978284289715186
5037875455706805504,30.211029744937562,4.183991361174629,16005.628775293444,8.369721027051535,2.7644728964167995
4828757999190736128,-2.1448676541543694,3.20223630429714,29390.35547763987,7.000000020865927,12.606985630204951
5027351170924256512,45.69832154923741,2.675627568419376,12450.119465343188,7.092256515175234,8.963521877013683
2491046298280035584,23.934058458872617,6.5328207079920695,13000.328791969983,8.133920633377162,4.458924072542085
4951125156507440384,61.73558409671272,3.047799997966173,11309.380946571597,8.175259292243084,10.515520735240942
3918029283792258304,52.94675884151943,11.00497372176639,10586.79368403666,8.499965991266198,10.752436644296887
3313714023603261568,88.61449342415182,2.5460898798285,21499.399471052187,8.177602598469583,3.4985049060791282
4842194473663089920,-10.430670255253558,6.370639010932527,13751.291736682004,8.18774688804874,6.518311414604603
2769930207121379968,16.747282390508932,3.3409643113872285,10307.77486509876,7.803086951550394,12.292509478696015
6685284241684914688,-41.165989203642845,20.834709002833023,43575.659730225714,7.4999838699425485,1.9943214092754615
4319908862597055232,35.583454289483896,1.2912822451546973,19999.78179033327,7.52568287411991,2.602049211058182
4622856957782901504,42.41531113770247,1.7251940192426112,29029.065321351212,7.00630951242149,2.176761167001918
6332172027974304512,57.75410977356101,3.9777892290322505,23254.845976920267,7.580372663534929,7.57064674022785
2633120655335891968,15.494328105715601,1.6289754274079282,8789.35686631799,7.945639158304976,11.817871031259218
3754712881779364992,68.13778690891479,1.439096064243003,24244.26235428566,8.028739461227888,2.763860227095852
6461145119869641728,61.90909220030897,9.625889431768492,34633.31472726508,8.685452073666642,4.460710102054368
4328293291578459392,17.09067503167427,2.4593102513363547,20866.478730318686,8.99999998165583,2.782563564297702
3696778892558087552,21.979712547718137,0.778567625222303,8661.751498229441,8.4516277379592,9.276265044340244
3833194887898568320,116.61826138215623,6.1101086037654895,12731.181471012938,8.228977203712395,5.883888128110191
6070021243006871040,17.80475644826169,20.300443253509105,14771.739157737922,8.20007987790453,0.0800710636943171
3974868644764927744,32.46209472335707,2.6197068110621,19812.920206549155,8.228569228841987,2.3734064377091273
3263351202729621376,17.676057783920474,11.21103203417863,30167.108156275888,8.499969559654867,2.6047305046998837
3570694595665791232,53.23641054098337,2.3933511728824115,9567.473586163707,8.964856938704179,11.764255112080107
5536077746353130240,102.70268513948344,2.4115635185434527,15878.879885270802,7.826559377783572,7.872236604574354
2457759374023232768,65.1980161768733,1.7528928276997178,11838.3706032176,7.79976668842299,7.557185219906234
2709363196787375488,1.1902256521403758,3.3985099076044856,19998.8524827954,7.116138600843568,6.013078022271494
6195269769319451904,31.62704572141423,5.222846266567583,14514.618937614625,8.085939246093174,4.784501785557879
2825795087259417984,9.655440270003222,1.878936055511648,12029.124213270648,7.000160865187232,8.88921903650397
4576304838064664064,68.67698509871958,5.0497102048202755,11401.320571054366,8.99999999951821,7.760442028133117
2664365374183501312,10.441235854483109,3.3018031522524556,19999.98695189952,7.430383062913627,7.981950357450459
1163912467652160896,88.23027598508425,3.336173772745802,10706.814137713762,8.999999999053072,11.427595619901076
3348071631670500736,25.311917396596577,2.2522699092496783,34999.94683056565,7.317273115906905,5.427185280093074
4778802753534553472,26.2481973527515,14.158740992143958,14791.63887904537,8.957117381674294,1.1586224930007452
1874832084599745920,32.428474248238466,3.7673101487870966,15815.42433765791,8.473307225074805,5.0445493253504825
3830680854561582464,50.49927824155065,3.9641102958589514,15678.522021146895,8.4248533474128,6.9284662041748994
4447022061837071744,62.10482642044191,2.4451608101602496,10888.564462721592,7.000000614031066,14.249801706196973
3302846072717868416,93.10618984140125,2.392501719027443,16888.14906561221,7.630458532887048,6.728173077520419
4957085334163504512,20.497134522118593,5.555790475967516,16614.835403277713,8.067212402127662,3.9318787416794057
5095932968188685696,39.14866470761878,5.535303853299272,13820.483931384042,7.503958449087596,4.646508115267382
5078074837769743744,102.42720613476534,4.294658016336065,19477.70849069306,8.334549613333106,3.0977437638462226
3798659326454564224,104.37592748324008,10.7645898552436,13415.65198388279,8.165701518320638,0.9332153798876918
5103714555575829888,20.008184872260944,1.7242116128498246,8602.597497061492,8.54962824860386,9.964089234084327
2385336982642954496,-0.534288503525681,10.13728323859225,15487.312297813674,8.999999798675256,5.845286474539635
5321056462156468480,45.640884235440886,2.7544398729860404,17115.164511881892,8.999999999824004,6.972174817343157
37976345646670464,22.141609453219758,6.869495078745355,15702.34206066424,8.99999616823995,4.828439106658325
1731395432637342336,38.79860068499609,18.207857406778192,37233.99239189833,8.499889716517103,2.459006671653438
2567944320460595840,19.919582592412915,5.43055634265445,19999.811276349013,7.923669203024945,9.540664968757865
2652784694950778624,-15.570779065649107,2.877295625999582,8568.88005767077,7.000002752239147,15.271932979536254
5118634309888681600,50.86569426267911,4.106010733167491,14745.24644820831,8.287627535305294,6.548457360924676
1879147564661258240,-9.625294221464282,4.418771848655789,13499.608199553748,8.999999999822405,21.078192589488054
3809362934711715712,-5.907454751054563,3.7178586246345278,13468.743373515415,7.000000000089444,13.351531919632396
6394778525002127104,44.377873655997575,5.093272792584081,14753.659702534318,8.33720524802795,8.027376797986621
3701701509194344576,48.08311483438489,3.603567414250655,10784.661777395895,8.647013133567626,12.546580853217998
33554517899463040,58.46927152907253,7.397764714896979,12111.407250970095,8.999999337107369,6.733159774004811
3878937457832171776,-34.304794436148065,5.360800949922492,13000.15676438033,7.790901751917727,7.330679036706311
6857939315643803776,-20.633804202622642,1.1555250051433674,21406.771465355338,7.786689164741448,1.602378305634187
607984785759304192,33.33290848759339,4.746756440685033,13420.623091784844,8.146887777839243,4.935830832472416
3862040300575181184,44.58791329164107,5.474319198627221,13828.82358228592,7.999995174934764,6.113369397992929
4964509614631078272,277.5820628545951,21.164343793101096,32124.46719473739,8.999999981957426,9.34830556832825
5453248339973753216,38.81236159699392,1.872509017110204,10378.087665143237,7.000000015959837,11.13540041979731
3052844272764398208,11.444263101979397,3.6023237520101277,24999.961920202953,7.711379440112497,9.63744780050114
5014009353235167744,-14.250444467587709,4.566840472604476,15991.305582086974,8.999999999996296,4.8806652807604785
5921433963191695872,17.934389188524165,2.7207959000281265,24999.866477586645,7.94693679123575,6.097769000000342
1769941011771984768,23.52369825039367,11.016470233345066,25235.803037006397,8.999687015924968,3.1294310688900597
4485626636646013696,37.15375876737777,1.0310019784717568,7889.1454837583115,7.4777354877444004,19.31874666137893
6462911897617050240,-20.068986595425766,1.1935194719067628,8724.789192541095,8.3669386435826,5.4751004726212305
5006486048001153792,53.517868141659946,2.508680362878188,35000.00113893722,7.924268006343292,4.727890884990044
5118133276183878400,116.99265332664484,9.422289614188259,23961.035139918753,8.999663548175226,2.4834040958764207
6447181214823340800,-10.309023890872771,9.041958577132144,25082.56207678705,8.999704959844246,4.135726577276634
3251244858154433536,61.571987250146655,19.419296463070488,57663.51061922069,7.99999798329016,3.998204237040545
6828157565735439232,32.258641447632115,12.384467138815658,36319.12475517547,8.575126767585205,2.4897833955227333
5740410334419524864,62.76187112246977,3.523283968082776,19999.951392097035,7.908693494228458,4.50737521037988
6572442909513784576,35.24978341681416,20.95353387227081,53900.65795177207,7.397326762881676,2.5412073149532057
4415725940820061824,37.14599421944334,3.1403536145962896,13557.57437777245,7.706027307915399,10.749064754677297
6565941703417200128,140.31875162027774,14.867136727959092,34448.26969757465,8.642780134112648,2.1034513958594827
2501224305619721984,34.09913388162302,2.9107717929923886,11423.805073479016,7.534006750831559,9.318288592618998
99915890086770176,59.27869997298116,4.5827424180432885,14998.32240854391,7.000000019249206,10.237562970521715
3631829778632099328,117.82826758430605,23.939912970165814,34999.977639002886,7.581050744727453,2.5660178560771962
4921390960477978112,56.285409319003676,2.6577098685589213,9849.814885922005,8.999999999841634,10.469072001824903
3800633813114930688,36.07568725859513,4.360435626744744,11362.301819173663,7.000921069769569,13.26243442451967
4962193390308361728,28.14433067032338,2.159754042731331,22582.91498055081,7.724518776660192,4.4762725832331665
2960529070328892928,25.29869191282443,5.414537450970439,16444.629921794407,7.295313514436698,7.681489073099271
3865978987449159168,-13.503211021400809,4.090363513229236,12511.212978850874,7.182934302790025,7.587719367673417
3262366899304566272,79.69007326636427,2.8164428340211813,10193.50878542876,8.99999994742335,8.58357352306522
3201709827802584576,-99.56445916690294,61.58825564830573,52624.506387979985,8.499994458318856,3.256280476306162
3701048502366477824,-8.282435315641694,31.257212202681533,33395.41575469159,8.9999983652844,3.3944696770668688
4429106481934491136,131.12605566339943,3.2571406657338997,11301.210624390165,8.762362648344913,10.994901754168023
4833967725801565696,76.75741747295098,3.5881312711202753,10728.794960534535,8.065625776377242,10.9733977103807
6808699474099687808,-25.856920276606086,2.871513371323644,23296.584709167757,7.869998957244564,5.1690784525832125
3883746133280920448,43.16729337906836,3.55219608271193,15999.813387282034,7.811408217829774,4.583567034679203
2719012579552367488,-18.60613439211681,2.241664406817094,11698.88716873135,7.000000000021046,27.254585560472954
1165354855109711232,57.52721627737823,2.5382450831800902,16064.109194749035,7.999999928936806,3.929531335314512
3712812452150011648,52.354418968383236,3.1157128516472277,14999.823677201473,7.75503319650629,6.105089880559928
2721868041314138240,6.994274247034806,2.43354716177636,30108.905935381703,7.000000154476359,8.28714031567163
6265082680310200448,28.63612560679038,3.294823140410248,13351.390271688924,8.58393777272669,6.920117787692563
3897445571422443904,-26.359796471811013,2.1013992383034683,8500.000066148972,7.00002872292936,39.37500732218523
2811363550466857344,-18.59813743229588,12.03908950949429,10965.488163478953,7.000002092920796,0.723873426431606
4387171623850187648,-31.573379126289154,1.6519095473941068,11999.87534515997,7.003654156428726,4.182123766988295
4734298439852277376,95.39114293933832,12.258663256001945,27343.90156673033,8.999994360287635,6.904689851240358
665392383790872192,15.076573011325506,2.9654801367956107,19211.569476044995,8.094516654597493,2.642190372995488
2633791288709297792,-38.74294033547428,14.22609756054257,25699.867804067766,8.999999995916031,7.882104102088688
3305972018634634880,67.40820758477855,2.1464939961240006,8223.007114518565,7.000000000697274,40.79769644888731
5075443981321647744,98.89117832805091,4.134104937582251,24999.84512950304,8.461585658042392,4.327297022291168
1737897841326227072,48.32841671061509,4.001526581200306,17251.458210292607,8.999995104763542,3.153678576733413
3638786388700921472,81.62080802320175,4.517703722172783,11165.499818787652,8.491285074823054,10.9013117937653
3270918350990573184,23.48928037072732,4.289510932148701,15707.704655253965,7.849396970668701,4.151255175078081
5100053078775660160,64.67417191819774,1.8281915717846822,8515.061794332425,7.0000000009251355,15.731181419858562
2467788122659245696,88.2151322271889,2.51623135918355,8000.000708033962,7.000394559661451,27.14371496227432
4849811172961336960,77.33118777882795,3.6528728432309023,10931.234957749912,8.250595345773053,11.444165461403147
2372473658671416960,66.96645043995173,2.7565487870134646,31326.312105924928,7.184173160436899,4.111000040858273
4646535078125821568,68.29139798156187,0.8398306680186138,19238.988155532497,7.675414961450745,3.1859422138076208
3251501727261970432,47.24976936630619,35.02346067451758,35246.59437334872,8.99999998203302,1.4330772329839574
2393546245693497728,4.98846726126285,3.5503773239544407,14604.59753847271,8.377243616560003,6.037888152395269
5850533227210203520,73.27923911663316,1.5334239916148462,8496.712671366959,8.11225423977099,10.901326745632876
1176717792385803136,10.370947909892381,2.309079249740509,11119.145416941348,8.481357355364775,9.207435417417786
3630035787972473600,42.818839432985094,0.7266334951993159,18471.556709985634,7.410573378300049,8.155176666982793
4427107020039299968,140.07925293961085,25.39293997415247,47477.42364069803,8.000007745784243,2.5463969956209445
632366829767058816,49.7847404964587,6.936188799082679,13487.959911310852,8.999999405848301,4.403636168679668
6259147585259050496,43.83228650337789,8.81806730017463,13834.950606949236,7.751250034103531,0.6797436625241067
6520516480027596288,55.64804933852183,1.2101044318124146,13873.508751681782,7.499961945279333,7.258466863896996
2338349628107880192,59.43560642717359,2.134856116855417,10630.478930137991,7.705724257215973,8.47920905707881
614643325098055680,14.227378684581282,4.397057175949064,13958.407136646498,7.3122258321989495,7.721081505170159
4347700805681797120,80.3041883723716,3.650829249398349,11183.547932143134,8.66569207378837,13.472091587108478
3829366074878263168,-3.31974103143326,4.018840539276203,15679.880936174546,8.298772533099708,4.392725443022522
4078868662206175744,-6.880667258385411,4.52191555701259,38773.614282011324,7.017492699069453,2.169130796477247
6319913126159509888,15.315637801978674,1.9429866652557122,12539.565556935093,7.5699235002763565,7.756697013356864
5353122722363361920,35.05402522341763,1.863520856072089,14000.134805203432,7.736960060062503,5.5838139619741725
6318882711964895872,-51.27099746568614,10.752807121598337,8499.831656603494,7.000201757469594,0.08419712533440796
5762406957886626816,-7.379940662574546,0.9663818089159149,27177.504808646736,7.304918540179673,7.843863176928246
1233014608793947776,21.24254895448494,3.85910263120636,16314.797443427473,7.830384429415504,4.454255445438884
2325117757286653440,44.680561501700865,6.87031814102188,16217.630650666386,7.025193631441318,5.667118113627869
2625067484281097856,-29.989279973209985,4.789182546505675,9999.872087533167,7.000076615370448,19.985883707769734
6009760034351291904,35.72679118765968,26.817772096605772,46382.374989631164,8.500059489650297,2.2675106599658363
1227992486355023616,107.53145028216134,3.875702483908384,10925.616071185395,8.999999999993257,10.97336842951085
3302674308386137856,44.577412647388186,3.8277485923096393,9048.727480988247,7.000000032881344,16.627328918592585
5187346124402986752,32.61953368706353,2.6915953180860352,12929.602641964915,8.092509707288709,4.347552004100391
2394370123500185344,115.14073534991458,17.87557025226554,10273.041786901878,8.499995215807992,1.8241123205570033
2456122476087944960,18.819019547538403,3.697902435413499,14773.860092312018,8.12854627781107,6.912860025204879
3811876594386673408,23.137136109263437,3.2222645471721325,12125.140186802197,8.277889376772377,10.772750295746436
5037128131397095168,1.5894548686870733,5.3827533482311365,12152.473003516994,8.999999813844148,10.97286461640895
13611477211053824,15.510284421994026,2.409253487907402,9177.818879426519,8.633558341729959,9.258210248040063
5122528470836031232,98.17732286779886,4.405877014034445,9905.452195444037,7.979781835275263,6.374430875636588
3702195464793095936,19.824595000149735,6.318577948238834,12005.097719295327,8.031395813745869,9.11372990721107
3705386281897262848,84.14482337076339,2.165295029563758,9699.549826500148,8.999999998208589,13.36107753021798
5035978214034036480,22.27281723696113,3.9747586104103316,20674.049909222806,7.553951163536539,4.479924291124608
3634151534873010176,165.9957523244313,7.400895674914949,11342.790422147791,8.999996506306282,12.856958087077711
585877867532382592,157.15440436922913,70.93112066764547,31115.173030091384,8.999999988625824,6.0407169088401185
3796545519645331584,13.66783103378211,4.336749891913835,13443.311386221349,8.23604810614469,5.254173100301386
4449098970582483712,-13.232402220514544,7.73975269894456,14242.273216384603,7.874135206969703,1.033581700426401
4835585377987834752,63.42307221545155,5.357759686835838,13557.384686323638,8.999999993471988,3.8693041619667063
3831358664825312384,30.81640742942321,17.62369347152138,34999.990764024216,7.678880067063121,2.8246585584306465
1815657193425348096,-4.4316463342967225,3.9335564324797847,13690.920952569211,7.505905969743705,10.260266580451509
4423116892346484480,-12.054217437987852,26.343195876622644,48071.23689388685,8.499962237305995,2.9835622706935845
3682458814461982592,12.731690131816853,4.828126997641215,10405.774794656878,8.499966573771253,18.853568907051145
3718352444565698432,-48.78667206113537,3.5743242693722017,10125.7404413495,8.999999503449427,7.552475101783832
6182607385393358848,89.25321467534015,2.0102797420225045,15500.155626166608,7.6906661851624065,4.5192209468395985
4257461275049675008,-21.471873218396215,1.6353947947991951,8720.769266144971,8.490191273798555,4.13091139396471
6603807092875065728,41.17277341506457,6.510758457109716,24999.94908430229,8.992611541013972,3.0638672745702613
3860744010725801856,44.21852116327691,7.017270404333107,14737.52952934924,8.97291534320885,4.504478455760909
2323704339384503040,51.87331943561849,2.4356061527246524,10162.009921956924,7.508974624645197,6.771736994583898
660409908193185024,24.025999101155527,4.193117214671673,11915.325822405814,7.99184829121363,7.617770868340812
3571559292842744960,28.655536625341572,3.188024536382665,12060.267027971855,7.713865877457426,8.385879171925694
6194788080147917824,39.666002222398376,3.732479754102407,10704.705411532661,8.999999157993104,11.88443007148834
3830623164560911872,143.98203690334225,1.0076429226401586,7803.996150217021,8.221968549945487,6.16411711668274
5744058376561655168,72.91364760026912,4.24721602199169,13094.781517747875,8.21223203974426,7.028847540541216
2338275136195124864,53.33148303062734,4.459849602203491,34124.81419778401,7.000000000197943,3.7178789654821522
6554999363696189056,35.139284604194856,1.5769903035862853,11331.628578543183,7.560782791877007,76.73738098059958
13469296613857152,48.1348423995839,4.487708990047921,9164.895084341417,8.415845451006357,11.613916507272304
2585189473147457408,-30.193386867268458,3.47205522317965,7788.77843155908,7.000000001421065,0.41513726016001173
5267418883330985856,24.137048012750753,11.868304771201792,46963.821400445646,7.499963682632975,3.02378286156828
1875647956587976576,6.53674718438548,3.85964903807719,15999.984699781862,7.927724676629613,6.467916341117404
4413820521529120640,49.772694019252654,6.048439824624307,15024.336829252528,8.999999985148595,4.275444377371088
4645960583300470656,80.83656755190634,1.4887087717877847,9074.292906544386,8.862776082300181,12.894446773260048
2358739727648116608,82.58730415522729,14.796829821385892,29999.815101798627,8.49093946545245,2.5476916401155547
3859871342090899328,1.8338140117322295,3.2651180801990076,10477.52387990164,8.999999998832859,8.395876664673631
4960499042889705344,47.07717226174594,36.3715639280754,24999.99940314546,7.815617604081627,0.05913201102055936
5023333658515040128,0.40068836619563,4.703503746381254,13511.664802056268,8.00001087047785,6.913191090468174
3309687027907272576,24.653395729081243,4.587668622023532,11999.973709230013,8.363349850296489,5.1605539619641245
6530721803358467968,61.263094489752326,3.2427383075087377,18305.121036247525,7.00000002273716,6.184323920371008
6826770115204739072,53.16575904046981,2.647279832703891,12590.96990423055,8.499984504488204,18.060940540081237
4454017257893306496,44.73120225105085,3.4133613662967264,11935.786053548813,7.288590585295491,10.715258785951196
2311200968031379584,114.09615646660492,20.87412504981765,51532.24272988836,7.000000000266966,2.7684738406660574
3218753701142724992,60.310094908806505,12.006388804968552,43716.29257174652,7.500002274557074,1.403531419338291
1261751715280478848,-22.265140315090026,3.6780654993610558,16499.76869746254,7.651362757977336,9.950407644795398
3875365174618907264,79.95048588433059,10.441204116636513,25932.232755671277,8.999999991622449,11.410292717403214
3564376149017654272,68.3271217815221,8.846982216061555,19277.13214844622,8.983486035358068,1.5661976396218014
6585056369469080448,-36.13106933805996,9.196120444661354,15536.84975499738,8.882688668380208,3.805439571670636
2677321641247692032,30.108209269338747,3.653059756486817,17669.555200793387,7.667049469850865,7.905012503786285
4782942513595999872,-22.14966011176213,5.99688175138065,11187.774356467744,8.999999997658406,9.786360902815552
2959967254246803328,137.8135817405078,2.9612833121451985,8058.883750246755,8.999999892569399,17.29587153396392
5005361213245945856,31.67184022092653,3.9384461841784226,19729.143602050215,7.00070805977452,5.913008793537208
1820678800528443776,43.079669410749815,2.6449209336211403,18126.285178702885,7.846787062644207,4.316797320469574
4884691594508544128,75.77936445786146,5.424913662344672,29999.8772685942,7.009463156902513,7.978432838822909
642685200933153408,22.769499165337084,0.9020600336925924,7957.185013671661,7.894457501662761,4.847485440500484
4309015794737134080,22.2197394956245,9.629714986160161,22222.92471835611,8.999999911271793,3.720074496926882
2975647836248304256,55.67134804099233,5.370317585846909,24491.985612801487,7.788364784203968,3.8736236725753797
2747611250653031040,16.93248757583144,4.514090214809373,15146.171482633568,8.919894138624176,2.7498150619282162
2364319061964016512,40.05033140139168,1.2073783476953608,8772.106300547865,8.543797639506208,13.13628000511475
2359382697136585728,84.59305690016082,4.514160654943922,10665.184470027758,7.000000000003301,27.882458122045122
72992389375581440,153.1332730453175,4.583652306524172,7499.950520579329,8.38499519342669,9.679193194988034
4447685097411960064,61.4539474207421,4.151003418739986,16499.95548922319,7.706792025076166,8.170321915229144
32880762085326336,-190.0833955604422,2.847561528968612,8732.076745950933,7.000085740214399,20.473317939850904
2625750938132516224,19.070564921058853,3.2989235638413525,19999.83847765423,7.1924344346966045,5.941408788858725
3883615188318129536,-12.134140527283563,3.6048762099691203,13824.439009889193,8.000009960208144,5.774653364881118
3868927607051816320,47.37052973313263,4.740810155819673,13967.867471568294,7.499961188975995,7.148154876144438
4922382445088509312,30.117132374299395,1.908843738350555,19164.218392181225,7.566189470866313,2.7861808525265297
3480134832273157760,29.31295633610831,11.093611690541303,10848.68883531647,8.999905432861604,18.207958028615774
6876934409805839872,22.336517657693136,4.515327503382945,14245.548465775257,7.837927313190057,5.1907897830093415
1766702297192943488,-5.774411946590421,3.341116064029766,17301.64660594691,7.493256158699944,6.059917208016252
3528008496258850560,40.72586521447515,4.292165720821824,13599.64116326937,8.702309386428679,8.58142795752857
