Name,SOURCE_ID,FileName
EC12489-2750,3495397496775173248,EC12489m2750_a_2000_07_13T01_26_13_all.dat.gz
EC12489-2750,3495397496775173248,EC12489m2750_b_2000_07_15T23_51_15_all.dat.gz
HE0031-5525,4921390960477978112,HE0031m5525_a_2002_07_27T06_08_16_all.dat.gz
HE0031-5525,4921390960477978112,HE0031m5525_b_2001_12_17T00_51_42_all.dat.gz
HE0032-2744,2343355051714253056,HE0032m2744_a_2002_09_15T03_00_04_all.dat.gz
HE0032-2744,2343355051714253056,HE0032m2744_b_2002_09_18T03_06_51_all.dat.gz
HE0043-0318,2529237113117694336,HE0043m0318_a_2002_12_02T01_31_03_all.dat.gz
HE0043-0318,2529237113117694336,HE0043m0318_b_2003_01_16T01_44_20_all.dat.gz
HE0049-0940,2473843786029439104,HE0049m0940_a_2002_09_26T08_39_31_all.dat.gz
HE0049-0940,2473843786029439104,HE0049m0940_b_2002_09_27T06_27_23_all.dat.gz
HE0103-3253,5027351170924256512,HE0103m3253_a_2002_09_15T03_36_35_all.dat.gz
HE0103-3253,5027351170924256512,HE0103m3253_b_2002_09_25T07_00_07_all.dat.gz
HE0106-3253,5026963661794939520,HE0106m3253_a_2000_12_07T02_53_55_all.dat.gz
HE0106-3253,5026963661794939520,HE0106m3253_b_2001_08_25T08_44_57_all.dat.gz
HE0130-2721,5035978214034036480,HE0130m2721_a_2002_09_15T04_41_09_all.dat.gz
HE0130-2721,5035978214034036480,HE0130m2721_b_2002_09_27T07_32_41_all.dat.gz
HE0145-0610,2467788122659245696,HE0145m0610_a_2003_01_19T01_13_47_all.dat.gz
HE0145-0610,2467788122659245696,HE0145m0610_a_2003_01_19T01_33_36_all.dat.gz
HE0145-0610,2467788122659245696,HE0145m0610_b_2003_09_21T04_12_02_all.dat.gz
HE0150+0045,2510891108771852416,HE0150p0045_a_2003_02_05T00_59_38_all.dat.gz
HE0152-5009,4940662032058418944,HE0152m5009_a_2002_09_15T09_00_08_all.dat.gz
HE0152-5009,4940662032058418944,HE0152m5009_b_2002_09_27T08_18_41_all.dat.gz
HE0201-0513,2491046298280035584,HE0201m0513_a_2002_09_20T04_28_06_all.dat.gz
HE0204-3821,4964509614631078272,HE0204m3821_a_2000_12_06T01_49_23_all.dat.gz
HE0204-3821,4964509614631078272,HE0204m3821_a_2001_09_13T09_12_30_all.dat.gz
HE0204-3821,4964509614631078272,HE0204m3821_a_2002_07_10T09_07_11_all.dat.gz
HE0204-3821,4964509614631078272,HE0204m3821_b_2002_09_10T08_42_02_all.dat.gz
HE0204-4213,4957085334163504512,HE0204m4213_a_2002_09_15T09_13_55_all.dat.gz
HE0204-4213,4957085334163504512,HE0204m4213_b_2002_09_20T04_57_32_all.dat.gz
HE0210-2012,5125057897336633344,HE0210m2012_a_2001_09_22T09_07_09_all.dat.gz
HE0210-2012,5125057897336633344,HE0210m2012_b_2002_09_10T08_56_41_all.dat.gz
HE0211-2824,5116584064300345984,HE0211m2824_a_2000_12_07T03_26_14_all.dat.gz
HE0211-2824,5116584064300345984,HE0211m2824_b_2001_02_07T00_55_39_all.dat.gz
HE0219-4049,4951125156507440384,HE0219m4049_a_2001_08_18T09_45_13_all.dat.gz
HE0219-4049,4951125156507440384,HE0219m4049_a_2002_09_05T09_22_14_all.dat.gz
HE0219-4049,4951125156507440384,HE0219m4049_b_2001_09_13T08_37_20_all.dat.gz
HE0219-4049,4951125156507440384,HE0219m4049_b_2001_09_19T09_10_32_all.dat.gz
HE0221-0535,2488754366292015744,HE0221m0535_a_2002_09_19T08_01_11_all.dat.gz
HE0221-0535,2488754366292015744,HE0221m0535_b_2002_09_20T05_57_30_all.dat.gz
HE0221-2642,5118624311204821504,HE0221m2642_a_2001_09_23T09_10_22_all.dat.gz
HE0221-2642,5118624311204821504,HE0221m2642_b_2001_02_09T01_35_58_all.dat.gz
HE0222-2336,5120365044270095232,HE0222m2336_a_2002_09_20T06_12_49_all.dat.gz
HE0222-2336,5120365044270095232,HE0222m2336_b_2002_12_08T05_49_52_all.dat.gz
HE0222-2630,5118634309888681600,HE0222m2630_a_2002_07_10T09_23_27_all.dat.gz
HE0222-2630,5118634309888681600,HE0222m2630_b_2001_02_09T01_51_28_all.dat.gz
HE0245-0008,2498564582697028864,HE0245m0008_a_2003_01_16T02_40_10_all.dat.gz
HE0246-5449,4740913887782857216,HE0246m5449_a_2002_09_20T06_52_14_all.dat.gz
HE0246-5449,4740913887782857216,HE0246m5449_b_2002_09_22T04_50_46_all.dat.gz
HE0255-1100,5160899536860481664,HE0255m1100_a_2001_02_09T00_38_09_all.dat.gz
HE0255-1100,5160899536860481664,HE0255m1100_b_2002_09_20T07_24_17_all.dat.gz
HE0256-1802,5152564272353619072,HE0256m1802_a_2002_09_20T07_38_47_all.dat.gz
HE0256-1802,5152564272353619072,HE0256m1802_b_2002_12_08T06_26_35_all.dat.gz
HE0257-2104,5079634765595460736,HE0257m2104_a_2002_09_20T07_54_12_all.dat.gz
HE0257-2104,5079634765595460736,HE0257m2104_b_2002_12_08T06_41_18_all.dat.gz
HE0300-2313,5078074837769743744,HE0300m2313_a_2000_12_06T02_12_35_all.dat.gz
HE0300-2313,5078074837769743744,HE0300m2313_b_2000_12_07T03_42_40_all.dat.gz
HE0303-2041,5103714555575829888,HE0303m2041_a_2002_09_21T06_59_20_all.dat.gz
HE0303-2041,5103714555575829888,HE0303m2041_b_2002_09_27T09_13_45_all.dat.gz
HE0305-1145,5159714332045197568,HE0305m1145_a_2000_12_11T02_53_54_all.dat.gz
HE0305-1145,5159714332045197568,HE0305m1145_a_2001_02_08T00_55_41_all.dat.gz
HE0305-1145,5159714332045197568,HE0305m1145_b_2001_02_07T01_10_06_all.dat.gz
HE0308-2305,5075443981321647744,HE0308m2305_a_2001_02_09T01_20_32_all.dat.gz
HE0308-2305,5075443981321647744,HE0308m2305_b_2001_02_07T01_44_01_all.dat.gz
HE0317-2120,5100053078775660160,HE0317m2120_a_2001_02_06T03_12_20_all.dat.gz
HE0317-2120,5100053078775660160,HE0317m2120_b_2001_02_07T02_08_39_all.dat.gz
HE0320-1917,5104856776357892480,HE0320m1917_a_2001_02_06T03_28_27_all.dat.gz
HE0320-1917,5104856776357892480,HE0320m1917_b_2001_02_07T02_38_31_all.dat.gz
HE0324-0646,5168944835239726080,HE0324m0646_a_2002_02_27T00_49_26_all.dat.gz
HE0324-0646,5168944835239726080,HE0324m0646_b_2002_03_04T00_25_34_all.dat.gz
HE0324-2234,5098930339964725248,HE0324m2234_a_2002_03_05T00_31_57_all.dat.gz
HE0324-2234,5098930339964725248,HE0324m2234_b_2002_09_14T09_26_22_all.dat.gz
HE0325-4033,4849811172961336960,HE0325m4033_a_2002_09_21T08_54_24_all.dat.gz
HE0325-4033,4849811172961336960,HE0325m4033_b_2002_09_22T05_51_33_all.dat.gz
HE0330-4736,4833967725801565696,HE0330m4736_a_2000_12_07T04_01_32_all.dat.gz
HE0330-4736,4833967725801565696,HE0330m4736_b_2000_12_13T06_58_13_all.dat.gz
HE0333-2201,5088334621288740992,HE0333m2201_a_2000_12_11T03_49_30_all.dat.gz
HE0333-2201,5088334621288740992,HE0333m2201_b_2001_01_15T02_24_25_all.dat.gz
HE0336-0741,3243842361760113408,HE0336m0741_a_2002_03_03T01_11_18_all.dat.gz
HE0336-0741,3243842361760113408,HE0336m0741_b_2002_03_01T00_55_00_all.dat.gz
HE0338-3025,5055975238166788352,HE0338m3025_a_2001_09_18T08_57_10_all.dat.gz
HE0338-3025,5055975238166788352,HE0338m3025_b_2001_09_19T09_25_33_all.dat.gz
HE0344-1207,5114767980330242688,HE0344m1207_a_2001_02_06T02_57_09_all.dat.gz
HE0344-1207,5114767980330242688,HE0344m1207_b_2001_02_07T02_53_38_all.dat.gz
HE0348-2404,5083966055431334912,HE0348m2404_a_2001_09_14T09_28_38_all.dat.gz
HE0348-2404,5083966055431334912,HE0348m2404_b_2001_09_15T09_11_32_all.dat.gz
HE0348-4445,4835585377987834752,HE0348m4445_a_2000_09_15T06_31_31_all.dat.gz
HE0348-4445,4835585377987834752,HE0348m4445_b_2000_09_17T08_02_17_all.dat.gz
HE0349-2537,5083478078426926976,HE0349m2537_a_2000_12_11T03_34_19_all.dat.gz
HE0349-2537,5083478078426926976,HE0349m2537_b_2001_01_15T01_45_13_all.dat.gz
HE0358-5127,4828757999190736128,HE0358m5127_a_2000_07_15T09_48_14_all.dat.gz
HE0358-5127,4828757999190736128,HE0358m5127_b_2000_07_17T09_42_48_all.dat.gz
HE0358-5127,4828757999190736128,HE0358m5127_b_2000_07_18T09_09_32_all.dat.gz
HE0403-4129,4842194473663089920,HE0403m4129_a_2000_07_15T10_03_01_all.dat.gz
HE0403-4129,4842194473663089920,HE0403m4129_b_2000_07_17T10_03_47_all.dat.gz
HE0403-4129,4842194473663089920,HE0403m4129_b_2000_07_18T09_24_07_all.dat.gz
HE0404-1852,5095932968188685696,HE0404m1852_a_2000_12_17T05_58_43_all.dat.gz
HE0409-5154,4780544792270137088,HE0409m5154_a_2000_09_15T09_10_37_all.dat.gz
HE0409-5154,4780544792270137088,HE0409m5154_a_2001_09_13T09_28_16_all.dat.gz
HE0409-5154,4780544792270137088,HE0409m5154_a_2001_12_15T06_44_16_all.dat.gz
HE0414-4039,4841115341656167552,HE0414m4039_a_2000_12_11T04_49_41_all.dat.gz
HE0414-4039,4841115341656167552,HE0414m4039_b_2000_12_17T05_42_48_all.dat.gz
HE0416-1034,3191249387709577088,HE0416m1034_a_2000_12_17T06_13_33_all.dat.gz
HE0416-1034,3191249387709577088,HE0416m1034_b_2001_01_15T03_03_34_all.dat.gz
HE0416-3852,4844370755067765504,HE0416m3852_a_2000_12_11T04_32_31_all.dat.gz
HE0416-3852,4844370755067765504,HE0416m3852_b_2000_12_17T05_27_10_all.dat.gz
HE0417-3033,4884691594508544128,HE0417m3033_a_2001_12_28T02_22_41_all.dat.gz
HE0417-3033,4884691594508544128,HE0417m3033_b_2002_09_15T08_16_56_all.dat.gz
HE0418-1021,3191269144559159936,HE0418m1021_a_2002_09_13T09_13_48_all.dat.gz
HE0418-1021,3191269144559159936,HE0418m1021_b_2001_12_27T04_22_26_all.dat.gz
HE0418-5326,4779427928974390272,HE0418m5326_a_2000_07_18T10_06_00_all.dat.gz
HE0418-5326,4779427928974390272,HE0418m5326_b_2000_08_05T09_23_44_all.dat.gz
HE0423-2822,4892048018790150656,HE0423m2822_a_2001_12_04T06_28_50_all.dat.gz
HE0423-2822,4892048018790150656,HE0423m2822_a_2002_09_23T06_36_23_all.dat.gz
HE0423-2822,4892048018790150656,HE0423m2822_b_2001_12_28T02_04_50_all.dat.gz
HE0425-2015,4899868157803497984,HE0425m2015_a_2002_09_23T07_04_21_all.dat.gz
HE0425-2015,4899868157803497984,HE0425m2015_b_2002_09_25T08_49_17_all.dat.gz
HE0426-0455,3202808828330265088,HE0426m0455_a_2000_12_11T03_14_09_all.dat.gz
HE0426-0455,3202808828330265088,HE0426m0455_a_2000_12_11T03_21_26_all.dat.gz
HE0426-0455,3202808828330265088,HE0426m0455_b_2000_12_07T06_42_11_all.dat.gz
HE0426-1011,3179499250541535744,HE0426m1011_a_2002_03_05T01_10_26_all.dat.gz
HE0426-1011,3179499250541535744,HE0426m1011_b_2002_09_23T07_35_52_all.dat.gz
HE0436-1633,3171373722173234048,HE0436m1633_a_2002_02_10T01_37_29_all.dat.gz
HE0436-1633,3171373722173234048,HE0436m1633_b_2002_09_23T08_56_42_all.dat.gz
HE0452-3429,4873109308958466432,HE0452m3429_a_2002_02_26T03_10_35_all.dat.gz
HE0452-3429,4873109308958466432,HE0452m3429_b_2002_03_05T01_25_14_all.dat.gz
HE0452-3444,4873054711334208256,HE0452m3444_a_2001_01_15T02_44_37_all.dat.gz
HE0452-3444,4873054711334208256,HE0452m3444_b_2000_12_13T06_27_50_all.dat.gz
HE0455-5315,4782942513595999872,HE0455m5315_a_2001_12_04T07_24_33_all.dat.gz
HE0455-5315,4782942513595999872,HE0455m5315_a_2002_02_26T02_54_41_all.dat.gz
HE0455-5315,4782942513595999872,HE0455m5315_b_2002_09_15T08_45_31_all.dat.gz
HE0456-2347,2960529070328892928,HE0456m2347_a_2002_02_10T01_04_31_all.dat.gz
HE0456-2347,2960529070328892928,HE0456m2347_b_2002_02_26T03_42_46_all.dat.gz
HE0507-1855,2975647836248304256,HE0507m1855_a_2000_09_15T08_31_30_all.dat.gz
HE0507-1855,2975647836248304256,HE0507m1855_b_2000_09_17T08_17_23_all.dat.gz
HE0508-2343,2959967254246803328,HE0508m2343_a_2001_04_07T00_23_10_all.dat.gz
HE0508-2343,2959967254246803328,HE0508m2343_b_2001_04_09T00_48_52_all.dat.gz
HE0516-1804,2981590730954538112,HE0516m1804_a_2000_12_06T07_22_14_all.dat.gz
HE0516-1804,2981590730954538112,HE0516m1804_b_2000_12_07T08_15_01_all.dat.gz
HE0532-5605,4766810380210581632,HE0532m5605_a_2000_09_15T08_16_55_all.dat.gz
HE0532-5605,4766810380210581632,HE0532m5605_b_2000_09_16T09_26_55_all.dat.gz
HE1012-0049,3830680854561582464,HE1012m0049_a_2000_04_21T02_53_07_all.dat.gz
HE1012-0049,3830680854561582464,HE1012m0049_b_2000_05_16T23_34_37_all.dat.gz
HE1124+0144,3798659326454564224,HE1124p0144_a_2000_07_01T23_28_54_all.dat.gz
HE1124+0144,3798659326454564224,HE1124p0144_b_2000_07_02T23_34_34_all.dat.gz
HE1152-1244,3574739561506431104,HE1152m1244_a_2000_04_22T02_04_15_all.dat.gz
HE1152-1244,3574739561506431104,HE1152m1244_b_2000_05_19T01_42_11_all.dat.gz
HE1215+0227,3701048502366477824,HE1215p0227_a_2000_07_12T23_03_58_all.dat.gz
HE1215+0227,3701048502366477824,HE1215p0227_b_2000_07_15T23_22_22_all.dat.gz
HE1225+0038,3696778892558087552,HE1225p0038_a_2000_04_22T02_43_49_all.dat.gz
HE1225+0038,3696778892558087552,HE1225p0038_b_2000_05_17T03_44_10_all.dat.gz
HE1225+0038,3696778892558087552,HE1225p0038_b_2000_07_04T23_27_41_all.dat.gz
HE1247-1130,3529574716212596736,HE1247m1130_a_2002_04_23T01_00_25_all.dat.gz
HE1247-1130,3529574716212596736,HE1247m1130_b_2002_04_29T05_08_05_all.dat.gz
HE1252-0202,3682458814461982592,HE1252m0202_a_2000_07_13T01_41_07_all.dat.gz
HE1252-0202,3682458814461982592,HE1252m0202_b_2000_07_16T00_05_53_all.dat.gz
HE1258+0123,3690323316193465344,HE1258p0123_a_2000_06_08T00_27_45_all.dat.gz
HE1258+0123,3690323316193465344,HE1258p0123_b_2000_07_02T02_25_08_all.dat.gz
HE1307-0059,3685854179383579136,HE1307m0059_a_2000_07_14T00_10_34_all.dat.gz
HE1307-0059,3685854179383579136,HE1307m0059_b_2000_07_17T00_23_29_all.dat.gz
HE1310-0337,3636072278607729920,HE1310m0337_a_2000_07_11T02_12_42_all.dat.gz
HE1310-0337,3636072278607729920,HE1310m0337_a_2000_07_11T02_25_02_all.dat.gz
HE1310-0337,3636072278607729920,HE1310m0337_b_2000_07_15T00_55_51_all.dat.gz
HE1315-1105,3623233040812235904,HE1315m1105_a_2000_04_23T01_30_26_all.dat.gz
HE1315-1105,3623233040812235904,HE1315m1105_b_2000_05_19T03_07_36_all.dat.gz
HE1325-0854,3629976620502866944,HE1325m0854_a_2000_05_20T00_32_05_all.dat.gz
HE1325-0854,3629976620502866944,HE1325m0854_b_2000_05_22T00_57_57_all.dat.gz
HE1326-0041,3638786388700921472,HE1326m0041_a_2000_07_13T01_55_46_all.dat.gz
HE1326-0041,3638786388700921472,HE1326m0041_b_2000_07_16T00_20_48_all.dat.gz
HE1328-0535,3631829778632099328,HE1328m0535_a_2000_07_13T02_11_55_all.dat.gz
HE1328-0535,3631829778632099328,HE1328m0535_b_2000_07_16T00_35_21_all.dat.gz
HE1335-0332,3634151534873010176,HE1335m0332_a_2000_07_15T01_09_38_all.dat.gz
HE1335-0332,3634151534873010176,HE1335m0332_b_2000_07_18T01_02_26_all.dat.gz
HE1340-0530,3632418223511334016,HE1340m0530_a_2000_07_16T01_33_19_all.dat.gz
HE1340-0530,3632418223511334016,HE1340m0530_b_2000_07_18T01_16_16_all.dat.gz
HE1413+0021,3653928313083020416,HE1413p0021_a_2000_07_13T02_56_57_all.dat.gz
HE1413+0021,3653928313083020416,HE1413p0021_b_2000_07_16T01_02_57_all.dat.gz
HE1429-0343,3642258577702062720,HE1429m0343_a_2000_07_14T01_45_16_all.dat.gz
HE1429-0343,3642258577702062720,HE1429m0343_b_2000_07_17T01_51_59_all.dat.gz
HE1441-0047,3650552739370519680,HE1441m0047_a_2000_07_13T03_52_38_all.dat.gz
HE1441-0047,3650552739370519680,HE1441m0047_b_2000_07_16T01_18_32_all.dat.gz
HE1511-0448,6335184655474717312,HE1511m0448_a_2000_06_01T06_05_53_all.dat.gz
HE1511-0448,6335184655474717312,HE1511m0448_b_2000_06_06T05_20_53_all.dat.gz
HE1511-0448,6335184655474717312,HE1511m0448_b_2000_06_06T05_36_55_all.dat.gz
HE1511-0448,6335184655474717312,HE1511m0448_c_2001_07_18T00_00_21_all.dat.gz
HE1511-0448,6335184655474717312,HE1511m0448_d_2001_06_18T02_47_40_all.dat.gz
HE1518-0020,4415725940820061824,HE1518m0020_a_2000_07_14T02_18_18_all.dat.gz
HE1518-0020,4415725940820061824,HE1518m0020_b_2000_07_18T03_27_43_all.dat.gz
HE1518-0344,4413820521529120640,HE1518m0344_a_2000_07_05T03_28_10_all.dat.gz
HE1518-0344,4413820521529120640,HE1518m0344_b_2000_07_06T03_17_55_all.dat.gz
HE1522-0410,4401558183740868480,HE1522m0410_a_2000_07_13T04_22_16_all.dat.gz
HE1522-0410,4401558183740868480,HE1522m0410_b_2000_07_18T03_56_00_all.dat.gz
HE1522-0410,4401558183740868480,HE1522m0410_b_2000_07_30T02_21_33_all.dat.gz
HE2133-1332,6842831888437047680,HE2133m1332_a_2001_09_20T01_26_51_all.dat.gz
HE2133-1332,6842831888437047680,HE2133m1332_b_2001_08_21T01_46_31_all.dat.gz
HE2135-4055,6578616598584224640,HE2135m4055_a_2000_05_17T09_41_48_all.dat.gz
HE2135-4055,6578616598584224640,HE2135m4055_b_2003_05_13T09_44_31_all.dat.gz
HE2140-1825,6836795672680406272,HE2140m1825_a_2001_06_18T09_10_41_all.dat.gz
HE2140-1825,6836795672680406272,HE2140m1825_b_2001_08_20T02_00_15_all.dat.gz
HE2148-3857,6585056369469080448,HE2148m3857_b_2000_05_22T09_20_05_all.dat.gz
HE2155-3150,6615959586875261056,HE2155m3150_a_2001_06_18T09_26_06_all.dat.gz
HE2155-3150,6615959586875261056,HE2155m3150_b_2001_08_17T01_52_31_all.dat.gz
HE2159-1649,6826770115204739072,HE2159m1649_a_2000_12_07T00_28_14_all.dat.gz
HE2159-1649,6826770115204739072,HE2159m1649_b_2000_12_13T00_35_41_all.dat.gz
HE2159-1649,6826770115204739072,HE2159m1649_b_2001_08_20T02_45_08_all.dat.gz
HE2203-0101,2677321641247692032,HE2203m0101_a_2002_09_23T02_59_57_all.dat.gz
HE2203-0101,2677321641247692032,HE2203m0101_b_2001_08_20T03_01_03_all.dat.gz
HE2220-0633,2625750938132516224,HE2220m0633_a_2002_09_24T04_02_05_all.dat.gz
HE2220-0633,2625750938132516224,HE2220m0633_b_2001_08_23T02_52_16_all.dat.gz
HE2221-1630,2595728287804350720,HE2221m1630_a_2002_06_09T09_32_06_all.dat.gz
HE2221-1630,2595728287804350720,HE2221m1630_b_2001_08_23T03_06_53_all.dat.gz
HE2230-1230,2601689466188247808,HE2230m1230_a_2001_06_19T09_42_28_all.dat.gz
HE2230-1230,2601689466188247808,HE2230m1230_b_2001_08_23T03_40_00_all.dat.gz
HE2238-0433,2625067484281097856,HE2238m0433_a_2001_09_20T04_45_53_all.dat.gz
HE2238-0433,2625067484281097856,HE2238m0433_b_2002_09_25T03_00_08_all.dat.gz
HE2238-0433,2625067484281097856,HE2238m0433_b_2003_06_14T09_41_58_all.dat.gz
HE2246-0658,2611423167751076224,HE2246m0658_a_2001_09_20T04_56_40_all.dat.gz
HE2246-0658,2611423167751076224,HE2246m0658_b_2002_09_24T05_47_38_all.dat.gz
HE2246-0658,2611423167751076224,HE2246m0658_b_2003_06_13T10_17_32_all.dat.gz
HE2251-6218,6394778525002127104,HE2251m6218_a_2001_09_01T01_02_46_all.dat.gz
HE2251-6218,6394778525002127104,HE2251m6218_b_2001_09_02T00_12_35_all.dat.gz
HE2315-0511,2633791288709297792,HE2315m0511_a_2000_07_11T04_35_06_all.dat.gz
HE2315-0511,2633791288709297792,HE2315m0511_a_2000_07_11T04_46_35_all.dat.gz
HE2315-0511,2633791288709297792,HE2315m0511_b_2000_07_17T06_55_21_all.dat.gz
HE2334-1355,2432056468657830784,HE2334m1355_a_2002_09_27T04_37_55_all.dat.gz
HE2334-1355,2432056468657830784,HE2334m1355_b_2002_09_30T02_20_16_all.dat.gz
HE2345-4810,6524412152806190336,HE2345m4810_a_2001_09_10T02_22_09_all.dat.gz
HE2345-4810,6524412152806190336,HE2345m4810_b_2002_07_11T09_27_30_all.dat.gz
HE2347-4608,6530721803358467968,HE2347m4608_a_2002_09_15T02_23_24_all.dat.gz
HE2347-4608,6530721803358467968,HE2347m4608_b_2002_09_25T07_14_35_all.dat.gz
HE2356-4513,6530974072557448064,HE2356m4513_a_2001_09_11T02_57_10_all.dat.gz
HE2356-4513,6530974072557448064,HE2356m4513_a_2002_07_11T08_40_10_all.dat.gz
HE2356-4513,6530974072557448064,HE2356m4513_b_2002_07_11T08_52_25_all.dat.gz
HE2356-4513,6530974072557448064,HE2356m4513_b_2002_08_14T09_40_13_all.dat.gz
HS0002+1635,2772855182928578560,HS0002p1635_a_2002_12_02T01_07_32_all.dat.gz
HS0002+1635,2772855182928578560,HS0002p1635_b_2003_09_07T04_47_46_all.dat.gz
HS0047+1903,2788992130973584640,HS0047p1903_a_2002_09_19T04_38_23_all.dat.gz
HS0047+1903,2788992130973584640,HS0047p1903_b_2002_09_27T05_30_43_all.dat.gz
HS0047+1903,2788992130973584640,HS0047p1903_b_2003_09_07T05_01_56_all.dat.gz
HS0129+1041,2585306399337120128,HS0129p1041_a_2002_09_19T05_40_54_all.dat.gz
HS0129+1041,2585306399337120128,HS0129p1041_b_2002_09_27T07_18_24_all.dat.gz
HS0130+0156,2558916466707621504,HS0130p0156_a_2002_09_30T04_37_29_all.dat.gz
HS0130+0156,2558916466707621504,HS0130p0156_b_2001_08_22T08_54_07_all.dat.gz
HS0145+1737,91690164426711040,HS0145p1737_a_2002_09_19T06_22_53_all.dat.gz
HS0145+1737,91690164426711040,HS0145p1737_b_2002_09_30T05_06_54_all.dat.gz
HS0200+2449,105299786211260160,HS0200p2449_a_2002_09_18T07_26_37_all.dat.gz
HS0200+2449,105299786211260160,HS0200p2449_b_2003_01_17T01_05_57_all.dat.gz
HS0213+1145,72992389375581440,HS0213p1145_a_2002_09_19T07_42_34_all.dat.gz
HS0213+1145,72992389375581440,HS0213p1145_b_2003_01_16T01_58_18_all.dat.gz
HS0223+1211,74336778563550464,HS0223p1211_a_2002_12_31T01_19_09_all.dat.gz
HS0225+0010,2501224305619721984,HS0225p0010_a_2002_09_20T08_11_49_all.dat.gz
HS0225+0010,2501224305619721984,HS0225p0010_b_2002_12_31T01_49_27_all.dat.gz
HS0241+1411,32880762085326336,HS0241p1411_a_2002_09_20T08_54_45_all.dat.gz
HS0307+0746,13611477211053824,HS0307p0746_a_2002_09_21T07_42_49_all.dat.gz
HS0307+0746,13611477211053824,HS0307p0746_b_2003_02_04T01_15_51_all.dat.gz
HS0315+0858,14141304376849280,HS0315p0858_a_2002_09_21T08_23_21_all.dat.gz
HS0315+0858,14141304376849280,HS0315p0858_b_2002_09_22T05_23_07_all.dat.gz
HS0325+2142,61497407625478272,HS0325p2142_a_2002_09_21T06_01_12_all.dat.gz
HS0329+1121,13469296613857152,HS0329p1121_a_2002_09_22T06_23_54_all.dat.gz
HS0331+2240,67620897117741440,HS0331p2240_a_2002_09_21T06_16_39_all.dat.gz
HS0331+2240,67620897117741440,HS0331p2240_b_2003_08_11T10_00_18_all.dat.gz
HS0344+0944,3302674308386137856,HS0344p0944_a_2002_09_22T07_19_23_all.dat.gz
HS0344+0944,3302674308386137856,HS0344p0944_b_2003_02_04T01_45_14_all.dat.gz
HS0345+1324,37976345646670464,HS0345p1324_a_2002_09_22T07_34_34_all.dat.gz
HS0345+1324,37976345646670464,HS0345p1324_b_2003_02_25T00_44_08_all.dat.gz
HS0346+0755,3277482882085624192,HS0346p0755_a_2003_02_04T01_59_42_all.dat.gz
HS0346+0755,3277482882085624192,HS0346p0755_b_2003_02_25T01_00_22_all.dat.gz
HS0400+1451,39305036729495936,HS0400p1451_a_2002_03_04T00_58_20_all.dat.gz
HS0400+1451,39305036729495936,HS0400p1451_b_2002_09_21T06_42_08_all.dat.gz
HS0412+0632,3297249936488848384,HS0412p0632_a_2002_02_19T01_02_45_all.dat.gz
HS0412+0632,3297249936488848384,HS0412p0632_b_2003_01_18T04_19_01_all.dat.gz
HS0503+0154,3229005792373924224,HS0503p0154_a_2001_12_15T07_49_15_all.dat.gz
HS0503+0154,3229005792373924224,HS0503p0154_b_2002_02_22T00_31_59_all.dat.gz
HS0820+2503,679177201586401280,HS0820p2503_a_2003_01_24T03_30_44_all.dat.gz
HS0820+2503,679177201586401280,HS0820p2503_b_2003_02_18T02_42_44_all.dat.gz
HS0929+0839,588063421770438400,HS0929p0839_a_2003_01_24T05_27_27_all.dat.gz
HS0929+0839,588063421770438400,HS0929p0839_b_2003_02_20T01_13_19_all.dat.gz
HS0931+0712,3852811476713249536,HS0931p0712_a_2002_02_17T05_50_57_all.dat.gz
HS0931+0712,3852811476713249536,HS0931p0712_b_2002_02_22T03_32_40_all.dat.gz
HS0933+0028,3840288524603932800,HS0933p0028_a_2003_01_17T03_50_01_all.dat.gz
HS0933+0028,3840288524603932800,HS0933p0028_b_2003_01_24T04_32_50_all.dat.gz
HS0937+0130,3846451454781376512,HS0937p0130_a_2002_03_23T02_47_50_all.dat.gz
HS0937+0130,3846451454781376512,HS0937p0130_b_2002_12_28T08_16_45_all.dat.gz
HS0943+1401,614643325098055680,HS0943p1401_a_2003_01_24T05_55_13_all.dat.gz
HS0943+1401,614643325098055680,HS0943p1401_b_2003_02_25T02_01_34_all.dat.gz
HS0944+1913,627412945768300800,HS0944p1913_a_2003_01_24T06_08_52_all.dat.gz
HS0944+1913,627412945768300800,HS0944p1913_b_2003_02_25T01_47_28_all.dat.gz
HS0949+0823,3877952432852336128,HS0949p0823_a_2003_01_24T06_24_23_all.dat.gz
HS0949+0823,3877952432852336128,HS0949p0823_b_2003_01_24T06_38_52_all.dat.gz
HS0949+0823,3877952432852336128,HS0949p0823_b_2003_02_14T04_18_36_all.dat.gz
HS0949+0823,3877952432852336128,HS0949p0823_b_2003_02_14T04_29_58_all.dat.gz
HS0949+0935,3878937457832171776,HS0949p0935_a_2001_12_20T08_02_04_all.dat.gz
HS0949+0935,3878937457832171776,HS0949p0935_b_2002_02_22T04_44_26_all.dat.gz
HS1003+0726,3874412413432647680,HS1003p0726_a_2002_05_24T01_56_20_all.dat.gz
HS1003+0726,3874412413432647680,HS1003p0726_b_2003_01_17T04_55_02_all.dat.gz
HS1013+0321,3859871342090899328,HS1013p0321_a_2002_05_24T02_11_57_all.dat.gz
HS1013+0321,3859871342090899328,HS1013p0321_b_2003_01_24T04_46_28_all.dat.gz
HS1043+0258,3809362934711715712,HS1043p0258_a_2003_01_24T07_31_13_all.dat.gz
HS1043+0258,3809362934711715712,HS1043p0258_b_2003_02_14T05_26_11_all.dat.gz
HS1053+0844,3865978987449159168,HS1053p0844_a_2002_02_17T06_55_40_all.dat.gz
HS1053+0844,3865978987449159168,HS1053p0844_b_2002_02_22T05_15_33_all.dat.gz
HS1102+0032,3804239558419007744,HS1102p0032_a_2002_04_29T04_53_47_all.dat.gz
HS1102+0032,3804239558419007744,HS1102p0032_b_2003_01_18T05_31_33_all.dat.gz
HS1102+0934,3866880552624195584,HS1102p0934_a_2002_02_25T06_25_59_all.dat.gz
HS1102+0934,3866880552624195584,HS1102p0934_a_2002_03_03T06_56_20_all.dat.gz
HS1102+0934,3866880552624195584,HS1102p0934_b_2003_01_18T05_18_04_all.dat.gz
HS1115+0321,3811876594386673408,HS1115p0321_a_2002_04_29T04_39_11_all.dat.gz
HS1115+0321,3811876594386673408,HS1115p0321_b_2003_01_17T06_26_52_all.dat.gz
HS1136+0326,3800633813114930688,HS1136p0326_a_2003_01_18T06_34_48_all.dat.gz
HS1136+0326,3800633813114930688,HS1136p0326_b_2003_01_19T04_57_55_all.dat.gz
HS1136+1359,3918029283792258304,HS1136p1359_a_2002_04_29T04_24_02_all.dat.gz
HS1136+1359,3918029283792258304,HS1136p1359_b_2003_01_18T06_19_52_all.dat.gz
HS1144+1517,3924401920043360896,HS1144p1517_a_2002_02_23T06_53_05_all.dat.gz
HS1144+1517,3924401920043360896,HS1144p1517_b_2002_02_25T07_57_55_all.dat.gz
HS1153+1416,3923263135234800768,HS1153p1416_a_2003_01_18T07_02_05_all.dat.gz
HS1153+1416,3923263135234800768,HS1153p1416_b_2003_02_14T06_07_01_all.dat.gz
HS1204+0159,3891718417216600448,HS1204p0159_a_2002_02_23T07_24_57_all.dat.gz
HS1204+0159,3891718417216600448,HS1204p0159_b_2002_02_24T06_55_51_all.dat.gz
HS1243+0132,3702195464793095936,HS1243p0132_a_2002_04_29T05_17_17_all.dat.gz
HS1243+0132,3702195464793095936,HS1243p0132_b_2003_01_17T08_08_17_all.dat.gz
HS1249+0426,3705386281897262848,HS1249p0426_a_2001_06_20T00_22_13_all.dat.gz
HS1249+0426,3705386281897262848,HS1249p0426_b_2001_07_23T00_07_55_all.dat.gz
HS1305+0029,3690709554012428416,HS1305p0029_a_2001_06_20T01_30_25_all.dat.gz
HS1305+0029,3690709554012428416,HS1305p0029_b_2003_01_17T08_36_09_all.dat.gz
HS1308+1646,3936999437080327040,HS1308p1646_a_2003_01_19T07_08_44_all.dat.gz
HS1308+1646,3936999437080327040,HS1308p1646_b_2003_02_14T06_44_02_all.dat.gz
HS1334+0701,3718352444565698432,HS1334p0701_a_2001_06_18T01_05_40_all.dat.gz
HS1334+0701,3718352444565698432,HS1334p0701_b_2002_04_23T06_00_05_all.dat.gz
HS1338+0807,3724583445679765632,HS1338p0807_a_2001_06_20T02_10_18_all.dat.gz
HS1338+0807,3724583445679765632,HS1338p0807_b_2001_08_18T23_51_59_all.dat.gz
HS1410+0809,3674476639217656576,HS1410p0809_a_2002_04_23T02_17_16_all.dat.gz
HS1430+1339,1179764607826002688,HS1430p1339_a_2001_08_22T00_14_02_all.dat.gz
HS1430+1339,1179764607826002688,HS1430p1339_b_2001_08_19T00_49_59_all.dat.gz
HS1432+1441,1227992486355023616,HS1432p1441_a_2001_08_21T00_15_47_all.dat.gz
HS1432+1441,1227992486355023616,HS1432p1441_b_2001_08_16T00_01_34_all.dat.gz
HS1447+0454,1158347014670132864,HS1447p0454_a_2001_06_18T02_03_38_all.dat.gz
HS1447+0454,1158347014670132864,HS1447p0454_b_2001_08_16T01_02_39_all.dat.gz
HS1517+0814,1163912467652160896,HS1517p0814_a_2001_06_20T03_20_55_all.dat.gz
HS1517+0814,1163912467652160896,HS1517p0814_b_2001_07_25T23_33_32_all.dat.gz
HS1527+0614,4429106481934491136,HS1527p0614_a_2001_06_20T03_39_48_all.dat.gz
HS1527+0614,4429106481934491136,HS1527p0614_b_2001_07_25T23_49_52_all.dat.gz
HS1609+1426,4464512886654172160,HS1609p1426_a_2001_06_28T01_02_22_all.dat.gz
HS1609+1426,4464512886654172160,HS1609p1426_a_2001_06_28T01_51_04_all.dat.gz
HS1609+1426,4464512886654172160,HS1609p1426_b_2001_08_15T01_43_05_all.dat.gz
HS1614+1136,4454017257893306496,HS1614p1136_a_2002_06_18T02_13_25_all.dat.gz
HS1614+1136,4454017257893306496,HS1614p1136_b_2003_07_19T03_38_43_all.dat.gz
HS1616+0247,4436059415517432064,HS1616p0247_a_2002_06_18T01_59_12_all.dat.gz
HS1616+0247,4436059415517432064,HS1616p0247_b_2002_09_24T23_59_54_all.dat.gz
HS1641+1124,4447022061837071744,HS1641p1124_a_2001_07_26T02_22_08_all.dat.gz
HS1641+1124,4447022061837071744,HS1641p1124_b_2001_07_27T00_52_11_all.dat.gz
HS1646+1059,4447685097411960064,HS1646p1059_a_2001_07_27T01_50_31_all.dat.gz
HS1646+1059,4447685097411960064,HS1646p1059_b_2001_08_16T02_10_37_all.dat.gz
HS1648+1300,4449098970582483712,HS1648p1300_a_2001_07_26T01_11_45_all.dat.gz
HS1648+1300,4449098970582483712,HS1648p1300_b_2001_07_27T01_36_07_all.dat.gz
HS1705+2228,4568179481487112832,HS1705p2228_a_2002_09_04T00_21_11_all.dat.gz
HS1705+2228,4568179481487112832,HS1705p2228_a_2002_09_04T00_31_46_all.dat.gz
HS1705+2228,4568179481487112832,HS1705p2228_b_2002_09_21T00_20_01_all.dat.gz
HS2046+0044,4228449385142100480,HS2046p0044_a_2002_09_04T02_58_02_all.dat.gz
HS2046+0044,4228449385142100480,HS2046p0044_a_2002_09_04T03_10_23_all.dat.gz
HS2046+0044,4228449385142100480,HS2046p0044_b_2002_09_21T00_03_14_all.dat.gz
HS2056+0721,1737897841326227072,HS2056p0721_a_2001_08_19T02_24_58_all.dat.gz
HS2056+0721,1737897841326227072,HS2056p0721_b_2001_08_21T01_15_32_all.dat.gz
HS2058+0823,1738071701601163264,HS2058p0823_a_2001_08_24T01_42_58_all.dat.gz
HS2058+0823,1738071701601163264,HS2058p0823_b_2001_08_20T01_03_55_all.dat.gz
HS2059+0208,1730310347805122816,HS2059p0208_a_2002_09_04T03_24_41_all.dat.gz
HS2059+0208,1730310347805122816,HS2059p0208_b_2002_09_22T00_37_50_all.dat.gz
HS2108+1734,1788040794231829376,HS2108p1734_a_2002_07_10T06_39_05_all.dat.gz
HS2108+1734,1788040794231829376,HS2108p1734_b_2002_09_10T01_00_08_all.dat.gz
HS2108+1734,1788040794231829376,HS2108p1734_b_2003_08_10T03_52_31_all.dat.gz
HS2130+1215,1769941011771984768,HS2130p1215_a_2002_09_23T01_58_38_all.dat.gz
HS2130+1215,1769941011771984768,HS2130p1215_b_2002_09_24T01_00_35_all.dat.gz
HS2132+0941,1742342784582615936,HS2132p0941_c_2001_08_24T02_25_19_all.dat.gz
HS2132+0941,1742342784582615936,HS2132p0941_d_2001_08_20T01_29_53_all.dat.gz
HS2138+0910,1741417790361772160,HS2138p0910_a_2001_08_24T02_40_54_all.dat.gz
HS2138+0910,1741417790361772160,HS2138p0910_b_2001_08_20T01_44_49_all.dat.gz
HS2210+2323,1879147564661258240,HS2210p2323_a_2002_09_24T02_46_40_all.dat.gz
HS2210+2323,1879147564661258240,HS2210p2323_b_2002_09_25T00_15_51_all.dat.gz
HS2225+2158,1874832084599745920,HS2225p2158_a_2002_09_25T02_14_44_all.dat.gz
HS2225+2158,1874832084599745920,HS2225p2158_b_2002_09_26T03_19_42_all.dat.gz
HS2229+2335,1875647956587976576,HS2229p2335_a_2002_09_25T02_28_04_all.dat.gz
HS2229+2335,1875647956587976576,HS2229p2335_b_2002_09_26T03_32_58_all.dat.gz
HS2233+0008,2654170736729886976,HS2233p0008_a_2002_09_25T02_42_28_all.dat.gz
HS2233+0008,2654170736729886976,HS2233p0008_b_2002_09_26T03_47_15_all.dat.gz
HS2244+0305,2656542452030717952,HS2244p0305_a_2002_09_24T05_33_40_all.dat.gz
HS2244+0305,2656542452030717952,HS2244p0305_b_2002_09_25T03_53_21_all.dat.gz
HS2244+2103,2836176779127265792,HS2244p2103_a_2002_09_26T04_12_00_all.dat.gz
HS2244+2103,2836176779127265792,HS2244p2103_b_2002_09_27T01_49_56_all.dat.gz
MCT0031-3107,2317553529604662016,MCT0031m3107_a_2000_09_16T04_20_48_all.dat.gz
MCT0031-3107,2317553529604662016,MCT0031m3107_a_2001_07_24T09_48_49_all.dat.gz
MCT0033-3440,5005361213245945856,MCT0033m3440_a_2000_09_16T04_36_55_all.dat.gz
MCT0033-3440,5005361213245945856,MCT0033m3440_a_2002_08_15T09_54_11_all.dat.gz
MCT0105-1634,2359382697136585728,MCT0105m1634_a_2000_07_14T06_59_38_all.dat.gz
MCT0105-1634,2359382697136585728,MCT0105m1634_b_2000_07_17T08_19_23_all.dat.gz
MCT0105-1634,2359382697136585728,MCT0105m1634_b_2003_09_01T04_15_27_all.dat.gz
MCT0110-1617,2358739727648116608,MCT0110m1617_a_2000_08_05T10_03_17_all.dat.gz
MCT0110-1617,2358739727648116608,MCT0110m1617_a_2002_09_12T08_56_14_all.dat.gz
MCT0111-3806,4988781711771040128,MCT0111m3806_a_2002_09_14T03_36_11_all.dat.gz
MCT0111-3806,4988781711771040128,MCT0111m3806_b_2001_08_25T09_09_17_all.dat.gz
MCT0138-4014,4960499042889705344,MCT0138m4014_a_2000_08_05T09_00_24_all.dat.gz
MCT0138-4014,4960499042889705344,MCT0138m4014_a_2002_09_15T05_25_22_all.dat.gz
MCT0138-4014,4960499042889705344,MCT0138m4014_a_2002_09_15T07_28_06_all.dat.gz
MCT2343-1740,2394370123500185344,MCT2343m1740_a_2000_09_15T02_52_54_all.dat.gz
MCT2343-1740,2394370123500185344,MCT2343m1740_b_2000_09_16T01_33_35_all.dat.gz
MCT2345-3940,6534665545408513792,MCT2345m3940_a_2000_09_15T02_36_21_all.dat.gz
MCT2345-3940,6534665545408513792,MCT2345m3940_b_2000_09_16T01_16_37_all.dat.gz
MCT2349-3627,2311200968031379584,MCT2349m3627_a_2000_09_15T04_42_45_all.dat.gz
MCT2349-3627,2311200968031379584,MCT2349m3627_b_2000_09_17T02_58_51_all.dat.gz
MCT2352-1249,2421871039614828672,MCT2352m1249_a_2000_09_15T04_58_51_all.dat.gz
MCT2352-1249,2421871039614828672,MCT2352m1249_b_2000_09_17T03_13_38_all.dat.gz
MCT2352-1249,2421871039614828672,MCT2352m1249_b_2003_07_02T10_02_07_all.dat.gz
WD0000-186,2414099622710507904,WD0000m186_a_2000_09_16T04_53_20_all.dat.gz
WD0000-186,2414099622710507904,WD0000m186_b_2000_09_17T03_27_45_all.dat.gz
WD0011+000,2545505281002947200,WD0011p000_a_2000_07_14T07_14_24_all.dat.gz
WD0011+000,2545505281002947200,WD0011p000_b_2000_07_17T07_38_30_all.dat.gz
WD0013-241,2336189396997071616,WD0013m241_a_2000_09_16T02_44_14_all.dat.gz
WD0013-241,2336189396997071616,WD0013m241_b_2000_09_17T01_52_33_all.dat.gz
WD0016-220,2361264618662161920,WD0016m220_a_2000_09_16T05_11_46_all.dat.gz
WD0016-220,2361264618662161920,WD0016m220_b_2000_09_17T03_47_14_all.dat.gz
WD0016-258,2323704339384503040,WD0016m258_a_2000_09_16T03_01_09_all.dat.gz
WD0016-258,2323704339384503040,WD0016m258_b_2000_09_17T02_10_05_all.dat.gz
WD0017+061,2747611250653031040,WD0017p061_a_2002_09_18T04_15_19_all.dat.gz
WD0017+061,2747611250653031040,WD0017p061_b_2002_09_26T07_34_57_all.dat.gz
WD0018-339,2315346161227820032,WD0018m339_a_2002_09_15T02_14_36_all.dat.gz
WD0018-339,2315346161227820032,WD0018m339_b_2002_09_18T02_33_16_all.dat.gz
WD0024-556,4920057871348614272,WD0024m556_a_2000_08_03T09_18_47_all.dat.gz
WD0024-556,4920057871348614272,WD0024m556_b_2000_08_05T08_30_01_all.dat.gz
WD0027-636,4900807999725863296,WD0027m636_a_2002_07_27T05_54_09_all.dat.gz
WD0027-636,4900807999725863296,WD0027m636_b_2002_08_15T09_37_17_all.dat.gz
WD0029-181,2364272573237917952,WD0029m181_a_2002_09_26T08_24_43_all.dat.gz
WD0029-181,2364272573237917952,WD0029m181_b_2002_09_27T06_13_51_all.dat.gz
WD0032-175,2364319061964016512,WD0032m175_a_2002_09_18T03_21_12_all.dat.gz
WD0032-175,2364319061964016512,WD0032m175_b_2002_09_25T06_31_43_all.dat.gz
WD0032-177,2364311331022888704,WD0032m177_a_2002_09_18T03_30_10_all.dat.gz
WD0032-177,2364311331022888704,WD0032m177_b_2002_09_25T06_02_02_all.dat.gz
WD0032-317,2317319612801004416,WD0032m317_a_2000_09_16T03_47_45_all.dat.gz
WD0032-317,2317319612801004416,WD0032m317_b_2000_09_17T02_44_05_all.dat.gz
WD0033+016,2544456862306151680,WD0033p016_a_2002_09_18T06_41_32_all.dat.gz
WD0033+016,2544456862306151680,WD0033p016_b_2002_09_26T07_57_22_all.dat.gz
WD0047-524,4922382445088509312,WD0047m524_a_2002_07_27T06_21_48_all.dat.gz
WD0047-524,4922382445088509312,WD0047m524_b_2002_09_14T03_12_36_all.dat.gz
WD0048-544,4921090656364298368,WD0048m544_a_2002_07_27T06_30_20_all.dat.gz
WD0048-544,4921090656364298368,WD0048m544_b_2002_09_14T03_21_21_all.dat.gz
WD0048+202,2789398778477164672,WD0048p202_a_2002_09_19T04_52_51_all.dat.gz
WD0048+202,2789398778477164672,WD0048p202_a_2002_12_02T02_09_16_all.dat.gz
WD0048+202,2789398778477164672,WD0048p202_b_2002_09_27T05_16_58_all.dat.gz
WD0050-332,5006486048001153792,WD0050m332_a_2001_09_11T03_46_03_all.dat.gz
WD0050-332,5006486048001153792,WD0050m332_a_2002_07_27T06_44_39_all.dat.gz
WD0050-332,5006486048001153792,WD0050m332_a_2002_09_15T03_27_05_all.dat.gz
WD0050-332,5006486048001153792,WD0050m332_b_2002_09_25T06_49_59_all.dat.gz
WD0052-147,2372473658671416960,WD0052m147_a_2002_09_26T08_54_17_all.dat.gz
WD0052-147,2372473658671416960,WD0052m147_b_2002_09_27T06_41_53_all.dat.gz
WD0053-117,2472557872820632320,WD0053m117_a_2002_09_26T09_08_08_all.dat.gz
WD0053-117,2472557872820632320,WD0053m117_b_2002_09_27T06_55_38_all.dat.gz
WD0102-142,2468060664104501376,WD0102m142_a_2000_08_05T09_50_38_all.dat.gz
WD0102-142,2468060664104501376,WD0102m142_a_2002_09_12T08_43_02_all.dat.gz
WD0102-185,2357946464368276224,WD0102m185_a_2003_02_05T00_45_01_all.dat.gz
WD0102-185,2357946464368276224,WD0102m185_b_2003_07_29T09_33_54_all.dat.gz
WD0103-278,5034051079388141696,WD0103m278_a_2002_09_15T03_50_28_all.dat.gz
WD0103-278,5034051079388141696,WD0103m278_b_2002_09_19T02_21_56_all.dat.gz
WD0106-358,5014009353235167744,WD0106m358_a_2000_07_12T06_32_26_all.dat.gz
WD0106-358,5014009353235167744,WD0106m358_b_2000_07_16T06_41_12_all.dat.gz
WD0107-192,2354670057156360576,WD0107m192_a_2000_07_12T06_43_19_all.dat.gz
WD0107-192,2354670057156360576,WD0107m192_b_2000_07_16T06_50_00_all.dat.gz
WD0108+143,2591091789004351104,WD0108p143_a_2000_07_14T07_38_37_all.dat.gz
WD0108+143,2591091789004351104,WD0108p143_b_2000_07_18T08_11_16_all.dat.gz
WD0110-139,2456122476087944960,WD0110m139_a_2000_07_13T07_26_12_all.dat.gz
WD0110-139,2456122476087944960,WD0110m139_b_2000_07_16T07_03_55_all.dat.gz
WD0114-034,2483669331171909120,WD0114m034_a_2000_07_12T08_22_55_all.dat.gz
WD0114-034,2483669331171909120,WD0114m034_b_2000_07_15T06_40_42_all.dat.gz
WD0114-605,4716787274071022848,WD0114m605_a_2002_08_03T09_52_41_all.dat.gz
WD0114-605,4716787274071022848,WD0114m605_b_2001_08_25T09_37_56_all.dat.gz
WD0124-257,5037128131397095168,WD0124m257_a_2000_07_13T07_40_59_all.dat.gz
WD0124-257,5037128131397095168,WD0124m257_b_2000_07_16T07_48_34_all.dat.gz
WD0126+101,2585189473147457408,WD0126p101_a_2000_07_14T07_55_53_all.dat.gz
WD0126+101,2585189473147457408,WD0126p101_b_2000_07_18T08_26_23_all.dat.gz
WD0127-050,2480731779699826176,WD0127m050_a_2002_09_19T05_30_57_all.dat.gz
WD0127-050,2480731779699826176,WD0127m050_b_2002_09_27T07_09_45_all.dat.gz
WD0129-205,5043926824108837376,WD0129m205_a_2000_07_12T07_02_05_all.dat.gz
WD0129-205,5043926824108837376,WD0129m205_b_2000_07_16T08_29_25_all.dat.gz
WD0133-116,2457759374023232768,WD0133m116_a_2000_07_12T07_27_46_all.dat.gz
WD0133-116,2457759374023232768,WD0133m116_b_2000_07_16T09_40_40_all.dat.gz
WD0137-291,5023333658515040128,WD0137m291_a_2000_07_13T10_23_17_all.dat.gz
WD0137-291,5023333658515040128,WD0137m291_b_2000_07_16T08_58_27_all.dat.gz
WD0138-236,5039292451317431168,WD0138m236_a_2000_07_14T08_07_02_all.dat.gz
WD0138-236,5039292451317431168,WD0138m236_b_2000_07_16T09_15_59_all.dat.gz
WD0140-392,4962193390308361728,WD0140m392_a_2000_07_14T08_21_32_all.dat.gz
WD0140-392,4962193390308361728,WD0140m392_b_2000_07_16T09_30_54_all.dat.gz
WD0143+216,98092934167683072,WD0143p216_a_2002_09_19T06_05_11_all.dat.gz
WD0143+216,98092934167683072,WD0143p216_b_2003_07_27T09_54_14_all.dat.gz
WD0145-221,5135466183642594304,WD0145m221_a_2000_07_15T06_55_09_all.dat.gz
WD0145-221,5135466183642594304,WD0145m221_b_2000_07_17T08_33_19_all.dat.gz
WD0145-257,5037875455706805504,WD0145m257_a_2002_09_19T03_17_08_all.dat.gz
WD0145-257,5037875455706805504,WD0145m257_b_2002_09_27T08_09_54_all.dat.gz
WD0151+017,2511623211717232640,WD0151p017_a_2000_07_12T08_47_53_all.dat.gz
WD0151+017,2511623211717232640,WD0151p017_b_2000_07_15T08_13_37_all.dat.gz
WD0155+069,2567944320460595840,WD0155p069_a_2002_09_19T06_59_31_all.dat.gz
WD0155+069,2567944320460595840,WD0155p069_b_2003_01_19T01_56_18_all.dat.gz
WD0158-227,5134814168951616000,WD0158m227_a_2002_09_20T03_40_26_all.dat.gz
WD0158-227,5134814168951616000,WD0158m227_b_2002_09_27T07_46_53_all.dat.gz
WD0203-138,5149462073310745344,WD0203m138_a_2000_07_15T07_59_42_all.dat.gz
WD0203-138,5149462073310745344,WD0203m138_b_2000_07_17T09_02_43_all.dat.gz
WD0204-233,5122528470836031232,WD0204m233_a_2000_07_15T07_45_28_all.dat.gz
WD0204-233,5122528470836031232,WD0204m233_b_2000_07_17T08_47_15_all.dat.gz
WD0205-304,5020146620982523008,WD0205m304_a_2000_09_15T05_34_10_all.dat.gz
WD0205-304,5020146620982523008,WD0205m304_a_2001_09_23T08_37_02_all.dat.gz
WD0205-365,4968128554074903808,WD0205m365_a_2000_07_12T09_07_48_all.dat.gz
WD0205-365,4968128554074903808,WD0205m365_b_2000_07_15T07_10_55_all.dat.gz
WD0208-263,5118133276183878400,WD0208m263_a_2002_09_15T09_28_08_all.dat.gz
WD0208-263,5118133276183878400,WD0208m263_b_2002_09_20T05_12_08_all.dat.gz
WD0212-231,5123291871208145792,WD0212m231_a_2002_09_20T05_27_24_all.dat.gz
WD0212-231,5123291871208145792,WD0212m231_b_2002_12_08T05_35_35_all.dat.gz
WD0220+222,99915890086770176,WD0220p222_b_2002_12_31T01_00_58_all.dat.gz
WD0226-329,5063539946887524864,WD0226m329_a_2002_09_19T04_02_39_all.dat.gz
WD0226-329,5063539946887524864,WD0226m329_a_2002_12_03T06_19_41_all.dat.gz
WD0226-329,5063539946887524864,WD0226m329_b_2002_12_08T06_18_12_all.dat.gz
WD0227+050,2516322146457318144,WD0227p050_a_2002_09_19T08_15_09_all.dat.gz
WD0227+050,2516322146457318144,WD0227p050_b_2003_01_17T01_29_41_all.dat.gz
WD0227+050,2516322146457318144,WD0227p050_b_2003_08_31T09_19_46_all.dat.gz
WD0229-481,4939012317940174464,WD0229m481_a_2000_08_03T09_31_43_all.dat.gz
WD0229-481,4939012317940174464,WD0229m481_b_2000_08_05T08_43_02_all.dat.gz
WD0231-054,2488960249844340352,WD0231m054_a_2000_07_12T08_57_02_all.dat.gz
WD0231-054,2488960249844340352,WD0231m054_a_2002_09_06T09_43_37_all.dat.gz
WD0231-054,2488960249844340352,WD0231m054_b_2000_07_15T07_35_41_all.dat.gz
WD0242-174,5132580858972702976,WD0242m174_a_2001_12_17T02_03_57_all.dat.gz
WD0242-174,5132580858972702976,WD0242m174_b_2001_12_29T03_03_29_all.dat.gz
WD0243+155,33554517899463040,WD0243p155_a_2002_09_20T09_08_25_all.dat.gz
WD0250-007,2497895053130247040,WD0250m007_a_2003_02_04T00_59_57_all.dat.gz
WD0250-007,2497895053130247040,WD0250m007_b_2003_01_16T02_54_48_all.dat.gz
WD0250-026,5187346124402986752,WD0250m026_a_2002_07_10T10_00_07_all.dat.gz
WD0250-026,5187346124402986752,WD0250m026_b_2002_09_19T08_38_03_all.dat.gz
WD0255-705,4645960583300470656,WD0255m705_a_2000_08_03T09_56_06_all.dat.gz
WD0255-705,4645960583300470656,WD0255m705_b_2000_08_05T08_51_11_all.dat.gz
WD0302+027,1068931460633216,WD0302p027_a_2000_07_16T10_05_38_all.dat.gz
WD0302+027,1068931460633216,WD0302p027_b_2000_07_18T08_51_06_all.dat.gz
WD0307+149,31047257726638592,WD0307p149_a_2002_09_18T08_52_36_all.dat.gz
WD0307+149,31047257726638592,WD0307p149_b_2002_09_19T09_01_51_all.dat.gz
WD0308+188,59077760488621184,WD0308p188_a_2002_09_21T05_33_44_all.dat.gz
WD0308+188,59077760488621184,WD0308p188_b_2003_01_17T01_39_01_all.dat.gz
WD0310-688,4646535078125821568,WD0310m688_a_2002_09_19T09_18_15_all.dat.gz
WD0310-688,4646535078125821568,WD0310m688_a_2002_12_03T05_21_40_all.dat.gz
WD0310-688,4646535078125821568,WD0310m688_a_2002_12_03T05_27_55_all.dat.gz
WD0310-688,4646535078125821568,WD0310m688_b_2002_12_08T06_56_41_all.dat.gz
WD0315-332,5054287144220982144,WD0315m332_a_2002_09_21T08_07_59_all.dat.gz
WD0315-332,5054287144220982144,WD0315m332_b_2002_09_22T05_08_30_all.dat.gz
WD0315-332,5054287144220982144,WD0315m332_b_2003_08_01T09_29_34_all.dat.gz
WD0317+196,59370127502651264,WD0317p196_a_2002_09_21T05_45_32_all.dat.gz
WD0318-021,3262366899304566272,WD0318m021_a_2002_03_01T00_40_09_all.dat.gz
WD0318-021,3262366899304566272,WD0318m021_b_2002_03_03T00_55_34_all.dat.gz
WD0320-539,4734298439852277376,WD0320m539_a_2000_08_03T10_04_13_all.dat.gz
WD0320-539,4734298439852277376,WD0320m539_b_2000_08_05T09_15_57_all.dat.gz
WD0320-539,4734298439852277376,WD0320m539_b_2003_07_31T09_43_44_all.dat.gz
WD0328+008,3264857636738890624,WD0328p008_a_2002_09_22T06_07_52_all.dat.gz
WD0328+008,3264857636738890624,WD0328p008_b_2003_01_19T04_14_57_all.dat.gz
WD0330-009,3263351202729621376,WD0330m009_a_2002_09_21T04_31_37_all.dat.gz
WD0330-009,3263351202729621376,WD0330m009_b_2003_01_16T02_14_32_all.dat.gz
WD0336+040,3274761620869767168,WD0336p040_a_2002_09_22T06_37_53_all.dat.gz
WD0336+040,3274761620869767168,WD0336p040_b_2003_02_25T01_16_39_all.dat.gz
WD0336+040,3274761620869767168,WD0336p040_b_2003_08_02T09_59_18_all.dat.gz
WD0341+021,3270918350990573184,WD0341p021_a_2002_03_04T00_40_41_all.dat.gz
WD0341+021,3270918350990573184,WD0341p021_b_2002_09_21T04_47_22_all.dat.gz
WD0343-007,3251501727261970432,WD0343m007_a_2000_12_11T04_07_55_all.dat.gz
WD0343-007,3251501727261970432,WD0343m007_b_2000_12_13T04_15_34_all.dat.gz
WD0344+073,3277341526122556160,WD0344p073_a_2002_02_19T00_35_50_all.dat.gz
WD0344+073,3277341526122556160,WD0344p073_a_2002_09_22T07_05_25_all.dat.gz
WD0344+073,3277341526122556160,WD0344p073_b_2003_01_20T03_49_23_all.dat.gz
WD0346-011,3251244858154433536,WD0346m011_a_2000_07_16T10_17_28_all.dat.gz
WD0346-011,3251244858154433536,WD0346m011_b_2000_07_18T09_00_06_all.dat.gz
WD0352+018,3258317294901181440,WD0352p018_a_2002_02_27T01_14_10_all.dat.gz
WD0352+018,3258317294901181440,WD0352p018_b_2002_09_21T05_03_56_all.dat.gz
WD0352+049,3273625554777257472,WD0352p049_a_2003_01_19T03_37_17_all.dat.gz
WD0352+049,3273625554777257472,WD0352p049_b_2003_02_04T02_54_16_all.dat.gz
WD0352+052,3273645105468368000,WD0352p052_a_2002_03_01T01_09_56_all.dat.gz
WD0352+052,3273645105468368000,WD0352p052_b_2002_09_13T09_27_41_all.dat.gz
WD0352+096,3302846072717868416,WD0352p096_a_2002_02_19T00_52_05_all.dat.gz
WD0352+096,3302846072717868416,WD0352p096_b_2002_09_21T05_23_29_all.dat.gz
WD0406+169,45980377978968064,WD0406p169_a_2003_02_04T02_25_47_all.dat.gz
WD0407+179,46896958359881728,WD0407p179_a_2003_02_04T02_15_21_all.dat.gz
WD0407+179,46896958359881728,WD0407p179_b_2003_02_25T01_35_15_all.dat.gz
WD0407+179,46896958359881728,WD0407p179_b_2003_08_31T09_33_45_all.dat.gz
WD0408-041,3251748915515143296,WD0408m041_a_2000_09_15T09_27_35_all.dat.gz
WD0408-041,3251748915515143296,WD0408m041_a_2001_09_02T09_17_25_all.dat.gz
WD0410+117,3304090857318319232,WD0410p117_a_2002_02_27T01_29_25_all.dat.gz
WD0410+117,3304090857318319232,WD0410p117_b_2003_01_18T04_10_14_all.dat.gz
WD0416-550,4778802753534553472,WD0416m550_a_2000_07_18T09_52_14_all.dat.gz
WD0416-550,4778802753534553472,WD0416m550_b_2000_08_03T09_42_20_all.dat.gz
WD0421+162,3313606340183243136,WD0421p162_a_2002_02_27T01_40_22_all.dat.gz
WD0421+162,3313606340183243136,WD0421p162_b_2002_12_31T03_09_41_all.dat.gz
WD0425+168,3313714023603261568,WD0425p168_a_2002_12_31T03_18_41_all.dat.gz
WD0425+168,3313714023603261568,WD0425p168_b_2003_01_11T04_28_12_all.dat.gz
WD0426+106,3305972018634634880,WD0426p106_a_2002_09_23T08_05_49_all.dat.gz
WD0426+106,3305972018634634880,WD0426p106_b_2003_01_18T04_49_25_all.dat.gz
WD0431+126,3306722607119077120,WD0431p126_a_2003_01_19T03_51_36_all.dat.gz
WD0431+126,3306722607119077120,WD0431p126_b_2003_01_20T04_28_17_all.dat.gz
WD0437+152,3309687027907272576,WD0437p152_a_2003_01_19T03_59_55_all.dat.gz
WD0437+152,3309687027907272576,WD0437p152_b_2003_01_23T03_03_54_all.dat.gz
WD0440-038,3201709827802584576,WD0440m038_a_2002_02_10T01_21_35_all.dat.gz
WD0440-038,3201709827802584576,WD0440m038_b_2003_01_18T05_03_53_all.dat.gz
WD0446-789,4622856957782901504,WD0446m789_a_2002_12_03T06_05_20_all.dat.gz
WD0446-789,4622856957782901504,WD0446m789_b_2002_11_30T07_07_19_all.dat.gz
WD0509-007,3215427579684548864,WD0509m007_a_2000_09_14T08_45_33_all.dat.gz
WD0509-007,3215427579684548864,WD0509m007_a_2001_12_15T07_31_52_all.dat.gz
WD0510-418,4812859061053900928,WD0510m418_a_2001_10_31T08_05_18_all.dat.gz
WD0510-418,4812859061053900928,WD0510m418_b_2001_12_04T08_01_42_all.dat.gz
WD0510-418,4812859061053900928,WD0510m418_b_2002_02_22T01_23_06_all.dat.gz
WD0510-418,4812859061053900928,WD0510m418_b_2003_08_01T09_47_40_all.dat.gz
WD0511+079,3242153305741855744,WD0511p079_a_2000_09_15T07_51_50_all.dat.gz
WD0511+079,3242153305741855744,WD0511p079_a_2001_09_02T09_33_21_all.dat.gz
WD0518-105,3014049448078210304,WD0518m105_a_2000_12_13T05_51_55_all.dat.gz
WD0518-105,3014049448078210304,WD0518m105_b_2001_01_15T03_39_47_all.dat.gz
WD0548+000,3218753701142724992,WD0548p000_a_2000_09_15T08_50_55_all.dat.gz
WD0548+000,3218753701142724992,WD0548p000_b_2000_09_16T09_42_47_all.dat.gz
WD0549+158,3348071631670500736,WD0549p158_a_2002_01_21T02_20_48_all.dat.gz
WD0549+158,3348071631670500736,WD0549p158_a_2002_09_25T09_06_24_all.dat.gz
WD0549+158,3348071631670500736,WD0549p158_b_2002_02_19T02_14_50_all.dat.gz
WD0556+172,3350123251647482624,WD0556p172_a_2002_01_21T02_31_49_all.dat.gz
WD0556+172,3350123251647482624,WD0556p172_b_2002_02_21T00_51_16_all.dat.gz
WD0558+165,3348917053032143616,WD0558p165_a_2002_01_21T02_47_44_all.dat.gz
WD0558+165,3348917053032143616,WD0558p165_b_2002_02_21T01_07_41_all.dat.gz
WD0603-483,5554202096021588992,WD0603m483_a_2000_12_06T08_07_07_all.dat.gz
WD0603-483,5554202096021588992,WD0603m483_a_2001_01_15T03_58_34_all.dat.gz
WD0603-483,5554202096021588992,WD0603m483_b_2001_02_04T05_55_47_all.dat.gz
WD0612+177,3370342445848382080,WD0612p177_a_2002_02_17T04_08_22_all.dat.gz
WD0612+177,3370342445848382080,WD0612p177_b_2002_02_19T02_25_01_all.dat.gz
WD0621-376,5575007845317435648,WD0621m376_a_2000_09_14T08_59_42_all.dat.gz
WD0621-376,5575007845317435648,WD0621m376_a_2001_04_07T01_12_59_all.dat.gz
WD0628-020,3117320802840630400,WD0628m020_a_2002_12_24T08_23_04_all.dat.gz
WD0628-020,3117320802840630400,WD0628m020_b_2002_12_29T06_51_57_all.dat.gz
WD0630-050,3103530586268279936,WD0630m050_a_2000_12_07T07_11_29_all.dat.gz
WD0630-050,3103530586268279936,WD0630m050_b_2000_12_10T07_58_36_all.dat.gz
WD0642-285,2918665577420228480,WD0642m285_a_2000_09_14T09_11_13_all.dat.gz
WD0642-285,2918665577420228480,WD0642m285_a_2001_04_08T01_15_20_all.dat.gz
WD0646-253,2921786919133198848,WD0646m253_a_2001_04_08T01_29_42_all.dat.gz
WD0646-253,2921786919133198848,WD0646m253_b_2001_11_18T08_17_32_all.dat.gz
WD0659-063,3052844272764398208,WD0659m063_a_2000_12_06T08_24_13_all.dat.gz
WD0659-063,3052844272764398208,WD0659m063_a_2000_12_17T08_10_46_all.dat.gz
WD0659-063,3052844272764398208,WD0659m063_b_2000_12_07T07_40_46_all.dat.gz
WD0710+216,3367112974037883904,WD0710p216_a_2002_02_17T04_19_36_all.dat.gz
WD0710+216,3367112974037883904,WD0710p216_b_2002_02_19T02_35_48_all.dat.gz
WD0715-703,5267418883330985856,WD0715m703_a_2001_04_07T01_24_35_all.dat.gz
WD0715-703,5267418883330985856,WD0715m703_b_2001_05_03T23_43_02_all.dat.gz
WD0721-276,5612710511362093184,WD0721m276_a_2001_04_09T01_05_13_all.dat.gz
WD0721-276,5612710511362093184,WD0721m276_b_2001_05_03T23_25_01_all.dat.gz
WD0732-427,5536077746353130240,WD0732m427_a_2001_04_09T01_16_18_all.dat.gz
WD0732-427,5536077746353130240,WD0732m427_b_2001_05_03T23_55_14_all.dat.gz
WD0810-728,5220896587855584384,WD0810m728_a_2001_04_09T01_45_48_all.dat.gz
WD0810-728,5220896587855584384,WD0810m728_b_2001_05_04T00_26_08_all.dat.gz
WD0810-728,5220896587855584384,WD0810m728_b_2001_05_04T00_38_39_all.dat.gz
WD0830-535,5321056462156468480,WD0830m535_a_2001_04_09T02_10_32_all.dat.gz
WD0830-535,5321056462156468480,WD0830m535_b_2001_05_04T01_08_51_all.dat.gz
WD0830-535,5321056462156468480,WD0830m535_b_2003_05_10T23_32_26_all.dat.gz
WD0838+035,3080056219172355840,WD0838p035_a_2002_02_17T04_53_07_all.dat.gz
WD0838+035,3080056219172355840,WD0838p035_b_2002_02_21T01_43_35_all.dat.gz
WD0839+231,665392383790872192,WD0839p231_a_2002_02_17T05_09_04_all.dat.gz
WD0839+231,665392383790872192,WD0839p231_b_2002_02_22T02_09_24_all.dat.gz
WD0852+192,660409908193185024,WD0852p192_a_2003_01_11T05_33_10_all.dat.gz
WD0852+192,660409908193185024,WD0852p192_b_2003_01_24T03_55_01_all.dat.gz
WD0858+160,610478649930041856,WD0858p160_a_2003_01_24T05_13_48_all.dat.gz
WD0858+160,610478649930041856,WD0858p160_b_2003_02_19T02_17_21_all.dat.gz
WD0859-039,5762406957886626816,WD0859m039_a_2001_12_13T08_21_50_all.dat.gz
WD0859-039,5762406957886626816,WD0859m039_b_2001_12_18T07_46_58_all.dat.gz
WD0859-039,5762406957886626816,WD0859m039_b_2001_12_28T08_15_28_all.dat.gz
WD0908+171,607984785759304192,WD0908p171_a_2002_02_24T04_26_24_all.dat.gz
WD0908+171,607984785759304192,WD0908p171_b_2002_12_27T08_22_33_all.dat.gz
WD0911-076,5744058376561655168,WD0911m076_a_2000_04_23T01_48_25_all.dat.gz
WD0911-076,5744058376561655168,WD0911m076_b_2000_04_26T02_56_49_all.dat.gz
WD0916+064,585877867532382592,WD0916p064_a_2001_04_09T02_31_05_all.dat.gz
WD0916+064,585877867532382592,WD0916p064_b_2001_05_04T01_41_11_all.dat.gz
WD0916+064,585877867532382592,WD0916p064_b_2001_05_04T01_56_22_all.dat.gz
WD0922+183,632366829767058816,WD0922p183_a_2002_02_24T04_08_07_all.dat.gz
WD0922+183,632366829767058816,WD0922p183_b_2002_12_28T08_02_03_all.dat.gz
WD0928-713,5219215228420645248,WD0928m713_a_2001_05_15T00_02_02_all.dat.gz
WD0928-713,5219215228420645248,WD0928m713_b_2001_12_15T05_45_52_all.dat.gz
WD0928-713,5219215228420645248,WD0928m713_b_2001_12_15T06_22_13_all.dat.gz
WD0928-713,5219215228420645248,WD0928m713_b_2002_04_23T02_35_46_all.dat.gz
WD0937-103,5740410334419524864,WD0937m103_a_2002_02_17T06_06_56_all.dat.gz
WD0937-103,5740410334419524864,WD0937m103_b_2002_02_22T04_16_08_all.dat.gz
WD0939-153,5685624040829463552,WD0939m153_a_2000_04_23T02_04_22_all.dat.gz
WD0939-153,5685624040829463552,WD0939m153_b_2000_04_26T03_11_04_all.dat.gz
WD0950+077,3853660510143027200,WD0950p077_a_2001_04_10T01_47_27_all.dat.gz
WD0950+077,3853660510143027200,WD0950p077_b_2002_03_23T03_34_44_all.dat.gz
WD0951-155,5686109578292348032,WD0951m155_a_2000_04_23T02_19_35_all.dat.gz
WD0951-155,5686109578292348032,WD0951m155_b_2000_04_26T03_24_58_all.dat.gz
WD0954+134,614972658894818688,WD0954p134_a_2002_02_23T04_14_35_all.dat.gz
WD0954+134,614972658894818688,WD0954p134_b_2002_02_24T04_59_09_all.dat.gz
WD0955+247,642685200933153408,WD0955p247_a_2001_12_17T08_19_58_all.dat.gz
WD0955+247,642685200933153408,WD0955p247_b_2001_12_29T08_21_26_all.dat.gz
WD0956+020,3834721387994870784,WD0956p020_a_2000_04_23T02_34_43_all.dat.gz
WD0956+020,3834721387994870784,WD0956p020_b_2000_04_26T03_47_53_all.dat.gz
WD0956+045,3849176633005242624,WD0956p045_a_2001_01_15T04_20_52_all.dat.gz
WD0956+045,3849176633005242624,WD0956p045_b_2001_01_15T04_55_19_all.dat.gz
WD0956+045,3849176633005242624,WD0956p045_b_2001_02_04T06_41_37_all.dat.gz
WD0956+045,3849176633005242624,WD0956p045_b_2001_02_06T03_44_55_all.dat.gz
WD1000-001,3833194887898568320,WD1000m001_a_2001_04_10T02_20_14_all.dat.gz
WD1000-001,3833194887898568320,WD1000m001_b_2001_05_04T02_18_04_all.dat.gz
WD1003-023,3829366074878263168,WD1003m023_a_2001_01_15T04_40_06_all.dat.gz
WD1003-023,3829366074878263168,WD1003m023_b_2001_02_06T03_59_47_all.dat.gz
WD1010+043,3860744010725801856,WD1010p043_a_2002_02_23T04_31_00_all.dat.gz
WD1010+043,3860744010725801856,WD1010p043_b_2002_02_24T05_15_10_all.dat.gz
WD1013-010,3830623164560911872,WD1013m010_a_2003_01_24T06_54_02_all.dat.gz
WD1013-010,3830623164560911872,WD1013m010_b_2003_02_14T04_45_20_all.dat.gz
WD1015-216,5666295485406677632,WD1015m216_a_2000_04_21T04_06_51_all.dat.gz
WD1015-216,5666295485406677632,WD1015m216_b_2000_05_16T23_51_09_all.dat.gz
WD1015+076,3875365174618907264,WD1015p076_a_2001_01_15T05_14_33_all.dat.gz
WD1015+076,3875365174618907264,WD1015p076_a_2001_01_15T05_44_05_all.dat.gz
WD1015+076,3875365174618907264,WD1015p076_b_2003_01_17T04_24_01_all.dat.gz
WD1015+161,3888723386196630784,WD1015p161_a_2002_02_17T06_39_20_all.dat.gz
WD1015+161,3888723386196630784,WD1015p161_b_2002_02_22T04_59_16_all.dat.gz
WD1017+125,3883615188318129536,WD1017p125_a_2001_01_15T05_29_38_all.dat.gz
WD1017+125,3883615188318129536,WD1017p125_b_2001_01_30T08_07_47_all.dat.gz
WD1019+129,3883746133280920448,WD1019p129_a_2001_01_15T07_58_54_all.dat.gz
WD1019+129,3883746133280920448,WD1019p129_b_2001_01_30T08_22_13_all.dat.gz
WD1020-207,5667957225433304192,WD1020m207_a_2000_04_21T04_22_07_all.dat.gz
WD1020-207,5667957225433304192,WD1020m207_b_2000_05_17T00_04_41_all.dat.gz
WD1023+009,3831358664825312384,WD1023p009_a_2002_02_25T05_54_01_all.dat.gz
WD1023+009,3831358664825312384,WD1023p009_b_2003_01_17T04_41_38_all.dat.gz
WD1026+023,3855631797052747136,WD1026p023_a_2001_04_10T05_06_36_all.dat.gz
WD1026+023,3855631797052747136,WD1026p023_b_2002_05_24T02_28_13_all.dat.gz
WD1026+023,3855631797052747136,WD1026p023_b_2003_01_17T05_19_05_all.dat.gz
WD1031-114,3754712881779364992,WD1031m114_a_2001_06_26T23_20_00_all.dat.gz
WD1031-114,3754712881779364992,WD1031m114_b_2001_06_28T23_32_32_all.dat.gz
WD1031+063,3862040300575181184,WD1031p063_a_2001_04_10T05_19_16_all.dat.gz
WD1031+063,3862040300575181184,WD1031p063_b_2003_01_24T05_00_09_all.dat.gz
WD1036+085,3868927607051816320,WD1036p085_a_2001_04_10T05_36_08_all.dat.gz
WD1036+085,3868927607051816320,WD1036p085_b_2003_01_17T05_40_51_all.dat.gz
WD1049-158,3557394009663078912,WD1049m158_a_2002_04_23T03_03_42_all.dat.gz
WD1049-158,3557394009663078912,WD1049m158_b_2002_12_08T07_22_36_all.dat.gz
WD1053-092,3759722119317000448,WD1053m092_a_2000_06_07T23_42_29_all.dat.gz
WD1053-092,3759722119317000448,WD1053m092_b_2000_06_10T23_51_31_all.dat.gz
WD1053-290,5453248339973753216,WD1053m290_a_2000_04_23T03_07_04_all.dat.gz
WD1053-290,5453248339973753216,WD1053m290_b_2000_05_17T01_25_10_all.dat.gz
WD1053-550,5353122722338204032,WD1053m550_a_2001_05_15T00_20_32_all.dat.gz
WD1053-550,5353122722363361920,WD1053m550_a_2001_05_15T00_20_32_all.dat.gz
WD1053-550,5353122722338204032,WD1053m550_b_2001_06_09T00_25_54_all.dat.gz
WD1053-550,5353122722363361920,WD1053m550_b_2001_06_09T00_25_54_all.dat.gz
WD1056-384,5393763111644515968,WD1056m384_a_2001_05_15T00_32_44_all.dat.gz
WD1056-384,5393763111644515968,WD1056m384_b_2001_06_09T00_36_12_all.dat.gz
WD1058-129,3564376149017654272,WD1058m129_a_2000_05_17T03_58_16_all.dat.gz
WD1058-129,3564376149017654272,WD1058m129_b_2000_05_19T00_05_46_all.dat.gz
WD1058-129,3564376149017654272,WD1058m129_c_2001_01_11T08_53_51_all.dat.gz
WD1058-129,3564376149017654272,WD1058m129_c_2001_06_27T01_13_24_all.dat.gz
WD1058-129,3564376149017654272,WD1058m129_d_2002_04_23T04_56_27_all.dat.gz
WD1102-183,3552845261339955200,WD1102m183_a_2000_04_23T03_23_00_all.dat.gz
WD1102-183,3552845261339955200,WD1102m183_b_2000_05_19T00_14_33_all.dat.gz
WD1102-183,3552845261339955200,WD1102m183_c_2001_06_27T00_58_48_all.dat.gz
WD1105-048,3788194488314248832,WD1105m048_a_2002_04_23T04_32_22_all.dat.gz
WD1105-048,3788194488314248832,WD1105m048_b_2003_01_17T06_18_04_all.dat.gz
WD1116+026,3810933247769901696,WD1116p026_a_2003_01_24T07_59_11_all.dat.gz
WD1116+026,3810933247769901696,WD1116p026_b_2003_02_14T05_54_25_all.dat.gz
WD1122-324,5402827451143222912,WD1122m324_a_2000_04_23T03_38_47_all.dat.gz
WD1122-324,5402827451143222912,WD1122m324_b_2000_05_19T00_28_19_all.dat.gz
WD1124-018,3796545519645331584,WD1124m018_a_2002_02_23T07_58_46_all.dat.gz
WD1124-018,3796545519645331584,WD1124m018_b_2002_02_25T06_43_25_all.dat.gz
WD1124-293,3482983495102507904,WD1124m293_a_2000_04_23T03_54_39_all.dat.gz
WD1124-293,3482983495102507904,WD1124m293_b_2000_05_17T02_06_32_all.dat.gz
WD1125-025,3787451081014802304,WD1125m025_a_2003_01_18T06_05_28_all.dat.gz
WD1125-025,3787451081014802304,WD1125m025_b_2003_01_19T04_44_36_all.dat.gz
WD1125+175,3973707423046985984,WD1125p175_a_2002_02_23T06_10_11_all.dat.gz
WD1125+175,3973707423046985984,WD1125p175_b_2002_02_25T07_17_28_all.dat.gz
WD1126-222,3541237717085787008,WD1126m222_a_2000_04_23T04_10_57_all.dat.gz
WD1126-222,3541237717085787008,WD1126m222_b_2000_05_19T00_41_52_all.dat.gz
WD1129+071,3910382871911470848,WD1129p071_a_2003_01_18T08_27_25_all.dat.gz
WD1129+071,3910382871911470848,WD1129p071_b_2003_01_24T08_36_35_all.dat.gz
WD1130-125,3586028453547223552,WD1130m125_a_2000_05_17T04_23_32_all.dat.gz
WD1130-125,3586028453547223552,WD1130m125_b_2000_05_19T01_09_05_all.dat.gz
WD1141+077,3910122047137575424,WD1141p077_b_2001_01_11T09_05_38_all.dat.gz
WD1144-246,3491591640356263424,WD1144m246_a_2000_04_22T05_05_21_all.dat.gz
WD1144-246,3491591640356263424,WD1144m246_b_2000_05_17T02_54_40_all.dat.gz
WD1145+187,3974868644764927744,WD1145p187_a_2002_02_17T07_39_57_all.dat.gz
WD1145+187,3974868644764927744,WD1145p187_b_2002_02_22T05_55_16_all.dat.gz
WD1147+255,4005438916307756928,WD1147p255_a_2003_01_18T06_48_46_all.dat.gz
WD1147+255,4005438916307756928,WD1147p255_b_2003_01_24T08_08_47_all.dat.gz
WD1149+057,3897445571422443904,WD1149p057_a_2001_01_15T08_31_32_all.dat.gz
WD1149+057,3897445571422443904,WD1149p057_a_2001_02_04T06_25_52_all.dat.gz
WD1149+057,3897445571422443904,WD1149p057_b_2001_02_06T04_24_53_all.dat.gz
WD1150-153,3571559292842744960,WD1150m153_a_2000_04_23T04_26_33_all.dat.gz
WD1150-153,3571559292842744960,WD1150m153_b_2000_05_19T01_22_59_all.dat.gz
WD1152-287,3480134832273157760,WD1152m287_a_2000_07_11T00_45_39_all.dat.gz
WD1152-287,3480134832273157760,WD1152m287_a_2000_07_11T00_57_09_all.dat.gz
WD1152-287,3480134832273157760,WD1152m287_b_2000_07_14T23_01_36_all.dat.gz
WD1155-243,3491050989871968768,WD1155m243_a_2000_07_14T23_49_55_all.dat.gz
WD1155-243,3491050989871968768,WD1155m243_b_2000_07_18T00_10_15_all.dat.gz
WD1159-098,3575770010060921728,WD1159m098_a_2000_07_03T00_01_01_all.dat.gz
WD1159-098,3575770010060921728,WD1159m098_b_2000_07_05T22_58_12_all.dat.gz
WD1201-001,3698872156539379968,WD1201m001_a_2000_07_17T00_09_22_all.dat.gz
WD1201-001,3698872156539379968,WD1201m001_b_2000_07_13T23_55_27_all.dat.gz
WD1202-232,3489719481290397696,WD1202m232_a_2000_04_23T04_43_31_all.dat.gz
WD1202-232,3489719481290397696,WD1202m232_b_2000_05_17T03_08_17_all.dat.gz
WD1204-136,3570694595665791232,WD1204m136_a_2000_04_23T04_54_00_all.dat.gz
WD1204-136,3570694595665791232,WD1204m136_b_2000_05_17T03_30_33_all.dat.gz
WD1204-322,3466326581136347520,WD1204m322_a_2000_04_23T05_09_40_all.dat.gz
WD1204-322,3466326581136347520,WD1204m322_b_2000_05_17T03_16_47_all.dat.gz
WD1207-157,3569231970322760448,WD1207m157_a_2000_07_15T00_03_33_all.dat.gz
WD1207-157,3569231970322760448,WD1207m157_b_2000_07_18T00_47_40_all.dat.gz
WD1210+140,3920848710779658880,WD1210p140_a_2003_01_18T07_15_15_all.dat.gz
WD1210+140,3920848710779658880,WD1210p140_b_2003_01_19T06_03_10_all.dat.gz
WD1214+032,3701290326205270528,WD1214p032_a_2002_04_29T05_53_12_all.dat.gz
WD1214+032,3701290326205270528,WD1214p032_b_2003_01_18T05_50_57_all.dat.gz
WD1216+036,3701701509194344576,WD1216p036_a_2001_06_09T01_14_52_all.dat.gz
WD1216+036,3701701509194344576,WD1216p036_b_2001_06_20T01_13_32_all.dat.gz
WD1218-198,3514997906448391168,WD1218m198_a_2000_05_20T02_24_50_all.dat.gz
WD1218-198,3514997906448391168,WD1218m198_b_2000_05_21T04_09_12_all.dat.gz
WD1220-292,3474544434121450496,WD1220m292_a_2000_05_20T01_17_18_all.dat.gz
WD1220-292,3474544434121450496,WD1220m292_b_2000_05_21T04_22_59_all.dat.gz
WD1229-012,3695495693769418112,WD1229m012_a_2000_05_20T01_44_25_all.dat.gz
WD1229-012,3695495693769418112,WD1229m012_b_2000_05_22T01_16_04_all.dat.gz
WD1230-308,3470463802872604032,WD1230m308_a_2000_05_20T01_54_25_all.dat.gz
WD1230-308,3470463802872604032,WD1230m308_b_2000_05_22T02_05_41_all.dat.gz
WD1231-141,3528008496258850560,WD1231m141_a_2000_05_20T02_10_32_all.dat.gz
WD1231-141,3528008496258850560,WD1231m141_b_2000_05_22T02_19_48_all.dat.gz
WD1233-164,3523347735187987072,WD1233m164_a_2002_04_22T23_43_05_all.dat.gz
WD1233-164,3523347735187987072,WD1233m164_a_2003_01_18T07_23_54_all.dat.gz
WD1233-164,3523347735187987072,WD1233m164_b_2003_01_19T05_37_01_all.dat.gz
WD1236-495,6127333286605955072,WD1236m495_a_2001_05_15T01_17_59_all.dat.gz
WD1236-495,6127333286605955072,WD1236m495_b_2001_06_08T02_03_23_all.dat.gz
WD1237-028,3682835848166848896,WD1237m028_a_2001_06_19T23_27_56_all.dat.gz
WD1237-028,3682835848166848896,WD1237m028_b_2001_07_27T00_04_26_all.dat.gz
WD1241+235,3956176053739681664,WD1241p235_a_2002_02_17T08_58_09_all.dat.gz
WD1241+235,3956176053739681664,WD1241p235_b_2002_02_21T08_53_49_all.dat.gz
WD1244-125,3528847870307147136,WD1244m125_a_2000_05_23T02_56_34_all.dat.gz
WD1244-125,3528847870307147136,WD1244m125_b_2000_07_04T23_17_34_all.dat.gz
WD1249+160,3931446491043126784,WD1249p160_a_2002_02_21T09_10_35_all.dat.gz
WD1249+160,3931446491043126784,WD1249p160_b_2002_02_23T05_20_50_all.dat.gz
WD1249+182,3940955205038857728,WD1249p182_a_2002_02_23T08_15_02_all.dat.gz
WD1249+182,3940955205038857728,WD1249p182_b_2002_02_24T07_29_11_all.dat.gz
WD1254+223,3944400490365194368,WD1254p223_a_2002_02_23T08_30_41_all.dat.gz
WD1254+223,3944400490365194368,WD1254p223_b_2002_02_24T08_59_24_all.dat.gz
WD1257+032,3692337037379978112,WD1257p032_a_2001_01_30T08_51_49_all.dat.gz
WD1257+032,3692337037379978112,WD1257p032_b_2001_02_02T09_11_55_all.dat.gz
WD1257+047,3705070756419217408,WD1257p047_a_2000_05_20T02_47_52_all.dat.gz
WD1257+047,3705070756419217408,WD1257p047_b_2000_05_22T01_47_35_all.dat.gz
WD1300-098,3626022634955198592,WD1300m098_a_2001_06_20T00_38_29_all.dat.gz
WD1300-098,3626022634955198592,WD1300m098_b_2001_08_15T00_23_46_all.dat.gz
WD1308-301,6182607385393358848,WD1308m301_a_2000_05_23T03_18_46_all.dat.gz
WD1308-301,6182607385393358848,WD1308m301_b_2000_06_08T01_10_36_all.dat.gz
WD1310-305,6182345731690327808,WD1310m305_a_2002_04_14T04_55_44_all.dat.gz
WD1310-305,6182345731690327808,WD1310m305_a_2003_01_20T06_17_43_all.dat.gz
WD1310-305,6182345731690327808,WD1310m305_b_2003_01_19T05_50_39_all.dat.gz
WD1314-067,3628421666247974016,WD1314m067_a_2001_02_07T04_57_25_all.dat.gz
WD1314-067,3628421666247974016,WD1314m067_b_2001_02_08T08_58_32_all.dat.gz
WD1314-153,3607725941130742528,WD1314m153_a_2002_04_23T01_24_32_all.dat.gz
WD1314-153,3607725941130742528,WD1314m153_a_2003_01_20T06_26_22_all.dat.gz
WD1314-153,3607725941130742528,WD1314m153_b_2003_01_19T06_26_36_all.dat.gz
WD1323-514,6070021243006871040,WD1323m514_a_2001_05_15T01_29_39_all.dat.gz
WD1323-514,6070021243006871040,WD1323m514_b_2001_06_08T02_12_16_all.dat.gz
WD1326-236,6194788080147917824,WD1326m236_a_2000_07_14T00_25_40_all.dat.gz
WD1326-236,6194788080147917824,WD1326m236_b_2000_07_17T00_37_36_all.dat.gz
WD1327-083,3630035787972473600,WD1327m083_a_2002_04_18T04_37_09_all.dat.gz
WD1327-083,3630035787972473600,WD1327m083_a_2003_02_14T06_58_50_all.dat.gz
WD1327-083,3630035787972473600,WD1327m083_b_2003_01_19T06_35_28_all.dat.gz
WD1330+036,3712812452150011648,WD1330p036_a_2000_05_20T02_55_48_all.dat.gz
WD1330+036,3712812452150011648,WD1330p036_b_2000_05_23T01_16_32_all.dat.gz
WD1332-229,6195269769319451904,WD1332m229_a_2000_05_20T03_09_59_all.dat.gz
WD1332-229,6195269769319451904,WD1332m229_b_2000_05_22T03_04_39_all.dat.gz
WD1334-160,3603920565746668032,WD1334m160_a_2000_06_08T01_26_10_all.dat.gz
WD1334-160,3603920565746668032,WD1334m160_b_2000_06_11T01_00_43_all.dat.gz
WD1334-678,5850533227210203520,WD1334m678_a_2000_07_30T00_47_31_all.dat.gz
WD1334-678,5850533227210203520,WD1334m678_a_2001_05_15T01_42_38_all.dat.gz
WD1342-237,6191268135405788544,WD1342m237_a_2000_07_14T00_39_56_all.dat.gz
WD1342-237,6191268135405788544,WD1342m237_b_2000_07_17T00_51_03_all.dat.gz
WD1348-273,6177238676273826304,WD1348m273_a_2002_04_23T01_34_39_all.dat.gz
WD1348-273,6177238676273826304,WD1348m273_a_2003_01_20T07_35_37_all.dat.gz
WD1348-273,6177238676273826304,WD1348m273_b_2003_01_19T06_59_46_all.dat.gz
WD1356-233,6275184065428686464,WD1356m233_a_2000_06_08T01_43_36_all.dat.gz
WD1356-233,6275184065428686464,WD1356m233_b_2000_06_11T01_17_09_all.dat.gz
WD1401-147,6301064404482150912,WD1401m147_a_2000_07_14T00_55_22_all.dat.gz
WD1401-147,6301064404482150912,WD1401m147_b_2000_07_17T01_23_49_all.dat.gz
WD1403-077,3616104975648612608,WD1403m077_a_2001_02_07T05_14_54_all.dat.gz
WD1403-077,3616104975648612608,WD1403m077_b_2001_02_10T07_42_21_all.dat.gz
WD1410+168,1233014608793947776,WD1410p168_a_2002_04_23T06_08_43_all.dat.gz
WD1410+168,1233014608793947776,WD1410p168_b_2003_05_11T00_45_08_all.dat.gz
WD1411+135,1227001444126009728,WD1411p135_a_2001_06_20T02_26_21_all.dat.gz
WD1411+135,1227001444126009728,WD1411p135_b_2001_08_19T00_17_41_all.dat.gz
WD1412-109,6304590503913422464,WD1412m109_a_2001_08_16T01_20_34_all.dat.gz
WD1412-109,6304590503913422464,WD1412m109_a_2001_08_16T01_33_47_all.dat.gz
WD1412-109,6304590503913422464,WD1412m109_b_2001_08_19T01_06_04_all.dat.gz
WD1420-244,6272562623549966208,WD1420m244_a_2000_05_20T03_23_55_all.dat.gz
WD1420-244,6272562623549966208,WD1420m244_b_2000_05_23T01_57_08_all.dat.gz
WD1422+095,1176717792385803136,WD1422p095_a_2000_07_14T01_35_47_all.dat.gz
WD1422+095,1176717792385803136,WD1422p095_b_2000_07_17T01_14_40_all.dat.gz
WD1425-811,5772718006135360128,WD1425m811_a_2002_04_22T04_42_19_all.dat.gz
WD1425-811,5772718006135360128,WD1425m811_b_2003_03_22T08_53_48_all.dat.gz
WD1426-276,6223132497775520512,WD1426m276_a_2000_07_05T03_56_19_all.dat.gz
WD1426-276,6223132497775520512,WD1426m276_b_2000_07_06T02_38_35_all.dat.gz
WD1431+153,1228266814506156928,WD1431p153_a_2001_08_15T00_39_34_all.dat.gz
WD1431+153,1228266814506156928,WD1431p153_b_2001_08_20T23_57_55_all.dat.gz
WD1434-223,6278550873112595968,WD1434m223_a_2000_05_20T03_39_30_all.dat.gz
WD1434-223,6278550873112595968,WD1434m223_b_2000_05_23T02_41_27_all.dat.gz
WD1448+077,1161215296909017728,WD1448p077_a_2000_07_30T01_50_59_all.dat.gz
WD1448+077,1161215296909017728,WD1448p077_a_2001_06_18T00_47_54_all.dat.gz
WD1449+168,1188119762325721600,WD1449p168_a_2002_04_29T06_25_33_all.dat.gz
WD1449+168,1188119762325721600,WD1449p168_b_2002_04_23T05_46_24_all.dat.gz
WD1451+006,3651184550535258496,WD1451p006_a_2000_05_20T03_55_18_all.dat.gz
WD1451+006,3651184550535258496,WD1451p006_b_2000_05_23T02_12_02_all.dat.gz
WD1457-086,6332172027974304512,WD1457m086_a_2000_07_13T04_07_09_all.dat.gz
WD1457-086,6332172027974304512,WD1457m086_b_2000_07_16T02_02_33_all.dat.gz
WD1500-170,6305900675097580800,WD1500m170_a_2000_06_08T02_47_45_all.dat.gz
WD1500-170,6305900675097580800,WD1500m170_b_2000_06_11T01_41_54_all.dat.gz
WD1501+032,1154004081179409920,WD1501p032_a_2001_02_07T07_56_47_all.dat.gz
WD1501+032,1154004081179409920,WD1501p032_b_2001_02_10T08_12_40_all.dat.gz
WD1503-093,6319913126159509888,WD1503m093_a_2000_06_01T05_32_52_all.dat.gz
WD1503-093,6319913126159509888,WD1503m093_b_2000_06_06T04_43_05_all.dat.gz
WD1507-105,6318882711964895872,WD1507m105_a_2000_06_01T05_47_58_all.dat.gz
WD1507-105,6318882711964895872,WD1507m105_b_2000_06_06T05_04_40_all.dat.gz
WD1507+021,4420242631507777920,WD1507p021_a_2002_06_18T01_25_27_all.dat.gz
WD1507+220,1261751715280478848,WD1507p220_a_2002_04_23T06_51_11_all.dat.gz
WD1507+220,1261751715280478848,WD1507p220_b_2003_05_12T02_12_02_all.dat.gz
WD1507+220,1261751715280478848,WD1507p220_b_2003_06_09T00_57_20_all.dat.gz
WD1511+009,4419865155422033280,WD1511p009_a_2001_02_07T08_11_45_all.dat.gz
WD1511+009,4419865155422033280,WD1511p009_b_2001_02_10T08_26_47_all.dat.gz
WD1515-164,6259147585259050496,WD1515m164_a_2000_06_08T03_03_04_all.dat.gz
WD1515-164,6259147585259050496,WD1515m164_b_2000_06_11T01_57_49_all.dat.gz
WD1524-749,5792402116129561984,WD1524m749_a_2000_07_14T03_17_41_all.dat.gz
WD1524-749,5792402116129561984,WD1524m749_b_2000_07_18T04_20_42_all.dat.gz
WD1524-749,5792402116129561984,WD1524m749_b_2000_07_30T02_07_05_all.dat.gz
WD1527+090,1165354855109711232,WD1527p090_a_2001_07_22T00_45_33_all.dat.gz
WD1527+090,1165354855109711232,WD1527p090_b_2001_08_20T00_35_34_all.dat.gz
WD1531+184,1209640499120458752,WD1531p184_a_2002_06_18T01_44_31_all.dat.gz
WD1532+033,4427107020039299968,WD1532p033_a_2001_06_29T00_41_40_all.dat.gz
WD1532+033,4427107020039299968,WD1532p033_b_2001_07_26T00_04_33_all.dat.gz
WD1537-152,6265082680310200448,WD1537m152_a_2000_07_02T02_51_48_all.dat.gz
WD1537-152,6265082680310200448,WD1537m152_b_2000_07_06T03_30_49_all.dat.gz
WD1543-366,6009760034351291904,WD1543m366_a_2000_07_06T04_13_17_all.dat.gz
WD1543-366,6009760034351291904,WD1543m366_b_2000_07_14T03_41_45_all.dat.gz
WD1544-377,6009537829925128064,WD1544m377_a_2000_07_14T03_55_56_all.dat.gz
WD1544-377,6009537829925128064,WD1544m377_b_2003_05_12T06_43_07_all.dat.gz
WD1547+015,4423116892346484480,WD1547p015_a_2001_07_26T00_18_40_all.dat.gz
WD1547+015,4423116892346484480,WD1547p015_b_2001_06_29T00_57_15_all.dat.gz
WD1547+057,4426435871273922560,WD1547p057_a_2001_06_28T01_34_50_all.dat.gz
WD1547+057,4426435871273922560,WD1547p057_b_2001_06_29T01_16_11_all.dat.gz
WD1548+149,1192764133804981376,WD1548p149_a_2001_03_11T06_23_19_all.dat.gz
WD1548+149,1192764133804981376,WD1548p149_b_2001_05_04T03_22_28_all.dat.gz
WD1550+183,1202826348825240832,WD1550p183_a_2002_04_23T08_43_13_all.dat.gz
WD1550+183,1202826348825240832,WD1550p183_b_2003_08_11T01_03_06_all.dat.gz
WD1555-089,4347700805681797120,WD1555m089_a_2000_07_15T03_52_25_all.dat.gz
WD1555-089,4347700805681797120,WD1555m089_b_2000_07_18T04_09_55_all.dat.gz
WD1609+044,4437271867601913472,WD1609p044_a_2001_06_29T01_31_09_all.dat.gz
WD1609+044,4437271867601913472,WD1609p044_b_2001_07_27T00_21_43_all.dat.gz
WD1609+135,4458207634145130368,WD1609p135_a_2000_06_06T06_01_01_all.dat.gz
WD1609+135,4458207634145130368,WD1609p135_b_2000_06_10T05_22_41_all.dat.gz
WD1614-128,4330093466990008448,WD1614m128_a_2000_06_06T06_16_47_all.dat.gz
WD1614-128,4330093466990008448,WD1614m128_b_2000_06_08T02_21_04_all.dat.gz
WD1614+136,4463466804419970304,WD1614p136_a_2001_07_26T02_05_57_all.dat.gz
WD1614+136,4463466804419970304,WD1614p136_b_2001_07_27T00_37_31_all.dat.gz
WD1614+160,4465105351622152704,WD1614p160_a_2002_06_18T02_28_34_all.dat.gz
WD1614+160,4465105351622152704,WD1614p160_b_2003_08_11T01_12_26_all.dat.gz
WD1615-154,4328293291578459392,WD1615m154_a_2000_06_06T06_26_14_all.dat.gz
WD1615-154,4328293291578459392,WD1615m154_b_2000_06_08T02_11_10_all.dat.gz
WD1619+123,4460086458999242368,WD1619p123_a_2002_08_04T02_44_34_all.dat.gz
WD1619+123,4460086458999242368,WD1619p123_b_2003_07_19T03_55_58_all.dat.gz
WD1620-391,6018034958869558912,WD1620m391_a_2002_04_22T04_53_28_all.dat.gz
WD1620-391,6018034958869558912,WD1620m391_b_2003_05_12T07_02_53_all.dat.gz
WD1625+093,4452521234885949184,WD1625p093_a_2000_06_10T05_37_54_all.dat.gz
WD1625+093,4452521234885949184,WD1625p093_b_2000_07_05T04_09_46_all.dat.gz
WD1636+057,4435778215414219520,WD1636p057_a_2000_06_10T05_55_20_all.dat.gz
WD1636+057,4435778215414219520,WD1636p057_b_2000_07_06T03_44_20_all.dat.gz
WD1640+113,4447202622266019072,WD1640p113_a_2001_07_18T00_55_06_all.dat.gz
WD1640+113,4447202622266019072,WD1640p113_b_2001_07_26T00_42_44_all.dat.gz
WD1655+215,4565048312887877888,WD1655p215_a_2002_09_04T00_51_20_all.dat.gz
WD1655+215,4565048312887877888,WD1655p215_b_2002_09_23T23_45_56_all.dat.gz
WD1716+020,4387171623850187648,WD1716p020_a_2002_04_23T09_03_23_all.dat.gz
WD1716+020,4387171623850187648,WD1716p020_b_2003_06_25T05_04_49_all.dat.gz
WD1733-544,5921433963191695872,WD1733m544_a_2000_07_05T04_37_22_all.dat.gz
WD1733-544,5921433963191695872,WD1733m544_b_2000_07_06T03_59_06_all.dat.gz
WD1736+052,4485626636646013696,WD1736p052_a_2000_05_24T09_40_31_all.dat.gz
WD1736+052,4485626636646013696,WD1736p052_b_2000_06_01T07_01_24_all.dat.gz
WD1736+052,4485626636646013696,WD1736p052_b_2000_07_05T04_22_56_all.dat.gz
WD1755+194,4551645369227445888,WD1755p194_a_2002_06_18T03_26_59_all.dat.gz
WD1755+194,4551645369227445888,WD1755p194_b_2002_09_19T00_21_28_all.dat.gz
WD1755+194,4551645369227445888,WD1755p194_b_2003_03_22T09_22_10_all.dat.gz
WD1802+213,4576304838064664064,WD1802p213_a_2002_07_10T05_04_41_all.dat.gz
WD1802+213,4576304838064664064,WD1802p213_b_2002_07_27T05_00_06_all.dat.gz
WD1826-045,4257461275049675008,WD1826m045_a_2002_04_23T09_12_21_all.dat.gz
WD1834-781,6364918198670588928,WD1834m781_a_2000_07_06T04_36_52_all.dat.gz
WD1834-781,6364918198670588928,WD1834m781_b_2000_07_13T05_04_46_all.dat.gz
WD1840+042,4280632829779587072,WD1840p042_a_2002_04_23T09_21_04_all.dat.gz
WD1840+042,4280632829779587072,WD1840p042_b_2003_06_25T05_30_21_all.dat.gz
WD1844-223,4078868662206175744,WD1844m223_a_2001_03_13T09_06_05_all.dat.gz
WD1844-223,4078868662206175744,WD1844m223_b_2001_05_04T08_09_22_all.dat.gz
WD1857+119,4313658585693385984,WD1857p119_a_2000_05_17T05_16_51_all.dat.gz
WD1857+119,4313658585693385984,WD1857p119_a_2000_05_26T09_12_01_all.dat.gz
WD1857+119,4313658585693385984,WD1857p119_b_2000_05_18T09_27_34_all.dat.gz
WD1911+135,4320094439580536320,WD1911p135_a_2000_05_17T05_29_58_all.dat.gz
WD1911+135,4320094439580536320,WD1911p135_b_2000_05_18T09_42_25_all.dat.gz
WD1914-598,6446197877766956800,WD1914m598_a_2001_05_04T08_53_48_all.dat.gz
WD1914-598,6446197877766956800,WD1914m598_b_2001_06_05T07_52_51_all.dat.gz
WD1914+094,4309015794737134080,WD1914p094_a_2000_05_25T09_50_39_all.dat.gz
WD1914+094,4309015794737134080,WD1914p094_b_2000_05_26T09_26_06_all.dat.gz
WD1914+094,4309015794737134080,WD1914p094_c_2001_05_04T08_38_10_all.dat.gz
WD1914+094,4309015794737134080,WD1914p094_d_2001_06_05T07_36_27_all.dat.gz
WD1918+110,4309653752005719424,WD1918p110_a_2000_05_23T09_38_12_all.dat.gz
WD1918+110,4309653752005719424,WD1918p110_b_2000_05_24T08_57_55_all.dat.gz
WD1919+145,4319908862597055232,WD1919p145_a_2002_06_01T09_53_45_all.dat.gz
WD1919+145,4319908862597055232,WD1919p145_b_2003_05_06T09_34_48_all.dat.gz
WD1932-136,4183272552601606400,WD1932m136_a_2000_05_23T09_52_28_all.dat.gz
WD1932-136,4183272552601606400,WD1932m136_b_2000_05_24T09_11_53_all.dat.gz
WD1943+163,1820678800528443776,WD1943p163_a_2002_07_10T05_35_16_all.dat.gz
WD1943+163,1820678800528443776,WD1943p163_b_2002_07_27T05_28_51_all.dat.gz
WD1948-389,6690659513515872000,WD1948m389_a_2001_05_04T09_16_13_all.dat.gz
WD1948-389,6690659513515872000,WD1948m389_b_2001_06_05T08_30_19_all.dat.gz
WD1950-432,6685284241684914688,WD1950m432_a_2001_05_04T09_27_28_all.dat.gz
WD1950-432,6685284241684914688,WD1950m432_b_2001_06_05T08_39_56_all.dat.gz
WD1952-206,6865430941202657408,WD1952m206_a_2000_07_06T05_09_29_all.dat.gz
WD1952-206,6865430941202657408,WD1952m206_b_2000_07_13T04_43_44_all.dat.gz
WD1952-584,6447181214823340800,WD1952m584_a_2001_08_16T23_49_36_all.dat.gz
WD1952-584,6447181214823340800,WD1952m584_b_2001_08_19T01_38_32_all.dat.gz
WD1953-715,6422236358302245248,WD1953m715_a_2002_04_23T07_44_27_all.dat.gz
WD1953-715,6422236358302245248,WD1953m715_b_2002_04_24T06_41_39_all.dat.gz
WD1959+059,4248931504366754304,WD1959p059_a_2000_06_10T08_40_23_all.dat.gz
WD1959+059,4248931504366754304,WD1959p059_b_2000_07_06T05_18_04_all.dat.gz
WD2004-605,6443328221136801920,WD2004m605_a_2000_07_13T05_30_03_all.dat.gz
WD2004-605,6443328221136801920,WD2004m605_b_2000_07_18T04_58_34_all.dat.gz
WD2007-219,6853784501721502720,WD2007m219_a_2000_07_13T04_53_20_all.dat.gz
WD2007-219,6853784501721502720,WD2007m219_b_2000_08_05T06_40_56_all.dat.gz
WD2007-303,6749419923164242816,WD2007m303_a_2002_04_23T07_25_56_all.dat.gz
WD2007-303,6749419923164242816,WD2007m303_b_2003_05_06T09_46_24_all.dat.gz
WD2014-575,6468623688724871808,WD2014m575_a_2000_07_13T05_39_13_all.dat.gz
WD2014-575,6468623688724871808,WD2014m575_b_2000_07_18T05_15_10_all.dat.gz
WD2018-233,6849796229451135104,WD2018m233_a_2001_05_04T09_37_43_all.dat.gz
WD2018-233,6849796229451135104,WD2018m233_b_2001_07_27T02_31_17_all.dat.gz
WD2021-128,6876934409805839872,WD2021m128_a_2001_05_04T10_18_36_all.dat.gz
WD2021-128,6876934409805839872,WD2021m128_b_2001_06_05T08_19_13_all.dat.gz
WD2029+183,1815528000815020288,WD2029p183_a_2002_04_24T09_35_06_all.dat.gz
WD2029+183,1815528000815020288,WD2029p183_b_2002_08_05T04_50_54_all.dat.gz
WD2032+188,1815657193425348096,WD2032p188_a_2002_07_10T05_46_04_all.dat.gz
WD2032+188,1815657193425348096,WD2032p188_a_2002_09_04T01_03_02_all.dat.gz
WD2032+188,1815657193425348096,WD2032p188_b_2002_09_10T00_11_32_all.dat.gz
WD2039-202,6857939315643803776,WD2039m202_a_2002_04_23T07_35_02_all.dat.gz
WD2039-202,6857939315643803776,WD2039m202_b_2003_06_22T09_33_56_all.dat.gz
WD2039-682,6424566979354709248,WD2039m682_a_2002_04_23T07_58_44_all.dat.gz
WD2039-682,6424566979354709248,WD2039m682_b_2002_05_20T09_53_03_all.dat.gz
WD2046-220,6808699474099687808,WD2046m220_a_2001_05_04T09_47_34_all.dat.gz
WD2046-220,6808699474099687808,WD2046m220_b_2001_07_27T02_40_49_all.dat.gz
WD2051+095,1750545141328217984,WD2051p095_a_2000_06_10T09_09_21_all.dat.gz
WD2051+095,1750545141328217984,WD2051p095_b_2000_07_06T05_31_41_all.dat.gz
WD2056+033,1731395432637342336,WD2056p033_a_2001_08_21T00_57_59_all.dat.gz
WD2056+033,1731395432637342336,WD2056p033_b_2001_08_19T02_55_39_all.dat.gz
WD2058+181,1765090584946772736,WD2058p181_a_2002_07_10T06_54_05_all.dat.gz
WD2058+181,1765090584946772736,WD2058p181_b_2002_09_10T00_45_40_all.dat.gz
WD2058+181,1765090584946772736,WD2058p181_b_2002_09_21T02_52_18_all.dat.gz
WD2059+190,1789361097242243584,WD2059p190_a_2002_09_22T00_52_15_all.dat.gz
WD2059+190,1789361097242243584,WD2059p190_b_2002_09_23T01_15_39_all.dat.gz
WD2115-560,6462911897617050240,WD2115m560_a_2002_04_23T08_53_22_all.dat.gz
WD2115-560,6462911897617050240,WD2115m560_b_2003_05_13T09_32_34_all.dat.gz
WD2115+010,2691277330022787712,WD2115p010_a_2001_08_24T01_54_24_all.dat.gz
WD2115+010,2691277330022787712,WD2115p010_b_2001_08_23T02_25_16_all.dat.gz
WD2120+054,1738521539295354240,WD2120p054_a_2002_09_22T01_06_00_all.dat.gz
WD2120+054,1738521539295354240,WD2120p054_b_2002_09_23T01_30_25_all.dat.gz
WD2122-467,6575491133702739584,WD2122m467_a_2002_05_29T07_26_37_all.dat.gz
WD2122-467,6575491133702739584,WD2122m467_b_2002_07_24T06_08_05_all.dat.gz
WD2122-467,6575491133702739584,WD2122m467_b_2002_07_27T05_39_07_all.dat.gz
WD2122-467,6575491133702739584,WD2122m467_b_2002_09_14T01_21_33_all.dat.gz
WD2124-224,6828157565735439232,WD2124m224_a_2000_07_14T04_07_10_all.dat.gz
WD2124-224,6828157565735439232,WD2124m224_b_2000_08_05T07_01_07_all.dat.gz
WD2134+218,1793946026371051648,WD2134p218_a_2002_07_10T07_13_18_all.dat.gz
WD2134+218,1793946026371051648,WD2134p218_b_2002_09_10T02_30_18_all.dat.gz
WD2136+229,1794118516552814336,WD2136p229_a_2002_07_10T07_33_06_all.dat.gz
WD2136+229,1794118516552814336,WD2136p229_b_2002_09_18T01_40_48_all.dat.gz
WD2137-379,6585878288771383296,WD2137m379_a_2000_05_21T09_37_38_all.dat.gz
WD2137-379,6585878288771383296,WD2137m379_b_2000_05_22T09_34_37_all.dat.gz
WD2139+115,1766702297192943488,WD2139p115_a_2000_06_06T08_52_03_all.dat.gz
WD2139+115,1766702297192943488,WD2139p115_b_2000_06_09T10_17_40_all.dat.gz
WD2146-433,6565941703417200128,WD2146m433_a_2001_06_09T10_01_49_all.dat.gz
WD2146-433,6565941703417200128,WD2146m433_b_2001_08_17T01_20_18_all.dat.gz
WD2149+021,2693940725141960192,WD2149p021_a_2002_09_23T03_45_09_all.dat.gz
WD2149+021,2693940725141960192,WD2149p021_b_2003_08_10T07_06_05_all.dat.gz
WD2151-307,6616313457820826496,WD2151m307_a_2000_07_14T04_16_56_all.dat.gz
WD2151-307,6616313457820826496,WD2151m307_b_2000_08_05T07_14_15_all.dat.gz
WD2152-045,2670147461020069632,WD2152m045_a_2001_09_20T00_46_20_all.dat.gz
WD2152-045,2670147461020069632,WD2152m045_b_2002_09_23T03_55_10_all.dat.gz
WD2152-045,2670147461020069632,WD2152m045_b_2003_06_23T09_33_43_all.dat.gz
WD2152-548,6461145119869641728,WD2152m548_a_2000_07_14T04_26_37_all.dat.gz
WD2152-548,6461145119869641728,WD2152m548_b_2000_07_18T06_15_04_all.dat.gz
WD2152-548,6461145119869641728,WD2152m548_b_2000_08_05T07_22_29_all.dat.gz
WD2153-419,6572442909513784576,WD2153m419_a_2000_06_01T08_27_51_all.dat.gz
WD2153-419,6572442909513784576,WD2153m419_b_2000_06_04T05_47_47_all.dat.gz
WD2154-061,2668622270889053568,WD2154m061_a_2001_09_20T00_58_12_all.dat.gz
WD2154-061,2668622270889053568,WD2154m061_b_2002_09_23T04_15_27_all.dat.gz
WD2157+161,1775640227215432320,WD2157p161_a_2002_09_23T02_44_22_all.dat.gz
WD2157+161,1775640227215432320,WD2157p161_b_2002_09_24T02_15_13_all.dat.gz
WD2157+161,1775640227215432320,WD2157p161_b_2003_08_19T05_31_49_all.dat.gz
WD2159-414,6571754443436630272,WD2159m414_a_2000_06_10T09_25_47_all.dat.gz
WD2159-414,6571754443436630272,WD2159m414_b_2000_06_13T08_14_57_all.dat.gz
WD2159-754,6358158435541361792,WD2159m754_a_2000_12_06T00_47_30_all.dat.gz
WD2159-754,6358158435541361792,WD2159m754_b_2001_08_21T02_52_49_all.dat.gz
WD2204+070,2721868041314138240,WD2204p070_a_2000_06_06T08_37_13_all.dat.gz
WD2204+070,2721868041314138240,WD2204p070_b_2000_06_09T10_02_53_all.dat.gz
WD2204+070,2721868041314138240,WD2204p070_b_2001_08_21T03_09_54_all.dat.gz
WD2205-139,2612155476855186176,WD2205m139_a_2001_09_20T02_31_25_all.dat.gz
WD2205-139,2612155476855186176,WD2205m139_b_2002_09_24T02_32_00_all.dat.gz
WD2207+142,2735175263041913088,WD2207p142_a_2000_05_26T09_50_41_all.dat.gz
WD2207+142,2735175263041913088,WD2207p142_b_2000_06_01T08_01_06_all.dat.gz
WD2220+133,2734319087081051264,WD2220p133_a_2000_12_06T01_04_16_all.dat.gz
WD2220+133,2734319087081051264,WD2220p133_b_2001_09_20T03_20_50_all.dat.gz
WD2220+133,2734319087081051264,WD2220p133_b_2003_09_01T05_29_31_all.dat.gz
WD2226-449,6520516480027596288,WD2226m449_a_2001_08_25T03_56_04_all.dat.gz
WD2226-449,6520516480027596288,WD2226m449_b_2001_08_23T04_15_43_all.dat.gz
WD2226-449,6520516480027596288,WD2226m449_b_2002_05_29T09_33_15_all.dat.gz
WD2226+061,2709363196787375488,WD2226p061_a_2000_06_01T09_12_03_all.dat.gz
WD2226+061,2709363196787375488,WD2226p061_b_2000_06_06T07_57_51_all.dat.gz
WD2235+082,2716039358376761088,WD2235p082_a_2000_12_06T01_20_07_all.dat.gz
WD2235+082,2716039358376761088,WD2235p082_b_2001_09_01T01_38_54_all.dat.gz
WD2235+082,2716039358376761088,WD2235p082_b_2001_09_01T01_56_01_all.dat.gz
WD2235+082,2716039358376761088,WD2235p082_b_2001_09_20T03_50_24_all.dat.gz
WD2240-017,2652784694950778624,WD2240m017_a_2000_06_10T09_41_34_all.dat.gz
WD2240-017,2652784694950778624,WD2240m017_b_2000_07_11T04_10_12_all.dat.gz
WD2240-017,2652784694950778624,WD2240m017_b_2000_07_11T04_21_19_all.dat.gz
WD2240-017,2652784694950778624,WD2240m017_b_2003_08_05T05_46_07_all.dat.gz
WD2240-045,2625078449333017856,WD2240m045_a_2000_06_01T09_26_28_all.dat.gz
WD2240-045,2625078449333017856,WD2240m045_b_2000_06_06T08_22_06_all.dat.gz
WD2241-325,6603807092875065728,WD2241m325_a_2002_06_12T09_52_18_all.dat.gz
WD2241-325,6603807092875065728,WD2241m325_b_2002_07_24T06_23_03_all.dat.gz
WD2248-504,6514042654346344704,WD2248m504_a_2002_05_29T09_47_27_all.dat.gz
WD2248-504,6514042654346344704,WD2248m504_b_2002_05_22T09_54_15_all.dat.gz
WD2253-081,2610488514148351360,WD2253m081_a_2000_07_12T05_52_41_all.dat.gz
WD2253-081,2610488514148351360,WD2253m081_b_2000_07_17T06_11_38_all.dat.gz
WD2253-081,2610488514148351360,WD2253m081_b_2003_07_03T09_45_19_all.dat.gz
WD2254+126,2719012579552367488,WD2254p126_a_2000_06_10T09_55_09_all.dat.gz
WD2254+126,2719012579552367488,WD2254p126_a_2000_07_12T05_23_49_all.dat.gz
WD2254+126,2719012579552367488,WD2254p126_b_2000_07_15T04_51_07_all.dat.gz
WD2303+017,2658537614663492352,WD2303p017_a_2001_09_20T05_24_22_all.dat.gz
WD2303+017,2658537614663492352,WD2303p017_b_2002_09_14T01_06_26_all.dat.gz
WD2303+017,2658537614663492352,WD2303p017_b_2003_08_05T06_20_05_all.dat.gz
WD2303+017,2658537614663492352,WD2303p017_b_2003_08_11T05_08_40_all.dat.gz
WD2303+242,2842650153836732928,WD2303p242_a_2002_09_25T04_35_21_all.dat.gz
WD2303+242,2842650153836732928,WD2303p242_b_2002_09_26T04_39_50_all.dat.gz
WD2306+124,2811882073278282496,WD2306p124_a_2000_08_06T03_24_41_all.dat.gz
WD2306+124,2811882073278282496,WD2306p124_b_2000_09_15T02_06_57_all.dat.gz
WD2306+130,2814942392095501952,WD2306p130_a_2001_09_20T05_40_46_all.dat.gz
WD2306+130,2814942392095501952,WD2306p130_b_2002_09_25T04_49_07_all.dat.gz
WD2308+050,2662658107503521536,WD2308p050_a_2002_09_25T05_17_59_all.dat.gz
WD2308+050,2662658107503521536,WD2308p050_b_2002_09_26T05_22_56_all.dat.gz
WD2309+105,2810585920868186240,WD2309p105_a_2000_08_06T03_38_50_all.dat.gz
WD2309+105,2810585920868186240,WD2309p105_b_2000_09_15T02_24_15_all.dat.gz
WD2311-260,2379935013296113664,WD2311m260_a_2000_06_13T08_31_57_all.dat.gz
WD2311-260,2379935013296113664,WD2311m260_b_2000_07_12T05_38_22_all.dat.gz
WD2312-356,6554999363696189056,WD2312m356_a_2001_09_02T01_05_10_all.dat.gz
WD2312-356,6554999363696189056,WD2312m356_a_2001_09_11T03_59_53_all.dat.gz
WD2312-356,6554999363696189056,WD2312m356_a_2002_09_14T01_50_39_all.dat.gz
WD2312-356,6554999363696189056,WD2312m356_b_2001_09_13T00_32_36_all.dat.gz
WD2312-356,6554999363696189056,WD2312m356_b_2001_09_20T05_57_02_all.dat.gz
WD2314+064,2664365374183501312,WD2314p064_a_2002_09_26T05_36_29_all.dat.gz
WD2314+064,2664365374183501312,WD2314p064_b_2002_09_27T02_18_34_all.dat.gz
WD2318-226,2385336982642954496,WD2318m226_a_2000_08_06T03_49_56_all.dat.gz
WD2318-226,2385336982642954496,WD2318m226_b_2000_09_15T03_57_45_all.dat.gz
WD2318+126,2811363550466857344,WD2318p126_a_2002_09_26T06_05_47_all.dat.gz
WD2318+126,2811363550466857344,WD2318p126_b_2002_09_27T02_45_07_all.dat.gz
WD2321-549,6499376994593401344,WD2321m549_a_2001_10_30T05_25_50_all.dat.gz
WD2321-549,6499376994593401344,WD2321m549_b_2002_09_14T01_35_33_all.dat.gz
WD2322-181,2393546245693497728,WD2322m181_a_2000_07_13T06_16_35_all.dat.gz
WD2322-181,2393546245693497728,WD2322m181_b_2000_07_16T05_46_26_all.dat.gz
WD2322+206,2825795087259417984,WD2322p206_a_2002_09_26T06_21_23_all.dat.gz
WD2322+206,2825795087259417984,WD2322p206_b_2002_09_27T02_59_14_all.dat.gz
WD2324+060,2661500871515095680,WD2324p060_a_2002_09_26T07_19_18_all.dat.gz
WD2324+060,2661500871515095680,WD2324p060_b_2002_09_27T03_55_12_all.dat.gz
WD2326+049,2660358032257156736,WD2326p049_a_2000_08_06T04_17_51_all.dat.gz
WD2326+049,2660358032257156736,WD2326p049_b_2000_09_17T04_02_20_all.dat.gz
WD2329-332,2325117757286653440,WD2329m332_a_2000_07_15T05_15_24_all.dat.gz
WD2329-332,2325117757286653440,WD2329m332_b_2000_07_18T07_34_07_all.dat.gz
WD2330-212,2388953031573382784,WD2330m212_a_2002_09_27T04_23_57_all.dat.gz
WD2330-212,2388953031573382784,WD2330m212_b_2002_09_30T02_06_04_all.dat.gz
WD2333-049,2633120655335891968,WD2333m049_a_2000_08_06T04_52_54_all.dat.gz
WD2333-049,2633120655335891968,WD2333m049_b_2000_09_16T02_23_24_all.dat.gz
WD2333-165,2395444208921491456,WD2333m165_a_2000_08_06T04_28_04_all.dat.gz
WD2333-165,2395444208921491456,WD2333m165_b_2000_09_17T04_26_44_all.dat.gz
WD2336+063,2756675044691990272,WD2336p063_a_2002_09_27T04_52_23_all.dat.gz
WD2336+063,2756675044691990272,WD2336p063_b_2002_09_30T02_35_12_all.dat.gz
WD2347-192,2390888829168611968,WD2347m192_a_2000_09_15T03_09_51_all.dat.gz
WD2347-192,2390888829168611968,WD2347m192_b_2000_08_05T08_02_01_all.dat.gz
WD2347+128,2769930207121379968,WD2347p128_a_2000_09_15T04_18_12_all.dat.gz
WD2347+128,2769930207121379968,WD2347p128_b_2000_09_17T04_11_38_all.dat.gz
WD2348-244,2338349628107880192,WD2348m244_a_2000_08_06T05_07_00_all.dat.gz
WD2348-244,2338349628107880192,WD2348m244_b_2000_09_15T03_25_18_all.dat.gz
WD2349-283,2334079090586541440,WD2349m283_a_2000_08_06T05_26_55_all.dat.gz
WD2349-283,2334079090586541440,WD2349m283_b_2000_09_15T03_42_51_all.dat.gz
WD2350-083,2442099751463686528,WD2350m083_a_2002_09_13T07_51_46_all.dat.gz
WD2350-083,2442099751463686528,WD2350m083_b_2002_07_11T09_56_40_all.dat.gz
WD2350-248,2338275136195124864,WD2350m248_a_2000_08_05T08_14_49_all.dat.gz
WD2350-248,2338275136195124864,WD2350m248_b_2000_09_16T01_53_04_all.dat.gz
WD2351-368,2310942857676734848,WD2351m368_a_2000_07_14T06_20_04_all.dat.gz
WD2351-368,2310942857676734848,WD2351m368_b_2000_07_18T06_56_32_all.dat.gz
WD2353+026,2739782629080048000,WD2353p026_a_2002_07_11T09_11_30_all.dat.gz
WD2353+026,2739782629080048000,WD2353p026_b_2002_09_13T04_11_41_all.dat.gz
WD2354-151,2419140746085234688,WD2354m151_a_2000_08_05T07_32_24_all.dat.gz
WD2354-151,2419140746085234688,WD2354m151_b_2000_09_16T02_08_18_all.dat.gz
WD2359-324,2313582750735435776,WD2359m324_a_2000_07_15T05_42_57_all.dat.gz
WD2359-324,2313582750735435776,WD2359m324_b_2000_07_17T07_09_36_all.dat.gz
WD2359-324,2313582750735435776,WD2359m324_b_2003_06_09T09_54_59_all.dat.gz
