wavl,flux,ivar
3566.9744,1.0507483032421654,0.8675820402151966
3567.795,1.0509089119814836,0.9492383138596413
3568.6177,1.0499439393315357,0.7840006437367811
3569.4385,1.0468153649793375,0.7625895735244205
3570.2617,1.0418273921137022,1.3409444126310097
3571.083,1.0367283410058452,0.8442274978573349
3571.9065,1.0334652570987388,1.119353683581067
3572.7283,1.0329085172066215,0.6943007501734164
3573.55,1.0342739459338148,0.8450447682685607
3574.374,1.0357407804511698,0.7517901218072348
3575.1963,1.035620100061664,0.703941628411783
3576.0208,1.033412494087724,0.8514371804224823
3576.8435,1.030057043428444,1.1926867084546595
3577.6682,1.0272457928024872,0.7528723992708534
3578.4915,1.0264561245156714,0.8632514210810316
3579.3145,1.0282055689269407,0.738428436276355
3580.14,1.0319209631715702,1.1177506340770214
3580.9636,1.036100203819018,1.249866608389117
3581.7893,1.0388819310363582,1.0761790385616026
3582.6133,1.0387571526967758,0.8681954750496383
3583.4395,1.0353493516649352,0.6444646211213868
3584.264,1.0296458410597265,0.9049069304859945
3585.0884,1.0234401139016558,0.9315265828759215
3585.915,1.0184926498441917,0.9600312259778055
3586.74,1.0159607834575919,1.135041184493659
3587.5671,1.0161259513970042,0.9234125802587678
3588.3923,1.018509599677931,0.9592080991950683
3589.22,1.0221218325131505,1.0078094087887086
3590.0457,1.02582470584016,1.022146764865858
3590.8716,1.0287957720058516,0.8369305516902051
3591.6995,1.030698424260967,0.9344513310617195
3592.526,1.0316517332369466,0.8861806192895821
3593.3542,1.032060885599062,0.92006942957477
3594.181,1.0322953157961703,0.9541115816022112
3595.0098,1.0324372945964007,1.0261255943493661
3595.8367,1.0322393285977287,0.7964901246887971
3596.6638,1.0312675114556946,1.0598563716317086
3597.4934,1.0289792607971662,0.8951426821944305
3598.3208,1.0247756150664842,1.0989018936330124
3599.1506,1.018170354865623,1.181997939744858
3599.9788,1.0094072230051712,0.9217820549491347
3600.8088,0.9997446909558052,1.190316802323317
3601.6372,0.991352793162586,1.0336844891531345
3602.4678,0.9862310506122793,0.9849894915938011
3603.2964,0.9853112276225409,1.25677748250866
3604.1252,0.9879146591713994,0.8804599792660583
3604.9565,0.992189919504678,0.8469508039001288
3605.786,0.9959680061871692,1.1812448413194845
3606.6172,0.9978791313411653,0.9053372028384299
3607.447,0.9979397835301265,1.094483242729011
3608.2788,0.9974245016569533,1.062797697969365
3609.109,0.9978722578993467,0.6929407125522562
3609.9392,0.9998988065346365,1.2160510395316269
3610.7717,1.002731205057928,0.798260993372937
3611.6023,1.0047821293160144,0.8870260332140592
3612.435,1.0048420976526735,1.3668851616013002
3613.266,1.0027733497559637,0.9575913081905564
3614.0994,0.9993305205280012,0.9727052069133811
3614.9307,0.995472863060307,1.090963592127912
3615.7625,0.9917699467290112,1.0472616863493063
3616.5962,0.9884741684966489,0.954900952784602
3617.4282,0.985915863778954,1.130064965691615
3618.2625,0.9845947932061759,1.186055531921313
3619.0947,0.9848602437368569,0.9275274922380081
3619.9292,0.9863949607603107,0.8939859191386994
3620.762,0.9881228204195331,1.0688098718443617
3621.595,0.9886755578150223,0.9234246322364658
3622.4302,0.9870516135550278,1.085396192136301
3623.2634,0.9831371471259995,0.9968893437549622
3624.0989,0.977730667570823,1.0714449113976585
3624.9326,0.9722181949526754,1.1547344925380156
3625.7686,0.9678407956801055,1.1431538264351029
3626.6028,0.9652879351859963,1.223609720794859
3627.437,0.9646110280488874,1.0579096400028294
3628.2734,0.9656650595318711,1.3285356194516693
3629.1082,0.9684175230255249,0.8717225272990872
3629.945,0.9728793884650132,1.1988123061920775
3630.78,0.9786336211052034,1.321507596175868
3631.6174,0.9846690000385039,0.9795906443694744
3632.453,0.9895600995805768,0.9194256689749529
3633.2883,0.9922651389297351,0.9734917655749956
3634.1262,0.9926258800177186,0.8634463620792665
3634.9622,0.9914282557939318,1.1236926484034993
3635.8005,0.9899659039850968,0.9647581686363381
3636.637,0.9894474497544717,0.9307548689041197
3637.4756,0.9904935331825129,0.8925755172107243
3638.3123,0.9929097755707742,1.2772865717636372
3639.1492,0.9958140652945526,0.841109022301626
3639.9885,0.9980982605076935,0.808285138710129
3640.826,0.9989991538856281,0.9644466551763549
3641.6653,0.9984762283241457,0.8712093322343092
3642.5032,0.9970788497362603,0.9426812539651905
3643.343,0.9955686654594258,1.182206956781312
3644.1812,0.9946258107206757,1.042410395055531
3645.0195,0.9946614340649408,1.1981365459551454
3645.86,0.9956736145425724,1.0705123824018181
3646.699,0.9970805164653946,1.1319797065736075
3647.5398,0.9978561761089539,0.9377058321108694
3648.379,0.9970149670607458,1.112876108075545
3649.2202,0.9941558455138738,1.0490292290496457
3650.0596,0.9896409805802223,0.9115943127061409
3650.8994,0.984320376151416,0.9733206769446848
3651.7412,0.979272421703409,0.9207584192200167
3652.5813,0.9756767533211312,0.9800499207682306
3653.4236,0.974546052148417,1.019163540951633
3654.2642,0.9763974081891786,1.3942435446914991
3655.1067,0.9808585654868422,1.0241806310540333
3655.9475,0.9866161503070304,1.0622960382826174
3656.7886,0.9919010303258723,1.0241249606323306
3657.6318,0.9951346128456082,1.2254585944876122
3658.4734,0.9955247911171584,0.878492645260235
3659.317,0.993372443991842,1.1135483774386965
3660.1587,0.9898364221849544,1.1556061845567378
3661.003,0.9862902765893137,1.0947191387176514
3661.845,0.9837568209079467,1.212318331763494
3662.6875,0.9826094192404748,1.0829304462378686
3663.532,0.9827615488631297,1.0394048600093082
3664.3748,0.9838188159491715,1.1652475250886465
3665.2197,0.9851107920965487,0.7012387167145023
3666.063,0.985782395892997,1.0526759205853065
3666.9084,0.9851857073069847,1.2359123730850592
3667.752,0.9832541593362515,0.9902769862577715
3668.5977,0.9804382058171955,1.1975255649180214
3669.4417,0.9772911505866052,1.2984703837033647
3670.286,0.9740822832651882,0.8455556402788493
3671.132,0.9708959296347077,1.1344480072989704
3671.9768,0.9679477784918318,1.2389744611780793
3672.8235,0.965636479223508,1.1088090320483555
3673.6685,0.9643628586990292,1.2019657927438916
3674.5156,0.9641888562582582,1.1653290993726024
3675.3608,0.9647515438821015,0.9297171919904046
3676.2063,0.9654174126579643,1.049491417523725
3677.0542,0.9655845998240865,1.0247621704295349
3677.9,0.9648901244174238,1.137192417370099
3678.748,0.9631972420294134,1.5022692197960896
3679.5945,0.9605427977308599,0.9968894498798935
3680.4429,0.9572301096150037,0.9498291734281625
3681.2896,0.9540471105216309,1.166987657402708
3682.1365,0.9519835751929312,1.1380874239524366
3682.9856,0.9515617696897284,1.1900854661063915
3683.8328,0.9523204555423842,0.8391680647016369
3684.6824,0.9531244681628457,1.0894227242704388
3685.53,0.9530522263250724,1.3557761211877757
3686.38,0.9520576234268412,0.8560749370377481
3687.2278,0.9509317057869132,1.2475270754828593
3688.0762,0.9507501037020495,1.238041918727124
3688.9265,0.9522584390383174,1.0276110270110568
3689.7751,0.9553967106953835,1.5135348397791881
3690.626,0.959238181439138,1.2915308790637088
3691.475,0.9623403358529552,1.3609570540187308
3692.3264,0.9635520738042007,1.1660455161957852
3693.1758,0.9626355927670696,0.9870472051331253
3694.0254,0.9604171125674285,1.1462807711590484
3694.8772,0.9582087307921502,1.0435480904884864
3695.7273,0.9569325058021435,1.045280880813868
3696.5793,0.9564724087624219,1.0795311430117713
3697.43,0.9558918313343718,1.3004568267206977
3698.2825,0.9543077960209099,0.983657786179688
3699.1333,0.9517039644085378,1.035743551607202
3699.9841,0.9488930286893623,1.2127371458676497
3700.8374,0.9468148029724252,1.13075220105807
3701.6887,0.9459190694016292,1.215427449566868
3702.5425,0.9460635181464462,1.3999667137343508
3703.3943,0.9468436358181597,1.2127009636912134
3704.2483,0.9478391296031635,1.3202765681920483
3705.1003,0.9486535167292164,0.9450043665266002
3705.9526,0.9489632687977301,1.0511484158856652
3706.8074,0.9486273086917955,0.9956569850222349
3707.66,0.9477247240781305,1.2770729186545697
3708.515,0.9463251654368985,1.276395034152141
3709.3682,0.9442637336715671,0.9247718534491558
3710.2234,0.9412256113442504,0.994149531796839
3711.0771,0.9372420765209241,1.3899995447631028
3711.9307,0.9330255319952812,1.1588918541681659
3712.7866,0.9298655072640001,0.9836353277341063
3713.6409,0.9290188514085715,2.0722501139465646
3714.4973,0.9308254622117552,1.035109317628877
3715.3518,0.9343121582587158,1.0041724781798023
3716.2085,0.9377153401228926,0.9873902725411352
3717.0635,0.9395305360012984,0.8174378562861749
3717.9185,0.9392997765419394,1.2078945892248576
3718.776,0.9373854891407859,1.028783401272071
3719.6313,0.9343857506582895,1.1594873870576965
3720.489,0.9308207129976271,1.0725156574466592
3721.345,0.9273014022856306,1.5473920664703713
3722.2031,0.9244735512981357,1.3189240062837522
3723.0593,0.9227809252786052,0.8205815167664315
3723.9158,0.9221736896386908,1.145518251535213
3724.7747,0.9222351193072637,1.3831280384524989
3725.6316,0.9224804516604777,1.0633458984621358
3726.4905,0.9226320976461884,1.2183984009225655
3727.348,0.9227347016016144,1.1421907271696774
3728.2073,0.9230926547768135,1.171730600871312
3729.065,0.9240289400392584,1.2378640917170818
3729.9229,0.9256076812254799,1.0241226904299383
3730.783,0.9275277997169581,1.0695058296799105
3731.6414,0.9292524244187325,1.4261274609335552
3732.5017,0.9302932355328171,1.0623479711755184
3733.3604,0.9303778437001878,1.28972339508513
3734.2214,0.9295829553035952,0.7928772354683649
3735.0803,0.9283939458816102,1.2700548037860804
3735.9417,0.9275696573016108,1.2082909466771516
3736.8013,0.9277842136988653,1.194392072211757
3737.661,0.9292236752073804,1.0062488571878416
3738.5227,0.9315352971218215,1.0392253868592076
3739.3828,0.9340404712808692,1.1398532076166725
3740.245,0.9360241695276905,1.1376953266766343
3741.1055,0.9368464789419638,1.1279883536333857
3741.9683,0.9361744404055887,1.0606685082051586
3742.829,0.9342180749141241,0.9842807071847834
3743.69,0.9316716097660234,1.4309950625497048
3744.5532,0.9291602911012337,0.9067197068892555
3745.4148,0.9266669906177359,1.0654593626638125
3746.2786,0.923528338413677,1.1918470896173905
3747.1404,0.9192960156585115,0.9848477388338437
3748.0044,0.9145137868230656,1.5417939971792238
3748.8667,0.9107563885654418,1.2733957419782576
3749.729,0.9095028264926391,1.2478658466761945
3750.5938,0.9109818120553307,1.2934082850666528
3751.4565,0.9138541343172013,1.174177610416118
3752.3215,0.9161111540219241,1.7923865644200085
3753.1848,0.9163221690759896,1.0498853258948955
3754.0503,0.9144264919062197,0.9884526436299261
3754.9138,0.9116263825879248,1.3227449335714985
3755.7776,0.9095946377691912,1.3128945299867683
3756.6438,0.9094989715016917,1.3166517067252899
3757.508,0.9113245835325969,1.2950127544018957
3758.3745,0.9140001930826133,0.9407032333604838
3759.239,0.9161921032819125,1.1705305135538182
3760.106,0.9171641532495558,1.0447296988474446
3760.971,0.9169637816747326,1.0334676653351456
3761.8362,0.9161090600307042,1.1309276128970853
3762.7036,0.9151226315315443,1.2641429188608344
3763.5693,0.9142635193833962,1.278943507300673
3764.437,0.913421596903483,1.1581573634994284
3765.3032,0.9122169242662365,1.1592295101305963
3766.1714,0.910263848003373,1.0343228387972776
3767.0378,0.9075792856829404,1.3734172510944171
3767.9043,0.9047377331600044,1.2202770483817507
3768.7732,0.9026024993997473,1.6193882782475426
3769.6401,0.901766011839154,1.2410222717694925
3770.5095,0.9021416277263282,0.9191694199878234
3771.377,0.9031420831116503,1.2175536678568388
3772.2466,0.9041744393330184,1.0339190098786708
3773.1145,0.9049534418248372,1.49683240668916
3773.9824,0.9053901806629012,1.081182332782736
3774.8528,0.9052395873531769,0.8803544151126473
3775.721,0.904081185709739,1.1072939836166393
3776.5918,0.9017976006686648,1.0815183367672943
3777.4604,0.8990934031408397,1.3596068463064097
3778.3315,0.8972461932280223,1.536381596659544
3779.201,0.8972434198250466,1.2378935806091176
3780.0703,0.898943885944766,1.4321387639358398
3780.942,0.9011763918002651,1.3520917053331614
3781.8118,0.9025785897276813,1.3737593239876627
3782.6838,0.9025199504951581,1.132156676765173
3783.554,0.9012996553776653,1.1647388250592807
3784.4265,0.8996525400557134,1.4410078185426412
3785.297,0.8981257367986557,1.1824754728922995
3786.168,0.8968023977602015,1.3072122693902644
3787.041,0.895499631339686,1.1621918938482125
3787.912,0.8940696923564542,1.2344628038846857
3788.7856,0.8925063791688252,1.4450286514234663
3789.6572,0.8909212193242769,1.238428859888569
3790.531,0.8894168597484864,1.3752399745765793
3791.403,0.8880771878841033,1.193242478888336
3792.2754,0.8869206026396204,1.4523196256896114
3793.15,0.8858107078175179,1.4276999731324902
3794.0225,0.8843663075861505,1.184297245178362
3794.8972,0.882099174243428,1.2405073140163956
3795.7703,0.8788783646573683,1.3885561311868608
3796.6455,0.8751649389765002,1.3575676560852292
3797.519,0.8717724015138595,1.2826864174961705
3798.3926,0.8691803170655462,1.5971488886087486
3799.2686,0.867277315146811,1.3149329674022752
3800.1426,0.8657373165993346,1.2161203913741674
3801.0188,0.8645541995834568,1.5255590838537736
3801.8933,0.8641976127094718,1.331449673692124
3802.77,0.8651927835908179,1.306321629303093
3803.6448,0.8676582578707178,1.3198652705918725
3804.522,0.8712484115600028,1.215256824879452
3805.3972,0.8754246233812878,1.3908675189861797
3806.2727,0.8798923880174132,1.4831546280112085
3807.1504,0.8846377109447927,1.546059752369962
3808.0261,0.8895246525237998,1.226710535636323
3808.9043,0.8939572983299064,1.0738873152773183
3809.7805,0.8968723132076011,1.196092441779131
3810.659,0.897439302881067,1.1880643983971806
3811.5356,0.895557140915871,1.2416642328153369
3812.4126,0.8918343627344271,1.5225888557707206
3813.2917,0.8871408908048228,1.408282048069202
3814.169,0.8823633027590804,1.3705166808731808
3815.0483,0.8782734689796748,1.3967946022384305
3815.926,0.8755101496961111,1.433479968607847
3816.806,0.8742597137093221,1.4273619587855872
3817.684,0.8741724586435742,1.5784827780198905
3818.5623,0.8745516419444981,1.2356915791258034
3819.4429,0.8747773037889521,1.13275195320109
3820.3215,0.8745750707443813,1.3079865287568349
3821.2024,0.873992348076789,1.4295041134993078
3822.0815,0.8731776375696874,1.1414289139835225
3822.963,0.8721752788419268,1.3549738532836508
3823.8423,0.8708870771476576,1.3117238039753032
3824.722,0.8690929399992898,1.2493841665871992
3825.604,0.8664963633304967,1.349169672667914
3826.4841,0.8628393432565217,1.237894426231283
3827.3665,0.858067379497465,1.5437737690347864
3828.2468,0.8526534942812543,1.3026015009673348
3829.1296,0.8475325628084122,1.3106489249397957
3830.0105,0.8437972003277416,1.43775075922358
3830.8916,0.8419779016451819,1.368057553957312
3831.7751,0.8417280095100523,1.5084703083103141
3832.6565,0.842009036147214,1.32026112738561
3833.5403,0.841725692815819,1.3958617351208584
3834.4224,0.8403750544241431,1.3391031502006396
3835.3064,0.8383112392452373,1.2953076435464734
3836.1887,0.8365335528573313,1.6480318726571535
3837.0713,0.8360651945284058,2.591453252310877
3837.956,0.8373934140653356,1.386362303365106
3838.839,0.8402580291917164,1.5310580664529632
3839.7244,0.8439317467195095,1.3057620415783515
3840.6077,0.8475931533807425,1.4291738448966387
3841.4932,0.8507064431918273,1.211201940039612
3842.377,0.8531419098098479,1.4149890594922214
3843.261,0.8552816781589246,1.297217827901778
3844.1472,0.8578295540892008,1.4681157910780684
3845.0315,0.8613852745887772,1.5491970525509933
3845.9182,0.866078632737627,1.6744061029364703
3846.803,0.8713838596649602,1.5868290037257875
3847.69,0.8764591285624732,1.2880842826845111
3848.5752,0.8804923471764375,1.4965834098577624
3849.4604,0.8831692950581362,1.3910053869669614
3850.3481,0.8848252865454739,1.3782910840650764
3851.234,0.8863282686856754,1.3871918398497944
3852.122,0.8886399724590817,1.1785069299318085
3853.0083,0.8921287517616272,1.2757971845750378
3853.8967,0.8962315939689071,1.1897797217657964
3854.7832,0.8996588915346146,1.2385867966781903
3855.6702,0.9012827982401236,1.375278664022828
3856.559,0.9008558758072024,1.146948947696441
3857.4463,0.8991152423149791,1.3266060964856998
3858.336,0.8971311127572911,1.3842925131683008
3859.2234,0.8955779642991869,1.3300918336605692
3860.1135,0.8944716635408821,1.1783368513056893
3861.0015,0.8935220083958096,1.4254776089733285
3861.8896,0.8924927294798086,1.4746876140736853
3862.7803,0.8912938168848581,1.310915922310981
3863.6687,0.8898652367970971,1.160561369227068
3864.5598,0.8880711766905887,1.0702218478687529
3865.4487,0.8857466447910837,1.109120529511813
3866.34,0.8826844689394422,1.2723099746160447
3867.2297,0.8787401688796279,1.02300054045143
3868.1213,0.8739150302981913,1.580912678803121
3869.0112,0.8685515174845085,1.3091911448711169
3869.9014,0.8632238858250385,1.4652985235469451
3870.7937,0.8585501457741614,1.2783939313217303
3871.684,0.8549704089745676,1.3585872553199696
3872.577,0.8525089329474528,1.500460374113305
3873.4678,0.8508135421673023,1.3286221038368224
3874.361,0.8492442879199535,1.3793839227636921
3875.2524,0.8471725736747951,1.5059083628618497
3876.1438,0.844161532902387,1.5563393567505286
3877.0376,0.8400145173158934,1.346274895441321
3877.9297,0.8347816240860942,1.419461933179583
3878.8237,0.8286785320854664,1.4672699385314534
3879.716,0.8221293262059919,1.4129363673244533
3880.6108,0.8154934922976419,1.4647195734922247
3881.5037,0.8089253042492405,1.5455531775532159
3882.3965,0.8021150492841668,1.4714084418727258
3883.2917,0.7944559197465928,1.6932455316418873
3884.185,0.7855149066601853,1.7601357138607474
3885.0808,0.7753485917951813,1.4413924266891631
3885.9746,0.7648312053231545,1.7590416049406996
3886.8706,0.7551697819055517,1.5285567483218363
3887.765,0.7476005859880865,1.6641059113117196
3888.6592,0.7429192121802911,2.122583286886723
3889.556,0.7414833497983778,1.690691224576987
3890.4507,0.7431877533836143,1.8328634769226855
3891.348,0.7474516318720803,1.7185072217337802
3892.243,0.7533258502204018,1.8452834812524685
3893.1406,0.7598993996923349,1.5387559607208625
3894.0361,0.766538151282404,1.4812405020887842
3894.932,0.7731574335161162,1.9000289724216075
3895.83,0.7800233482820035,1.7888896794016893
3896.7263,0.7873742271838576,1.5547263235480593
3897.625,0.7952797812327141,1.3671635442672359
3898.5215,0.8034687208914785,1.4677452803190327
3899.4207,0.8116251718904978,1.7449509468867592
3900.3176,0.8193316562079466,1.2787610768449227
3901.2148,0.826283238890185,1.5693160969665652
3902.1145,0.8323196150687332,1.7504097818032225
3903.0122,0.8375676724687762,1.550821736514143
3903.912,0.8426249865809833,1.1291984674307587
3904.8103,0.8482712107938125,1.358321065786945
3905.7107,0.8551180755044557,1.4710750460153443
3906.6094,0.863060477255561,1.3018602106005948
3907.508,0.8713008584438795,1.1858565920471276
3908.409,0.878745249789052,1.4316899941831425
3909.308,0.884605924868716,1.3666218364579112
3910.2097,0.8889127803422009,1.895239300608572
3911.1091,0.8922699823942385,1.1567613945370616
3912.011,0.8954357914336726,1.2264170388983957
3912.9111,0.8987812921589574,1.227050421092794
3913.8113,0.9022461216285605,1.3011227388838311
3914.7136,0.9055880618515484,1.1437750163234908
3915.6143,0.9086994997426399,1.4136002618920447
3916.517,0.9117494814521152,1.200749534543913
3917.4182,0.9149133046804525,1.4555623483291227
3918.3215,0.918172143489343,1.2152343330599076
3919.223,0.9212420656214443,1.0536952305075402
3920.1245,0.9238243613987129,1.4550354415503832
3921.0286,0.9257427736084437,1.1724859288554355
3921.9307,0.9269401716212994,1.0632938910242826
3922.835,0.9274595163071153,0.9508784224296722
3923.7373,0.9274211565845861,1.1165399317127709
3924.642,0.9270133420377158,1.170424083271321
3925.5452,0.9263836785327401,1.1618838736252401
3926.448,0.9255608094522569,1.3523538638069041
3927.3535,0.9245521814799572,1.0419351282228655
3928.257,0.9235027555136742,1.0787741553790997
3929.1628,0.9225942305098277,1.1832773882285674
3930.0667,0.9217605126068174,1.1662786921762311
3930.9731,0.9205387590360116,0.9994353993536158
3931.8774,0.9184100391374689,1.3540754245427438
3932.782,0.9152980952205896,1.3959531723877125
3933.6887,0.9117850692242556,1.0972349435540854
3934.5938,0.9088433851866669,1.168265072098027
3935.501,0.9072405567947817,1.1977683135258443
3936.4062,0.9071967749632035,1.1820135483273315
3937.3142,0.9083133447796402,1.2268304458266996
3938.22,0.9097635253168055,0.9685246250739942
3939.128,0.910548234818498,1.127112433961497
3940.0342,0.9097030876333058,1.2098219833905006
3940.9407,0.9065669716767104,1.2124207268208242
3941.8494,0.9010289964688775,1.166622984004577
3942.756,0.8937254053583173,1.1860045153679262
3943.6653,0.8857643273593175,1.123447393967458
3944.5725,0.8783523120503601,1.577624827752788
3945.4822,0.8720744233814959,1.6782829603341964
3946.39,0.8667399414533306,1.356805955280421
3947.2979,0.8614673124042245,1.2924725297402422
3948.208,0.8552973981504817,1.261352065358085
3949.1162,0.8478115283673842,1.5819943413210995
3950.0269,0.8392602684613616,1.3319950017327309
3950.9355,0.8304859775734721,1.453525121625515
3951.8467,0.8222794734859921,1.3666339934783687
3952.7559,0.8151014444086393,1.4349542384309437
3953.665,0.8087906614646321,1.4059314531321985
3954.577,0.8028107459009398,1.2681295155972723
3955.4866,0.7966663373570074,1.4691225629006222
3956.3987,0.7900314484239613,1.5450249882663152
3957.3088,0.7827877856852672,1.4628568038677212
3958.2214,0.7746502797659601,1.440316357148738
3959.132,0.7653011974193291,1.585161161351104
3960.0427,0.7545729395341272,1.797298800483254
3960.956,0.7427704661383621,1.6997879229671151
3961.8672,0.7307038507972115,1.629111365211641
3962.7808,0.7190324539090461,2.4314765742973004
3963.6924,0.7080555502875853,1.688951175806999
3964.6064,0.6973524877558764,1.8756924001187578
3965.5186,0.6862433754876885,1.8679950069996452
3966.4307,0.6740385848712336,2.215029380421829
3967.3455,0.6604607118056307,2.54767921884294
3968.258,0.6460005219049718,2.355842396395155
3969.173,0.63172486750007,2.2170182774996094
3970.0862,0.6193707351203604,2.172503573653814
3971.0017,0.6106167620384072,2.128179393981197
3971.9153,0.6067293489098565,3.1721417231540414
3972.829,0.6080085720450612,2.561893727068834
3973.745,0.6138886389170706,2.5857747585902615
3974.6592,0.6231712551528227,2.4686166964747693
3975.576,0.6346111391132244,2.3745011300374776
3976.4905,0.6470777542917202,2.6976312556659843
3977.4075,0.6598274364294403,1.992926377988407
3978.3225,0.6721278515271529,2.263031915053582
3979.2375,0.6834735915712431,2.3270713314079448
3980.1553,0.6937620432816658,1.8072203256786634
3981.0708,0.703429918083675,1.7471598182969577
3981.9888,0.7134178863799874,2.443479736960345
3982.905,0.7243201042218492,2.0332292401393377
3983.8232,0.7360279891503461,1.7937877050017101
3984.7397,0.7475921633281926,1.8517933928552082
3985.6565,0.7579316809394789,1.3884101113808152
3986.5757,0.7663537592594225,1.6008890657470274
3987.4927,0.7727971467744322,1.8853040683464957
3988.412,0.7778950775878306,1.7521145657616122
3989.3298,0.7825246589521235,1.7374805217827172
3990.2498,0.7875294758124662,1.8316399691776322
3991.1677,0.7933543345813987,1.4321882522874407
3992.0857,0.8000494225199369,1.5193225209889702
3993.0063,0.8073394031658044,1.6188858309218737
3993.925,0.8147154171394257,1.661091890793243
3994.846,0.8217693120877607,1.4114965799598507
3995.765,0.8282777772821266,1.5097017678805518
3996.6863,0.8344328291177813,1.6623948844237124
3997.6057,0.8405957631711017,1.3863384151798495
3998.5254,0.8471240376713562,1.1737955232889878
3999.4475,0.8541214184975959,1.2708770986098843
4000.3674,0.8613914322045176,1.1355472931706383
4001.29,0.8687321783904456,1.4676259746564206
4002.2104,0.8759513074921738,1.0503460209278357
4003.1333,0.8830624698803424,1.4440689254261714
4004.0544,0.8900587121292467,1.36582779968526
4004.9753,0.8968817289513772,1.3003609047623979
4005.899,0.903296431716573,1.2204385016054085
4006.8206,0.908895776712604,1.1778355853690803
4007.7446,0.9134341183611323,1.665138509453067
4008.6665,0.916943246146112,1.2528073274279794
4009.5908,0.9198478565894482,1.5036816743775943
4010.5132,0.9226852246097732,1.4188845219507513
4011.438,0.9258816939446245,1.1631669643600926
4012.3608,0.9295166402817964,1.3392939967937145
4013.284,0.9333829168059372,1.1613490315556778
4014.2095,0.9371139195910502,1.076977018387128
4015.1328,0.9403421843929619,1.0904407337879778
4016.0588,0.9428905834787034,1.2163711811096178
4016.9827,0.9447366557718616,1.2271407551728406
4017.909,0.94604740480777,1.0060712842084776
4018.8333,0.9471380658554477,1.0676602145596166
4019.7578,0.948470051223849,1.3017337703950151
4020.6848,0.9504778509727966,1.2920112405184214
4021.6096,0.953259454021852,1.0280705483911554
4022.537,0.9564185040643703,1.1127612879698194
4023.4624,0.9591448248160438,1.0145651637793625
4024.3901,0.9607215264583029,1.0391102502837082
4025.3162,0.9609513271873127,0.9291369236002242
4026.2422,0.9603435434087615,1.2357056568900429
4027.1704,0.959806798010876,1.0274300155475309
4028.097,0.9601355856915968,1.0560983292258015
4029.026,0.9615947183738346,1.0621904152993755
4029.9526,0.9638201171025578,1.0052730191505443
4030.882,0.9660726946938872,1.0262378937403924
4031.8093,0.9676113504989478,1.0781195019085335
4032.7368,0.9681378310976736,1.3421160980476716
4033.6667,0.967904748960778,1.3160854485713647
4034.5947,0.9674508563662655,1.2366081388529242
4035.5251,0.9671291414959441,1.2421836986260555
4036.4534,0.9668613856647152,1.0426403364643269
4037.3843,0.9662575301248094,1.0003158231124254
4038.313,0.9649329604391624,1.2265179167935076
4039.242,0.9627330305729274,1.059023638779203
4040.1736,0.9597841089605351,1.022008901997573
4041.103,0.9564164342313659,1.0400134518680477
4042.0347,0.9529482215518742,1.4268846532168893
4042.9646,0.9497108471057207,1.225133186559935
4043.897,0.9471188499797119,1.192711745608028
4044.8271,0.94577960235544,1.2413170144156402
4045.7578,0.9462023463197089,1.2589630669424279
4046.6907,0.9483980270261348,0.9442313061303763
4047.6216,0.9515812113482831,1.02615733503958
4048.555,0.9543694094029282,0.9531877270205596
4049.4863,0.9552805708082411,0.9306217799969878
4050.4202,0.9534359376998001,1.213538465553556
4051.352,0.9489739238135745,1.2011831823289414
4052.284,0.9429169839830843,1.186964771285761
4053.2185,0.9365863898473525,1.1598426680151337
4054.151,0.931061237520506,1.142866863438663
4055.0857,0.9267862945131781,1.1012848150969705
4056.0186,0.9237405776170198,1.1950408079972126
4056.9539,0.9215462014525141,1.277441513302578
4057.8872,0.9197112224219933,1.2451657752686371
4058.8208,0.9177407555463356,1.1639328997412444
4059.7566,0.9152457619436218,1.1860101611434346
4060.6907,0.9119421564945215,1.2509528132019647
4061.627,0.9075268998046547,1.1689987041605832
4062.5613,0.9017577282873768,1.146508480948165
4063.4983,0.8945947866450986,1.149985051690297
4064.433,0.886567880182612,1.3033634083415013
4065.368,0.8785723954692687,1.4936305048516336
4066.3054,0.8713999722383903,1.3487228892589358
4067.241,0.8652535787458945,1.3480993576680484
4068.1787,0.8595832512026839,1.474390445812749
4069.1147,0.8537162961273432,1.2797888121257588
4070.053,0.8473182984925831,1.3617254080461478
4070.9893,0.840618681557755,1.6573091823594925
4071.9258,0.8340163421426408,1.5634105550959514
4072.8647,0.8277789419125207,1.6171000585573965
4073.8018,0.821962237976486,1.7162840184159889
4074.7412,0.8164027718248378,1.5350462423165225
4075.6787,0.8109796100235779,1.4829292028423555
4076.6184,0.8055535649835993,1.5943871279937407
4077.5562,0.7999782788287594,1.5498171952448891
4078.4944,0.7939659787712806,1.5952926700438022
4079.4348,0.7872408236091676,1.585701767755176
4080.3733,0.7797021764515188,2.1363088244768207
4081.3142,0.7712389393818259,2.076418230275526
4082.2532,0.7617337916005242,1.8325071863488918
4083.1943,0.751020476963203,1.6268181891052154
4084.1338,0.7393765833621547,1.9044067659074893
4085.0757,0.7274543710394247,2.286069839319641
4086.0154,0.716146702565769,2.4474289185129345
4086.9553,0.705887890156329,1.8906478620326408
4087.8977,0.6965387593176777,2.085639037586176
4088.8381,0.6876152804966822,2.2710364768916342
4089.781,0.6784879555274315,2.4020190833968496
4090.722,0.6688528972738892,2.109099951004077
4091.6653,0.6586704786928538,2.4753919679587137
4092.6064,0.648199071234355,2.33122824776149
4093.548,0.6374905089671425,2.598726114409993
4094.492,0.6262619681950772,2.8129112233379794
4095.4338,0.614114286211245,2.0359911711786443
4096.3784,0.6007540560338993,3.2201284264771197
4097.321,0.5864784007495806,2.745659785483719
4098.2656,0.5717762798296191,2.8921497710870545
4099.2085,0.5573145664900555,3.5473748014293567
4100.1514,0.5436312906258431,2.606591583296623
4101.0967,0.5314467681975925,3.448877057634192
4102.04,0.5219194126635621,3.495212579346243
4102.9863,0.5162429949172332,4.230141152977129
4103.93,0.5152602125219499,4.151720220263039
4104.8765,0.5188876432158657,3.344903801594268
4105.821,0.5262054519063212,3.531039615600337
4106.765,0.5360103477490226,2.514090580806359
4107.7124,0.5473433736936905,4.939606825647342
4108.657,0.5594956650611386,2.6988717921149274
4109.6045,0.5720697561854029,3.4630852067914213
4110.5503,0.5845841467375638,2.4498814769120503
4111.498,0.5967202407532879,1.922295680733913
4112.444,0.6082821974574171,2.908442751814717
4113.39,0.6193973299477323,2.645026246004389
4114.3384,0.630204655267221,2.5961550038694656
4115.285,0.6405429525235282,2.66698471312587
4116.234,0.6500870360388448,2.5676208832341425
4117.1807,0.6585696757624181,1.939344142475746
4118.1304,0.6663279453704818,2.3943439167326743
4119.0776,0.6741076291100548,2.312608772611526
4120.0254,0.6827675143377934,2.1777321057792984
4120.975,0.6927412764444987,2.0988836745212924
4121.9233,0.7038552045591464,2.003156556786568
4122.874,0.7155971072157943,1.8002141407001642
4123.8223,0.7270937968159885,1.8157218812054492
4124.7734,0.737469666742867,2.0757844603162114
4125.722,0.7458531896242747,1.5975484877007915
4126.6714,0.7520036539631895,1.5921132842512489
4127.623,0.756497774900676,1.5118409766520209
4128.5723,0.760559658904173,1.822670580515568
4129.5244,0.7654937724436427,1.5986532516512861
4130.4746,0.7719100865079555,1.5931114466083027
4131.427,0.7796083511860199,1.5855956277271752
4132.3774,0.7878132144915009,1.6414603783078276
4133.328,0.7958270122226467,1.5725073282713948
4134.2812,0.8033744313143018,1.5406524460745352
4135.2324,0.8105408334050747,1.2522536596522917
4136.1855,0.8176092116051447,1.4580549892448817
4137.137,0.8246249062337687,1.4497988840877365
4138.0913,0.8313637742187021,1.60714216108228
4139.0435,0.8373253397553172,1.4861406245440585
4139.9956,0.8421275923220796,1.6501403279502578
4140.95,0.8457465364840403,1.2935793225621126
4141.903,0.8485778390730262,1.3767086169004747
4142.858,0.8512805272728423,1.297541755810452
4143.811,0.854369120634027,1.3389724475328886
4144.7666,0.8580414522300696,1.4038033361825644
4145.72,0.8621362346559809,1.3706510149166968
4146.674,0.8663726414795883,1.443109646325142
4147.63,0.870515340306705,1.3402561597244131
4148.584,0.874408615952735,1.3088899820076163
4149.5405,0.8779886284743528,1.4115371457288295
4150.495,0.8811453039861775,1.26633461909703
4151.4526,0.8838263104796642,1.2327497571491
4152.407,0.8860900024951159,1.0998092143590863
4153.363,0.8881939468449405,1.490884354320852
4154.3203,0.8904209529212536,1.3017530202135559
4155.2764,0.8929185914885701,1.1836352240144667
4156.2344,0.8957282253836285,1.1584208331251287
4157.1904,0.8988667124334511,1.344975978216987
4158.149,0.9024267605622275,1.2608362618842834
4159.1055,0.906451796351088,1.0760062649783821
4160.065,0.9109012714040338,1.1836594255113435
4161.022,0.9154839433785369,1.096023681470482
4161.979,0.9196980137562408,1.2175744116562548
4162.939,0.9228751022006932,1.1217900160172132
4163.8965,0.9244233986620749,1.215890117816911
4164.8564,0.9242134157927577,1.3363597374793683
4165.815,0.9226913429833261,1.2208947973181048
4166.7754,0.9207290875474383,1.3050955776647837
4167.734,0.9193024450267275,1.294115735135976
4168.693,0.9191828502308902,1.0980490530068014
4169.654,0.9208120206403809,1.2063512282204416
4170.6133,0.9241673649094254,1.3349146736011765
4171.575,0.9286772141180512,1.1516690328685653
4172.5347,0.9332138177807348,1.1354835670224794
4173.497,0.9365380044245887,1.2157544148462174
4174.457,0.9377869872198001,1.1329263076558318
4175.4175,0.9369784341291153,1.0847834173123834
4176.38,0.9349589059477641,1.2621866469160006
4177.341,0.9330161378382262,1.2004608307457558
4178.304,0.9322938376592478,1.1100615347619023
4179.265,0.9333590307884176,1.0104751733350776
4180.229,0.9359898604490363,1.1108733449021175
4181.191,0.9392957998447626,1.0836325715721211
4182.153,0.9422820348699487,1.1197547423902356
4183.117,0.9444500270197701,0.9532992749368505
4184.0796,0.9459452735678876,1.1279428060144214
4185.0444,0.947151807664888,1.046254478472454
4186.007,0.9481553993418945,1.2184425019017349
4186.972,0.9487953816495758,1.1973369894786183
4187.9355,0.9491007736696029,1.0697106812128132
4188.899,0.9495302733359116,1.1962912044121896
4189.8647,0.9505946165220279,1.302408447470395
4190.8286,0.9522457798103976,1.0687370371409324
4191.795,0.9537511050450536,1.053426298452893
4192.7593,0.9542049603938398,1.049930072829367
4193.726,0.9532806650548963,1.2993057081167891
4194.691,0.9514871873529582,1.1918645060623765
4195.656,0.9497526571726067,1.1119400275973546
4196.6235,0.9487551351007,1.1588147079661921
4197.589,0.9485754656009684,0.9026531825341746
4198.557,0.9488976815918794,1.0239194168949943
4199.523,0.949525655806366,1.2172020161206434
4200.491,0.9506331453212991,0.9537037796370058
4201.4575,0.9524614634016728,1.112139678446865
4202.424,0.954826081809178,1.0399380442826096
4203.393,0.9569536125365253,1.2102097894950168
4204.36,0.957857546610805,0.9544310882560283
4205.3296,0.9570210020827103,1.0562913728076744
4206.297,0.954784355412705,1.103996723941899
4207.267,0.9522149821876883,1.0714723330623697
4208.235,0.9505668592590746,1.092514366203488
4209.203,0.9505258236203584,1.1111268721262222
4210.174,0.9518794546727101,1.102233910215906
4211.142,0.9537451960695763,0.9909996442498071
4212.1133,0.9552682545583615,1.1847507345423955
4213.082,0.9561429930428308,1.0258243769779272
4214.0537,0.956716886299336,1.0347034421306363
4215.023,0.9576198273712923,1.1976854596724307
4215.9927,0.95928632805996,1.489364888095178
4216.965,0.9615983714732455,1.06916578099415
4217.935,0.9638543105366139,1.0619806793666682
4218.9077,0.9651765920317387,0.9937337071754743
4219.8784,0.9649941509300755,1.0867066403060164
4220.8516,0.9633479892240961,1.0586919945117745
4221.8223,0.9607968408764929,1.144947075274345
4222.7935,0.9580637021907403,1.0568902994080709
4223.7676,0.9557393556010768,1.092019133141053
4224.7393,0.9541491504903385,1.1296505662030143
4225.7134,0.9533165183285355,1.2171058311691336
4226.6855,0.9530807980455858,1.0141576751407901
4227.66,0.9531745149020299,1.1542211274052645
4228.633,0.9533241413424626,1.0722863910733904
4229.6055,0.9533480311761575,1.3126948482821312
4230.5806,0.9532177317719708,1.0849997022893585
4231.554,0.9530292776497918,1.132722558751133
4232.53,0.952908019833806,0.8977865449681997
4233.5034,0.9529437984252099,0.9802760058299348
4234.48,0.9531651229210492,1.1165256236261523
4235.454,0.9534840961688786,1.1430943674410512
4236.4307,0.9536117767387695,1.1201726343116416
4237.4053,0.9530436959704899,1.1458305823440793
4238.38,0.9512358378344337,1.0301997929440174
4239.3574,0.9479080012396486,1.1481606154893351
4240.3325,0.9433637110253864,1.0206337687068365
4241.3105,0.9384315963595026,1.1678923135444048
4242.286,0.9341935607334986,1.248710271065944
4243.264,0.9313165723845687,1.3253037425770242
4244.2407,0.9297393926664557,1.3069030784983156
4245.217,0.9287474100351331,1.0485396470639239
4246.196,0.9275976470461427,1.220496189216544
4247.173,0.926145544290666,1.357703537284528
4248.152,0.9249164009213754,1.0716846409215834
4249.1294,0.9245877521110739,1.3558516288977098
4250.1094,0.9252998765108793,1.127731388493673
4251.087,0.9264530173364709,1.0568833528440793
4252.065,0.9271152397346248,1.0241966821997015
4253.0454,0.9265888357611046,1.0522498472499695
4254.024,0.924719070752878,1.3838396590279687
4255.005,0.9218122901327084,1.1433185187408834
4255.9834,0.9184501503582024,1.1340319242945966
4256.965,0.9152482356358469,1.2080521647347904
4257.9443,0.912765339987202,1.43947930223148
4258.924,0.9112926373153257,1.0837226525601393
4259.906,0.9108001319752548,1.1375689459292735
4260.8857,0.9110141516820387,1.180570085950421
4261.8687,0.9116223761432379,1.0487080827212831
4262.849,0.9124346959799959,1.3475824498721412
4263.832,0.9133810394737178,1.2428221878764822
4264.813,0.9143736946332269,1.2066689829493957
4265.794,0.9152447364601546,1.065545198205918
4266.778,0.9157602274676443,1.198462141033842
4267.7593,0.9156726731561222,1.1636280139555673
4268.743,0.914784490358674,1.2331800601142664
4269.7256,0.9130358488089749,1.2035693205184788
4270.71,0.9105959369635586,1.1073913644901967
4271.6924,0.9078972431086701,1.0999782536014036
4272.6753,0.9054100833694388,1.2702417176811835
4273.6606,0.9033388414872509,1.2649550837902517
4274.6436,0.901481657050431,1.229406956287515
4275.6294,0.8994422837641015,1.1728809934547588
4276.613,0.897105693641795,1.2240511838319599
4277.599,0.8947025583964584,1.4642433666857673
4278.583,0.8924838750207825,1.6337420846966575
4279.5674,0.8902602662009856,1.366957179252457
4280.554,0.8874713913576451,1.3080490447178965
4281.539,0.8836725203246546,1.1018946553924225
4282.5264,0.878889960389302,1.1856997099698428
4283.5117,0.8736860244767416,1.1633082240002213
4284.499,0.8687714245262013,1.2722350412786518
4285.485,0.8647435752774069,1.3142559116330472
4286.4707,0.8618106256879494,1.5409888450489775
4287.459,0.8597637362183873,1.4668598970407873
4288.4453,0.8581223252765765,1.1858575334401817
4289.4346,0.8563718030556208,1.5061520104592032
4290.4214,0.854166271999118,1.4595646786342829
4291.4106,0.8512020777278492,1.7123991656333752
4292.398,0.8471434124066273,1.1318631466004887
4293.3853,0.8417767942147574,1.4031488231269444
4294.3755,0.8354850749891786,1.4072831227407225
4295.3633,0.8295324765919627,1.334686173586315
4296.3535,0.8254221173418289,1.8549592665118393
4297.3423,0.823921441089306,1.6059561453949502
4298.333,0.8242337742624614,1.60492066940754
4299.322,0.8243394579368237,1.3446892053044992
4300.311,0.8222198253494166,1.2719730019460114
4301.3027,0.8170089195144122,1.447786213010312
4302.292,0.8093440313409614,1.2784097979668592
4303.284,0.8006464502649883,1.413232110139959
4304.2744,0.7923564492096031,1.9825175805055346
4305.2666,0.7852211156837322,1.516388522155772
4306.2573,0.779431979635732,1.6096703722757968
4307.2476,0.7748413934117121,1.6410247089928114
4308.241,0.7711607071790542,2.065602552791989
4309.232,0.7678740464022288,1.943443086283193
4310.226,0.7640253143903045,1.965474493179615
4311.2173,0.7585820265257245,1.4237295635137326
4312.2114,0.7509485208684543,1.6612135649809192
4313.2036,0.7415461601202412,1.614433037179519
4314.198,0.7314755194222073,1.8446534507059675
4315.1904,0.721935862546055,2.0370070211521765
4316.1836,0.7133932009260578,2.1113499411662597
4317.1787,0.705625377790932,2.294240568035035
4318.172,0.6981550315256196,1.7043457175613999
4319.1675,0.6905697155411928,2.197759718867756
4320.161,0.6827445554093332,2.031173916031397
4321.157,0.674593770116984,2.473964082249191
4322.1514,0.6661625657473219,2.4205715865770343
4323.146,0.6575549937226338,2.1967066672937388
4324.1426,0.6489890782058984,2.6130163327134004
4325.1377,0.640686845223697,1.9428175116169912
4326.135,0.6326077203524384,2.604568548734692
4327.13,0.6245214016446861,2.9631485360269894
4328.128,0.6159690427902513,2.2238337819021012
4329.1235,0.6065842359737951,2.6300359761769383
4330.1196,0.5961026965225031,2.25515342626769
4331.118,0.584547412435192,3.0107992664865115
4332.1143,0.5722753481574979,2.6360094262498586
4333.1133,0.5595362657902961,2.6440608324252133
4334.1104,0.5464406861445964,2.5358698607374293
4335.11,0.5326693870168916,4.228073222846963
4336.107,0.5179766709910991,4.215626218336084
4337.1045,0.5022512316402742,3.30256958083726
4338.1045,0.48575970133520424,3.594698340336117
4339.1025,0.4693258109986587,3.818597424834285
4340.103,0.45424414523006845,6.722919307927034
4341.1016,0.4425726770749745,5.578010123632465
4342.1025,0.4364051240437935,6.912733931922991
4343.1016,0.4371614953706017,5.2544011771945005
4344.1006,0.4447430242668041,5.809214762966204
4345.1025,0.45764195615879166,5.15446355636632
4346.102,0.4734396610542344,3.9657731743366496
4347.104,0.489892196403805,3.481724995397497
4348.104,0.505170330631862,4.451470915132202
4349.107,0.5183362235814646,4.033894909841214
4350.1074,0.5291450868958811,3.332051114894204
4351.108,0.5382810816368562,3.7240297187400278
4352.1113,0.5469496474566673,3.1829097335927052
4353.113,0.5562289286033284,3.2512501438934125
4354.1167,0.5666478832377787,2.9850508589925924
4355.118,0.5778670125969676,2.7883541506522627
4356.1226,0.5892371476962259,2.7776699731123413
4357.1245,0.600083919132729,3.2107427011751173
4358.127,0.6101836354622665,2.3842463894975205
4359.132,0.6195617969391988,3.0159678618769847
4360.135,0.628230699804935,2.53923720474745
4361.14,0.6362490548838333,2.736945686367358
4362.1436,0.6437007458244995,2.5366691849862644
4363.1494,0.6509974554860211,2.8281604913190783
4364.153,0.6586872153689585,2.520911465900211
4365.1567,0.6672525706945637,2.084362719856864
4366.1636,0.6766774384002369,2.2561386928170184
4367.168,0.6862617185863539,2.306009082900706
4368.1753,0.6951046983732898,2.140220819322987
4369.18,0.7024413170663101,2.3753643687938926
4370.1875,0.7081780737630973,1.7306557947267058
4371.193,0.7127109883668807,2.2698136523850176
4372.198,0.716708000843303,1.9058836466722635
4373.2065,0.7207510748842165,1.8565307046497534
4374.213,0.7251499800795989,2.138708762358552
4375.221,0.7300199508845485,2.3205657340451427
4376.228,0.7353250817705322,1.5322464797136839
4377.237,0.741047111938189,2.3922671309490506
4378.244,0.7470626501159973,2.1802175144617304
4379.2515,0.7530217801863444,1.5973937483249927
4380.261,0.7582612645984144,1.4232582758343946
4381.2686,0.7620550156947467,1.406564382228922
4382.2793,0.7642146652720893,1.9266383434755068
4383.287,0.765337882954222,1.746746474318074
4384.298,0.7666783016266202,1.6242294918571125
4385.3066,0.7694512766245286,1.7272369740565625
4386.3154,0.7741586039770121,1.7042933525899513
4387.3267,0.7803339464291041,1.9639765843677883
4388.336,0.7868190267844218,1.743855117114678
4389.348,0.7925108106564998,1.388129809788862
4390.358,0.7967618290905761,1.3148189658203175
4391.37,0.7996357836220892,2.1996722029555222
4392.3804,0.8016486245476511,1.9165176876181511
4393.3936,0.8034857772573963,1.310285608918304
4394.4043,0.8056167662032214,1.6876137031243115
4395.415,0.8081488996861624,1.4832518345187018
4396.4287,0.8108813162263533,1.2860292513139815
4397.44,0.8135064610474303,1.4271736753304003
4398.454,0.8158516982630989,1.9299094800036087
4399.466,0.8178333391244452,1.320752126288928
4400.4805,0.8193848472734763,1.3502746384555893
4401.4927,0.8203713054137325,1.5879384327908164
4402.5054,0.8207640640501971,1.3056763741160666
4403.5205,0.8207983281700568,1.681385953072631
4404.5337,0.8209158818492632,1.490414284004462
4405.5493,0.8214435513703465,1.5101643690249662
4406.5625,0.822350986909781,1.4268846105392095
4407.5786,0.823402411171629,1.4976236191142565
4408.593,0.824471584342658,1.4183315899843922
4409.607,0.8256339890315243,1.444324352335036
4410.624,0.8269033734928929,1.4184737342382323
4411.6387,0.8280390902042177,1.4337927567372875
4412.656,0.8287899786829702,1.309468629472353
4413.671,0.8292438337963213,1.313770309583846
4414.6885,0.829833799459164,1.397703351636947
4415.704,0.8308598519469738,1.4461096160133964
4416.72,0.83208500443251,1.3300488178593963
4417.739,0.8328432579250756,1.4220547291314256
4418.755,0.8325705749202162,1.432845659655656
4419.774,0.8312934889304329,1.5777331341307896
4420.7905,0.8297115065570588,1.7566684784102278
4421.81,0.8288186459274411,1.368773817355742
4422.827,0.8293540296705786,1.4957503527018992
4423.8447,0.8313896045147489,1.4900259158856737
4424.8647,0.8344351774660692,1.2228567565286204
4425.883,0.8378511944242347,1.248795916375029
4426.9033,0.8412466858938045,1.3849178723839057
4427.922,0.8443940749212089,1.1292543452982398
4428.943,0.8470679940459606,1.6519306432418674
4429.962,0.8489632799904131,1.6147352229984977
4430.981,0.8499641862281658,1.441242940706999
4432.0024,0.8503162712900415,1.3694173370004818
4433.022,0.8505430431667336,1.3990058273215193
4434.0444,0.8511557514751804,1.3798877583306233
4435.0645,0.8523677773994582,1.4017275073325608
4436.0874,0.8539606814403738,1.8701790918160563
4437.108,0.8552823548815721,1.6121500003061273
4438.1284,0.8555819187316853,1.1664459495060981
4439.152,0.8545175698545028,1.563941335799735
4440.1733,0.852469039812854,1.3755591879657838
4441.197,0.8502125627368236,1.4431036122489145
4442.2188,0.8483591177285338,1.6433920651696876
4443.243,0.847150831543286,1.3561610548448617
4444.265,0.8468104715982023,1.6147135530729388
4445.2876,0.8477274197358977,1.552916169933245
4446.3125,0.8501739401731065,1.2717053881543818
4447.3354,0.8538397262723982,1.4604276171861077
4448.3613,0.857858617412502,1.3182755641120651
4449.3843,0.8611382394128605,1.216971438070759
4450.4106,0.8628602877587291,1.2233790503549073
4451.434,0.8626632163299287,1.3310361551861358
4452.4585,0.8607767736758465,1.3566133085581689
4453.485,0.8579004252216078,1.38686634673452
4454.51,0.854905915632037,1.5218545050368721
4455.5366,0.8523939578560508,1.265753652177205
4456.5615,0.85054944489252,1.410221162176636
4457.5894,0.8493017818378277,1.3656001200825776
4458.6147,0.848698102046353,1.2637292339197617
4459.6406,0.8489429129245036,1.1930270535788885
4460.669,0.8500832939024723,1.860782826549236
4461.6953,0.8516662600001211,1.3465839337888847
4462.724,0.8529232307003488,1.380511177555332
4463.7505,0.8533154293198756,1.3986325117745755
4464.78,0.8528941756811559,1.4098480165356708
4465.807,0.8520561770132116,1.3650565281764833
4466.837,0.8510429683557775,1.8622900512867102
4467.8643,0.8497390604758263,1.5164310804932841
4468.892,0.8478883551129318,1.306310147702485
4469.923,0.8455029203040149,1.2884033828160746
4470.951,0.843106379376699,1.302489817240829
4471.982,0.8415445432316985,1.440212429826381
4473.0107,0.8415843600909751,1.7544921143202377
4474.0425,0.8434455763059552,1.2317024070074771
4475.072,0.846623267325484,1.765086377880186
4476.101,0.8501158531872742,1.4520165978871153
4477.1333,0.8528414356009762,1.4656977588287305
4478.163,0.8540371778867065,1.7379431671294205
4479.196,0.8535651509862451,1.2351701408326412
4480.2266,0.8518958179986873,1.5131522502464185
4481.2593,0.8498604577285607,1.3741581290317713
4482.2905,0.84827448865496,1.2756386275245308
4483.3213,0.8475787421282687,1.34442516239433
4484.3555,0.8477403419741076,1.3401666577130817
4485.387,0.8483894482640517,1.3396852425886203
4486.4214,0.8491237165935241,1.4513284636347463
4487.4536,0.8498072876026874,1.2045430636693042
4488.4883,0.8507182583767552,1.5222733003572346
4489.521,0.8523840714117246,1.6203727269263295
4490.5537,0.8552062720798456,1.4070650635860642
4491.589,0.8590901110367901,1.4690087424317335
4492.6226,0.8633195204345674,1.3912727992870155
4493.658,0.8668684122897661,1.3308713789032265
4494.692,0.8687658654908023,1.5524670268301164
4495.7285,0.8684392179691466,1.4428338138497596
4496.7627,0.8658283047097377,1.2208555279770739
4497.7974,0.8614710973641777,1.344603244480926
4498.8345,0.8564551981263149,1.3089065303363465
4499.8696,0.8520351301607497,2.0079729488671276
4500.907,0.848792516255407,1.8257487419139236
4501.9424,0.8462479217728324,1.5580798316976139
4502.9805,0.843304939356435,1.2855434494407139
4504.0166,0.8394961533833488,1.2272013755018685
4505.0527,0.835608226328546,1.6215226797918905
4506.0913,0.8330735693915542,1.2618939726288556
4507.128,0.8327007299310669,1.557914208514803
4508.1675,0.8340704077768369,1.0517183242729486
4509.2046,0.836137664698664,1.1917135811656334
4510.2446,0.838176507188685,1.2869275409571421
4511.282,0.8400795274749554,1.30861526828628
4512.32,0.8421077694395173,1.5301095224472707
4513.3604,0.84447375382763,1.469687198346484
4514.3984,0.8471006592084838,1.5557489747116369
4515.4395,0.8496481358248902,1.1367336719127743
4516.4785,0.8515873146519748,1.233400985901323
4517.52,0.8524547478461059,1.4471741369764752
4518.559,0.8520983449525888,1.2875801051995885
4519.5986,0.8509997429573829,1.1386435108819681
4520.6406,0.8504531684699698,1.372925000996962
4521.6807,0.8524745767493873,1.7054495984292366
4522.7236,0.8594690058325299,1.25265163468719
4523.764,0.8737034602466067,1.2500959815387154
4524.807,0.8967739580075794,1.243938291583047
4525.848,0.928282675163358,1.4648949025503397
4526.889,,1000000000000.0
4527.933,,1000000000000.0
4528.9746,,1000000000000.0
4530.019,,1000000000000.0
4531.061,,1000000000000.0
4532.106,,1000000000000.0
4533.149,,1000000000000.0
4534.1914,,1000000000000.0
4535.2373,,1000000000000.0
4536.2803,,1000000000000.0
4537.3267,,1000000000000.0
4538.37,,1000000000000.0
4539.417,,1000000000000.0
4540.461,,1000000000000.0
4541.506,,1000000000000.0
4542.5527,,1000000000000.0
4543.598,,1000000000000.0
4544.6455,,1000000000000.0
4545.691,,1000000000000.0
4546.7393,,1000000000000.0
4547.785,,1000000000000.0
4548.834,,1000000000000.0
4549.8804,,1000000000000.0
4550.9272,,1000000000000.0
4551.9766,,1000000000000.0
4553.024,,1000000000000.0
4554.0737,,1000000000000.0
4555.1216,,1000000000000.0
4556.172,,1000000000000.0
4557.2197,,1000000000000.0
4558.2686,,1000000000000.0
4559.3193,,1000000000000.0
4560.368,,1000000000000.0
4561.42,,1000000000000.0
4562.469,,1000000000000.0
4563.5215,,1000000000000.0
4564.5713,,1000000000000.0
4565.621,,1000000000000.0
4566.6743,,1000000000000.0
4567.7246,,1000000000000.0
4568.778,,1000000000000.0
4569.829,,1000000000000.0
4570.883,,1000000000000.0
4571.934,,1000000000000.0
4572.9863,,1000000000000.0
4574.0405,,1000000000000.0
4575.093,,1000000000000.0
4576.148,,1000000000000.0
4577.2007,,1000000000000.0
4578.256,,1000000000000.0
4579.309,,1000000000000.0
4580.363,,1000000000000.0
4581.419,,1000000000000.0
4582.473,,1000000000000.0
4583.53,,1000000000000.0
4584.584,,1000000000000.0
4585.641,,1000000000000.0
4586.6963,,1000000000000.0
4587.7515,,1000000000000.0
4588.809,,1000000000000.0
4589.8647,,1000000000000.0
4590.9233,,1000000000000.0
4591.9795,,1000000000000.0
4593.0386,,1000000000000.0
4594.095,,1000000000000.0
4595.152,,1000000000000.0
4596.2114,,1000000000000.0
4597.269,,1000000000000.0
4598.329,,1000000000000.0
4599.3867,,1000000000000.0
4600.4473,,1000000000000.0
4601.506,,1000000000000.0
4602.5645,,1000000000000.0
4603.6255,,1000000000000.0
4604.6846,,1000000000000.0
4605.7466,,1000000000000.0
4606.806,,1000000000000.0
4607.8687,,1000000000000.0
4608.9287,,1000000000000.0
4609.989,,1000000000000.0
4611.052,,1000000000000.0
4612.113,,1000000000000.0
4613.1763,,1000000000000.0
4614.2373,,1000000000000.0
4615.3013,,1000000000000.0
4616.3633,,1000000000000.0
4617.4253,,1000000000000.0
4618.4897,,1000000000000.0
4619.5522,,1000000000000.0
4620.6177,,1000000000000.0
4621.6807,,1000000000000.0
4622.7466,,1000000000000.0
4623.8096,,1000000000000.0
4624.8735,,1000000000000.0
4625.94,,1000000000000.0
4627.0044,,1000000000000.0
4628.0713,,1000000000000.0
4629.1357,,1000000000000.0
4630.203,,1000000000000.0
4631.2686,,1000000000000.0
4632.3364,,1000000000000.0
4633.4023,,1000000000000.0
4634.468,,1000000000000.0
4635.5366,,1000000000000.0
4636.603,,1000000000000.0
4637.6724,,1000000000000.0
4638.7393,,1000000000000.0
4639.809,,1000000000000.0
4640.8765,,1000000000000.0
4641.944,,1000000000000.0
4643.014,,1000000000000.0
4644.0825,,1000000000000.0
4645.1533,,1000000000000.0
4646.222,,1000000000000.0
4647.2935,,1000000000000.0
4648.3623,,1000000000000.0
4649.4316,,1000000000000.0
4650.504,,1000000000000.0
4651.5737,,1000000000000.0
4652.6465,,1000000000000.0
4653.717,,1000000000000.0
4654.79,,1000000000000.0
4655.861,,1000000000000.0
4656.9316,,1000000000000.0
4658.006,,1000000000000.0
4659.077,,1000000000000.0
4660.152,,1000000000000.0
4661.2236,,1000000000000.0
4662.2983,,1000000000000.0
4663.371,,1000000000000.0
4664.444,,1000000000000.0
4665.5195,,1000000000000.0
4666.593,,1000000000000.0
4667.669,,1000000000000.0
4668.7427,,1000000000000.0
4669.8193,,1000000000000.0
4670.8936,,1000000000000.0
4671.9683,,1000000000000.0
4673.0454,,1000000000000.0
4674.1206,,1000000000000.0
4675.198,,1000000000000.0
4676.274,,1000000000000.0
4677.352,,1000000000000.0
4678.428,,1000000000000.0
4679.5044,,1000000000000.0
4680.5835,,1000000000000.0
4681.66,,1000000000000.0
4682.7397,,1000000000000.0
4683.8174,,1000000000000.0
4684.8975,,1000000000000.0
4685.975,,1000000000000.0
4687.053,,1000000000000.0
4688.134,,1000000000000.0
4689.2124,,1000000000000.0
4690.2935,,1000000000000.0
4691.3726,,1000000000000.0
4692.4546,,1000000000000.0
4693.534,,1000000000000.0
4694.614,,1000000000000.0
4695.6963,,1000000000000.0
4696.7764,,1000000000000.0
4697.8594,,1000000000000.0
4698.9404,,1000000000000.0
4700.024,,1000000000000.0
4701.105,,1000000000000.0
4702.1865,,1000000000000.0
4703.271,,1000000000000.0
4704.353,,1000000000000.0
4705.4375,,1000000000000.0
4706.52,,1000000000000.0
4707.6055,,1000000000000.0
4708.6885,,1000000000000.0
4709.772,,1000000000000.0
4710.858,,1000000000000.0
4711.9414,,1000000000000.0
4713.0283,,1000000000000.0
4714.1123,,1000000000000.0
4715.199,,1000000000000.0
4716.284,,1000000000000.0
4717.3716,,1000000000000.0
4718.457,,1000000000000.0
4719.5425,,1000000000000.0
4720.631,,1000000000000.0
4721.717,,1000000000000.0
4722.8057,,1000000000000.0
4723.892,,1000000000000.0
4724.9814,,1000000000000.0
4726.0684,,1000000000000.0
4727.1553,,1000000000000.0
4728.2456,,1000000000000.0
4729.3335,,1000000000000.0
4730.424,,1000000000000.0
4731.512,,1000000000000.0
4732.603,,1000000000000.0
4733.692,,1000000000000.0
4734.781,,1000000000000.0
4735.8726,,1000000000000.0
4736.9624,,1000000000000.0
4738.0547,,1000000000000.0
4739.1445,,1000000000000.0
4740.2373,,1000000000000.0
4741.3276,,1000000000000.0
4742.4185,,1000000000000.0
4743.512,,1000000000000.0
4744.6035,,1000000000000.0
4745.6973,,1000000000000.0
4746.789,,1000000000000.0
4747.884,,1000000000000.0
4748.976,,1000000000000.0
4750.0684,,1000000000000.0
4751.164,,1000000000000.0
4752.257,,1000000000000.0
4753.3525,,1000000000000.0
4754.4463,,1000000000000.0
4755.5425,,1000000000000.0
4756.6367,,1000000000000.0
4757.731,,1000000000000.0
4758.828,,1000000000000.0
4759.923,,1000000000000.0
4761.0205,,1000000000000.0
4762.1157,,1000000000000.0
4763.214,,1000000000000.0
4764.3096,,1000000000000.0
4765.406,,1000000000000.0
4766.5044,,1000000000000.0
4767.601,,1000000000000.0
4768.7,,1000000000000.0
4769.7974,,1000000000000.0
4770.8975,,1000000000000.0
4771.995,,1000000000000.0
4773.093,,1000000000000.0
4774.1934,,1000000000000.0
4775.2915,,1000000000000.0
4776.3926,,1000000000000.0
4777.4917,,1000000000000.0
4778.5933,,1000000000000.0
4779.6924,,1000000000000.0
4780.792,,1000000000000.0
4781.8945,,1000000000000.0
4782.9946,,1000000000000.0
4784.0977,,1000000000000.0
4785.198,,1000000000000.0
4786.302,,1000000000000.0
4787.403,,1000000000000.0
4788.504,,1000000000000.0
4789.6084,,1000000000000.0
4790.71,,1000000000000.0
4791.815,,1000000000000.0
4792.917,,1000000000000.0
4794.0225,,1000000000000.0
4795.1255,,1000000000000.0
4796.2285,,1000000000000.0
4797.3345,,1000000000000.0
4798.438,,1000000000000.0
4799.5444,,1000000000000.0
4800.649,,1000000000000.0
4801.756,,1000000000000.0
4802.8604,,1000000000000.0
4803.968,,1000000000000.0
4805.073,,1000000000000.0
4806.178,,1000000000000.0
4807.2866,,1000000000000.0
4808.3926,,1000000000000.0
4809.5015,,1000000000000.0
4810.608,,1000000000000.0
4811.7173,,1000000000000.0
4812.824,,1000000000000.0
4813.931,,1000000000000.0
4815.0415,,1000000000000.0
4816.149,,1000000000000.0
4817.26,,1000000000000.0
4818.3677,,1000000000000.0
4819.479,,1000000000000.0
4820.588,,1000000000000.0
4821.697,,1000000000000.0
4822.8086,,1000000000000.0
4823.918,,1000000000000.0
4825.0303,,1000000000000.0
4826.14,,1000000000000.0
4827.2534,,1000000000000.0
4828.364,,1000000000000.0
4829.4746,,1000000000000.0
4830.5884,,1000000000000.0
4831.699,,1000000000000.0
4832.8135,,1000000000000.0
4833.9253,,1000000000000.0
4835.04,,1000000000000.0
4836.1523,,1000000000000.0
4837.265,,1000000000000.0
4838.3804,,1000000000000.0
4839.4937,,1000000000000.0
4840.6094,,1000000000000.0
4841.723,,1000000000000.0
4842.8394,,1000000000000.0
4843.9536,,1000000000000.0
4845.068,,1000000000000.0
4846.185,,1000000000000.0
4847.3003,,1000000000000.0
4848.418,,1000000000000.0
4849.533,,1000000000000.0
4850.6514,,1000000000000.0
4851.7676,,1000000000000.0
4852.884,,1000000000000.0
4854.0024,,1000000000000.0
4855.119,,1000000000000.0
4856.239,,1000000000000.0
4857.356,,1000000000000.0
4858.476,,1000000000000.0
4859.5938,,1000000000000.0
4860.712,,1000000000000.0
4861.8325,,1000000000000.0
4862.951,,1000000000000.0
4864.0723,,1000000000000.0
4865.1914,,1000000000000.0
4866.3135,,1000000000000.0
4867.4326,,1000000000000.0
4868.5527,,1000000000000.0
4869.6753,,1000000000000.0
4870.7954,,1000000000000.0
4871.919,,1000000000000.0
4873.0396,,1000000000000.0
4874.163,,1000000000000.0
4875.2847,,1000000000000.0
4876.4062,,1000000000000.0
4877.531,,1000000000000.0
4878.653,,1000000000000.0
4879.778,,1000000000000.0
4880.9004,,1000000000000.0
4882.026,,1000000000000.0
4883.149,,1000000000000.0
4884.272,,1000000000000.0
4885.3984,,1000000000000.0
4886.5225,,1000000000000.0
4887.6494,,1000000000000.0
4888.7734,,1000000000000.0
4889.901,,1000000000000.0
4891.026,,1000000000000.0
4892.154,,1000000000000.0
4893.2793,,1000000000000.0
4894.405,,1000000000000.0
4895.5337,,1000000000000.0
4896.6597,,1000000000000.0
4897.789,,1000000000000.0
4898.9155,,1000000000000.0
4900.0454,,1000000000000.0
4901.1724,,1000000000000.0
4902.3,,1000000000000.0
4903.4307,,1000000000000.0
4904.5586,,1000000000000.0
4905.6895,,1000000000000.0
4906.818,,1000000000000.0
4907.9497,,1000000000000.0
4909.0786,,1000000000000.0
4910.208,,1000000000000.0
4911.3403,,1000000000000.0
4912.47,,1000000000000.0
4913.603,,1000000000000.0
4914.7334,,1000000000000.0
4915.8667,,1000000000000.0
4916.9976,,1000000000000.0
4918.1284,,1000000000000.0
4919.2627,,1000000000000.0
4920.3945,,1000000000000.0
4921.529,,1000000000000.0
4922.661,,1000000000000.0
4923.7964,,1000000000000.0
4924.929,,1000000000000.0
4926.062,,1000000000000.0
4927.1978,,1000000000000.0
4928.3315,,1000000000000.0
4929.468,,1000000000000.0
4930.602,,1000000000000.0
4931.739,,1000000000000.0
4932.8735,,1000000000000.0
4934.0083,,1000000000000.0
4935.146,,1000000000000.0
4936.2812,,1000000000000.0
4937.4194,,1000000000000.0
4938.5557,,1000000000000.0
4939.6943,,1000000000000.0
4940.8306,,1000000000000.0
4941.9673,,1000000000000.0
4943.107,,1000000000000.0
4944.244,,1000000000000.0
4945.3843,,1000000000000.0
4946.522,,1000000000000.0
4947.6626,,1000000000000.0
4948.801,,1000000000000.0
4949.9395,,1000000000000.0
4951.0806,,1000000000000.0
4952.2197,,1000000000000.0
4953.362,,1000000000000.0
4954.501,,1000000000000.0
4955.6436,,1000000000000.0
4956.7837,,1000000000000.0
4957.924,,1000000000000.0
4959.0674,,1000000000000.0
4960.208,,1000000000000.0
4961.352,,1000000000000.0
4962.493,,1000000000000.0
4963.6377,,1000000000000.0
4964.7793,,1000000000000.0
4965.9214,,1000000000000.0
4967.067,,1000000000000.0
4968.2095,,1000000000000.0
4969.355,,1000000000000.0
4970.498,,1000000000000.0
4971.6445,,1000000000000.0
4972.788,,1000000000000.0
4973.932,,1000000000000.0
4975.079,,1000000000000.0
4976.2236,,1000000000000.0
4977.371,,1000000000000.0
4978.516,,1000000000000.0
4979.664,,1000000000000.0
4980.8096,,1000000000000.0
4981.9585,,1000000000000.0
4983.1045,,1000000000000.0
4984.251,,1000000000000.0
4985.4004,,1000000000000.0
4986.547,,1000000000000.0
4987.697,,1000000000000.0
4988.844,,1000000000000.0
4989.9946,,1000000000000.0
4991.1426,,1000000000000.0
4992.291,,1000000000000.0
4993.442,,1000000000000.0
4994.591,,1000000000000.0
4995.7427,,1000000000000.0
4996.892,,1000000000000.0
4998.044,,1000000000000.0
4999.194,,1000000000000.0
5000.3438,,1000000000000.0
5001.497,,1000000000000.0
5002.6475,,1000000000000.0
5003.8013,,1000000000000.0
5004.952,,1000000000000.0
5006.1064,,1000000000000.0
5007.2583,,1000000000000.0
5008.41,,1000000000000.0
5009.565,,1000000000000.0
5010.7173,,1000000000000.0
5011.873,,1000000000000.0
5013.026,,1000000000000.0
5014.1816,,1000000000000.0
5015.3354,,1000000000000.0
5016.4893,,1000000000000.0
5017.646,,1000000000000.0
5018.8003,,1000000000000.0
5019.9575,,1000000000000.0
5021.1123,,1000000000000.0
5022.27,,1000000000000.0
5023.426,,1000000000000.0
5024.581,,1000000000000.0
5025.7397,,1000000000000.0
5026.896,,1000000000000.0
5028.055,,1000000000000.0
5029.212,,1000000000000.0
5030.3716,,1000000000000.0
5031.529,,1000000000000.0
5032.6865,,1000000000000.0
5033.847,,1000000000000.0
5035.005,,1000000000000.0
5036.166,,1000000000000.0
5037.3247,,1000000000000.0
5038.4863,,1000000000000.0
5039.6455,,1000000000000.0
5040.8047,,1000000000000.0
5041.967,,1000000000000.0
5043.127,,1000000000000.0
5044.29,,1000000000000.0
5045.45,,1000000000000.0
5046.614,,1000000000000.0
5047.775,,1000000000000.0
5048.936,,1000000000000.0
5050.1,,1000000000000.0
5051.262,,1000000000000.0
5052.427,,1000000000000.0
5053.5894,,1000000000000.0
5054.7544,,1000000000000.0
5055.9175,,1000000000000.0
5057.0806,,1000000000000.0
5058.2466,,1000000000000.0
5059.41,,1000000000000.0
5060.577,,1000000000000.0
5061.741,,1000000000000.0
5062.908,,1000000000000.0
5064.073,,1000000000000.0
5065.238,,1000000000000.0
5066.4062,,1000000000000.0
5067.572,,1000000000000.0
5068.74,,1000000000000.0
5069.9062,,1000000000000.0
5071.075,,1000000000000.0
5072.2417,,1000000000000.0
5073.4116,,1000000000000.0
5074.5786,,1000000000000.0
5075.746,,1000000000000.0
5076.9165,,1000000000000.0
5078.0845,,1000000000000.0
5079.2554,,1000000000000.0
5080.424,,1000000000000.0
5081.5957,,1000000000000.0
5082.7646,,1000000000000.0
5083.9336,,1000000000000.0
5085.106,,1000000000000.0
5086.276,,1000000000000.0
5087.4487,,1000000000000.0
5088.619,,1000000000000.0
5089.7925,,1000000000000.0
5090.9634,,1000000000000.0
5092.135,,1000000000000.0
5093.309,,1000000000000.0
5094.4805,,1000000000000.0
5095.6553,,1000000000000.0
5096.8276,,1000000000000.0
5098.003,,1000000000000.0
5099.176,,1000000000000.0
5100.3486,,1000000000000.0
5101.525,,1000000000000.0
5102.6987,,1000000000000.0
5103.875,,1000000000000.0
5105.0493,,1000000000000.0
5106.2266,,1000000000000.0
5107.4014,,1000000000000.0
5108.576,,1000000000000.0
5109.7544,,1000000000000.0
5110.9297,,1000000000000.0
5112.1084,,1000000000000.0
5113.284,,1000000000000.0
5114.4634,,1000000000000.0
5115.64,,1000000000000.0
5116.817,,1000000000000.0
5117.9966,,1000000000000.0
5119.1743,,1000000000000.0
5120.3545,,1000000000000.0
5121.5327,,1000000000000.0
5122.7134,,1000000000000.0
5123.892,,1000000000000.0
5125.071,,1000000000000.0
5126.2524,,1000000000000.0
5127.432,,1000000000000.0
5128.6143,,1000000000000.0
5129.794,,1000000000000.0
5130.977,,1000000000000.0
5132.157,,1000000000000.0
5133.338,,1000000000000.0
5134.522,,1000000000000.0
5135.703,,1000000000000.0
5136.887,,1000000000000.0
5138.069,,1000000000000.0
5139.254,,1000000000000.0
5140.436,,1000000000000.0
5141.6187,,1000000000000.0
5142.804,,1000000000000.0
5143.9873,,1000000000000.0
5145.174,,1000000000000.0
5146.3574,,1000000000000.0
5147.544,,1000000000000.0
5148.728,,1000000000000.0
5149.9126,,1000000000000.0
5151.1,,1000000000000.0
5152.285,,1000000000000.0
5153.473,,1000000000000.0
5154.6587,,1000000000000.0
5155.8477,,1000000000000.0
5157.0337,,1000000000000.0
5158.2227,,1000000000000.0
5159.4097,,1000000000000.0
5160.596,,1000000000000.0
5161.786,,1000000000000.0
5162.9736,,1000000000000.0
5164.1646,,1000000000000.0
5165.3525,,1000000000000.0
5166.5435,,1000000000000.0
5167.732,,1000000000000.0
5168.921,,1000000000000.0
5170.113,,1000000000000.0
5171.3022,,1000000000000.0
5172.4946,,1000000000000.0
5173.6846,,1000000000000.0
5174.878,,1000000000000.0
5176.0684,,1000000000000.0
5177.259,,1000000000000.0
5178.4526,,1000000000000.0
5179.644,,1000000000000.0
5180.8384,,1000000000000.0
5182.0303,,1000000000000.0
5183.225,,1000000000000.0
5184.4175,,1000000000000.0
5185.6104,,1000000000000.0
5186.806,,1000000000000.0
5187.9995,,1000000000000.0
5189.196,,1000000000000.0
5190.3896,,1000000000000.0
5191.5864,,1000000000000.0
5192.781,,1000000000000.0
5193.975,,1000000000000.0
5195.173,,1000000000000.0
5196.368,,1000000000000.0
5197.5664,,1000000000000.0
5198.762,,1000000000000.0
5199.961,,1000000000000.0
5201.157,,1000000000000.0
5202.3535,,1000000000000.0
5203.553,,1000000000000.0
5204.7505,,1000000000000.0
5205.9507,,1000000000000.0
5207.1484,,1000000000000.0
5208.349,,1000000000000.0
5209.5474,,1000000000000.0
5210.7456,,1000000000000.0
5211.9473,,1000000000000.0
5213.146,,1000000000000.0
5214.348,,1000000000000.0
5215.548,,1000000000000.0
5216.7505,,1000000000000.0
5217.9507,,1000000000000.0
5219.151,,1000000000000.0
5220.3545,,1000000000000.0
5221.5557,,1000000000000.0
5222.76,,1000000000000.0
5223.961,,1000000000000.0
5225.1655,,1000000000000.0
5226.3677,,1000000000000.0
5227.5703,,1000000000000.0
5228.7754,,1000000000000.0
5229.9785,,1000000000000.0
5231.1846,,1000000000000.0
5232.3877,,1000000000000.0
5233.594,,1000000000000.0
5234.7983,,1000000000000.0
5236.003,,1000000000000.0
5237.21,,1000000000000.0
5238.415,,1000000000000.0
5239.623,,1000000000000.0
5240.828,,1000000000000.0
5242.0366,,1000000000000.0
5243.2427,,1000000000000.0
5244.4487,,1000000000000.0
5245.658,,1000000000000.0
5246.865,,1000000000000.0
5248.0747,,1000000000000.0
5249.282,,1000000000000.0
5250.4927,,1000000000000.0
5251.7007,,1000000000000.0
5252.9116,,1000000000000.0
5254.12,,1000000000000.0
5255.3286,,1000000000000.0
5256.5405,,1000000000000.0
5257.75,,1000000000000.0
5258.9624,,1000000000000.0
5260.1724,,1000000000000.0
5261.3853,,1000000000000.0
5262.5957,,1000000000000.0
5263.806,,1000000000000.0
5265.02,,1000000000000.0
5266.231,,1000000000000.0
5267.446,,1000000000000.0
5268.657,,1000000000000.0
5269.872,,1000000000000.0
5271.0845,,1000000000000.0
5272.2974,,1000000000000.0
5273.513,,1000000000000.0
5274.726,,1000000000000.0
5275.9424,,1000000000000.0
5277.1562,,1000000000000.0
5278.373,,1000000000000.0
5279.5874,,1000000000000.0
5280.802,,1000000000000.0
5282.0195,,1000000000000.0
5283.235,,1000000000000.0
5284.453,,1000000000000.0
5285.669,,1000000000000.0
5286.8877,,1000000000000.0
5288.104,,1000000000000.0
5289.3203,,1000000000000.0
5290.54,,1000000000000.0
5291.7573,,1000000000000.0
5292.9775,,1000000000000.0
5294.1953,,1000000000000.0
5295.416,,1000000000000.0
5296.6343,,1000000000000.0
5297.8525,,1000000000000.0
5299.074,,1000000000000.0
5300.2935,,1000000000000.0
5301.5156,,1000000000000.0
5302.7354,,1000000000000.0
5303.958,,1000000000000.0
5305.178,,1000000000000.0
5306.3984,,1000000000000.0
5307.622,,1000000000000.0
5308.8433,,1000000000000.0
5310.0674,,1000000000000.0
5311.289,,1000000000000.0
5312.5137,,1000000000000.0
5313.736,,1000000000000.0
5314.9585,,1000000000000.0
5316.184,,1000000000000.0
5317.407,,1000000000000.0
5318.6333,,1000000000000.0
5319.857,,1000000000000.0
5321.0835,,1000000000000.0
5322.3076,,1000000000000.0
5323.5317,,1000000000000.0
5324.76,,1000000000000.0
5325.9844,,1000000000000.0
5327.213,,1000000000000.0
5328.438,,1000000000000.0
5329.667,,1000000000000.0
5330.893,,1000000000000.0
5332.119,,1000000000000.0
5333.349,,1000000000000.0
5334.5757,,1000000000000.0
5335.806,,1000000000000.0
5337.0337,,1000000000000.0
5338.264,,1000000000000.0
5339.492,,1000000000000.0
5340.7207,,1000000000000.0
5341.952,,1000000000000.0
5343.181,,1000000000000.0
5344.413,,1000000000000.0
5345.6426,,1000000000000.0
5346.8755,,1000000000000.0
5348.1055,,1000000000000.0
5349.339,,1000000000000.0
5350.5693,,1000000000000.0
5351.8003,,1000000000000.0
5353.034,,1000000000000.0
5354.2656,,1000000000000.0
5355.5005,,1000000000000.0
5356.7324,,1000000000000.0
5357.968,,1000000000000.0
5359.2,,1000000000000.0
5360.433,,1000000000000.0
5361.6694,,1000000000000.0
5362.903,,1000000000000.0
5364.139,,1000000000000.0
5365.3735,,1000000000000.0
5366.611,,1000000000000.0
5367.845,,1000000000000.0
5369.08,,1000000000000.0
5370.3184,,1000000000000.0
5371.5537,,1000000000000.0
5372.7925,,1000000000000.0
5374.0283,,1000000000000.0
5375.2676,,1000000000000.0
5376.504,,1000000000000.0
5377.741,,1000000000000.0
5378.981,,1000000000000.0
5380.2183,,1000000000000.0
5381.459,,1000000000000.0
5382.6973,,1000000000000.0
5383.9385,,1000000000000.0
5385.177,,1000000000000.0
5386.416,,1000000000000.0
5387.6577,,1000000000000.0
5388.8975,,1000000000000.0
5390.14,,1000000000000.0
5391.38,,1000000000000.0
5392.623,,1000000000000.0
5393.864,,1000000000000.0
5395.1045,,1000000000000.0
5396.3486,,1000000000000.0
5397.5903,,1000000000000.0
5398.835,,1000000000000.0
5400.0767,,1000000000000.0
5401.3223,,1000000000000.0
5402.5645,,1000000000000.0
5403.8076,,1000000000000.0
5405.0537,,1000000000000.0
5406.297,,1000000000000.0
5407.544,,1000000000000.0
5408.7876,,1000000000000.0
5410.035,,1000000000000.0
5411.28,,1000000000000.0
5412.5244,,1000000000000.0
5413.7725,,1000000000000.0
5415.018,,1000000000000.0
5416.2666,,1000000000000.0
5417.5127,,1000000000000.0
5418.7617,,1000000000000.0
5420.0083,,1000000000000.0
5421.2554,,1000000000000.0
5422.5054,,1000000000000.0
5423.753,,1000000000000.0
5425.0034,,1000000000000.0
5426.2515,,1000000000000.0
5427.503,,1000000000000.0
5428.7515,,1000000000000.0
5430.0005,,1000000000000.0
5431.2524,,1000000000000.0
5432.502,,1000000000000.0
5433.755,,1000000000000.0
5435.005,,1000000000000.0
5436.258,,1000000000000.0
5437.509,,1000000000000.0
5438.76,,1000000000000.0
5440.0137,,1000000000000.0
5441.265,,1000000000000.0
5442.52,,1000000000000.0
5443.772,,1000000000000.0
5445.0273,,1000000000000.0
5446.28,,1000000000000.0
5447.5356,,1000000000000.0
5448.789,,1000000000000.0
5450.0425,,1000000000000.0
5451.2993,,1000000000000.0
5452.553,,1000000000000.0
5453.8105,,1000000000000.0
5455.0654,,1000000000000.0
5456.323,,1000000000000.0
5457.5786,,1000000000000.0
5458.834,,1000000000000.0
5460.093,,1000000000000.0
5461.3486,,1000000000000.0
5462.6084,,1000000000000.0
5463.8647,,1000000000000.0
5465.125,,1000000000000.0
5466.3823,,1000000000000.0
5467.6396,,1000000000000.0
5468.9004,,1000000000000.0
5470.1587,,1000000000000.0
5471.42,,1000000000000.0
5472.6787,,1000000000000.0
5473.9404,,1000000000000.0
5475.1997,,1000000000000.0
5476.4595,,1000000000000.0
5477.722,,1000000000000.0
5478.9824,,1000000000000.0
5480.246,,1000000000000.0
5481.507,,1000000000000.0
5482.7705,,1000000000000.0
5484.032,,1000000000000.0
5485.2935,,1000000000000.0
5486.5586,,1000000000000.0
5487.821,,1000000000000.0
5489.086,,1000000000000.0
5490.349,,1000000000000.0
5491.6147,,1000000000000.0
5492.8784,,1000000000000.0
5494.142,,1000000000000.0
5495.4087,,1000000000000.0
5496.673,,1000000000000.0
5497.9404,,1000000000000.0
5499.2056,,1000000000000.0
5500.4736,,1000000000000.0
5501.739,,1000000000000.0
5503.0044,,1000000000000.0
5504.2734,,1000000000000.0
5505.5396,,1000000000000.0
5506.8096,,1000000000000.0
5508.076,,1000000000000.0
5509.346,,1000000000000.0
5510.614,,1000000000000.0
5511.8813,,1000000000000.0
5513.1523,,1000000000000.0
5514.421,,1000000000000.0
5515.6924,,1000000000000.0
5516.9614,,1000000000000.0
5518.2334,,1000000000000.0
5519.503,,1000000000000.0
5520.7725,,1000000000000.0
5522.046,,1000000000000.0
5523.316,,1000000000000.0
5524.59,,1000000000000.0
5525.861,,1000000000000.0
5527.135,,1000000000000.0
5528.4062,,1000000000000.0
5529.678,,1000000000000.0
5530.9536,,1000000000000.0
5532.2256,,1000000000000.0
5533.5015,,1000000000000.0
5534.7744,,1000000000000.0
5536.051,,1000000000000.0
5537.324,,1000000000000.0
5538.598,,1000000000000.0
5539.8755,,1000000000000.0
5541.15,,1000000000000.0
5542.4277,,1000000000000.0
5543.7026,,1000000000000.0
5544.981,,1000000000000.0
5546.257,,1000000000000.0
5547.5356,,1000000000000.0
5548.8115,,1000000000000.0
5550.0884,,1000000000000.0
5551.368,,1000000000000.0
5552.645,,1000000000000.0
5553.926,,1000000000000.0
5555.203,,1000000000000.0
5556.4844,,1000000000000.0
5557.7627,,1000000000000.0
5559.041,,1000000000000.0
5560.323,,1000000000000.0
5561.602,,1000000000000.0
5562.885,,1000000000000.0
5564.1646,,1000000000000.0
5565.4473,,1000000000000.0
5566.728,,1000000000000.0
5568.0083,,1000000000000.0
5569.2925,,1000000000000.0
5570.5737,,1000000000000.0
5571.858,,1000000000000.0
5573.14,,1000000000000.0
5574.4253,,1000000000000.0
5575.7075,,1000000000000.0
5576.99,,1000000000000.0
5578.2764,,1000000000000.0
5579.5596,,1000000000000.0
5580.846,,1000000000000.0
5582.13,,1000000000000.0
5583.417,,1000000000000.0
5584.7017,,1000000000000.0
5585.9863,,1000000000000.0
5587.2744,,1000000000000.0
5588.56,,1000000000000.0
5589.8486,,1000000000000.0
5591.135,,1000000000000.0
5592.424,,1000000000000.0
5593.7104,,1000000000000.0
5594.997,,1000000000000.0
5596.2876,,1000000000000.0
5597.5747,,1000000000000.0
5598.8657,,1000000000000.0
5600.154,,1000000000000.0
5601.445,,1000000000000.0
5602.7334,,1000000000000.0
5604.0225,,1000000000000.0
5605.315,,1000000000000.0
5606.6045,,1000000000000.0
5607.897,,1000000000000.0
5609.187,,1000000000000.0
5610.4805,,1000000000000.0
5611.7715,,1000000000000.0
5613.0625,,1000000000000.0
5614.357,,1000000000000.0
5615.6484,,1000000000000.0
5616.9434,,1000000000000.0
5618.2354,,1000000000000.0
5619.531,,1000000000000.0
5620.8237,,1000000000000.0
5622.1167,,1000000000000.0
5623.413,,1000000000000.0
5624.707,,1000000000000.0
5626.004,,1000000000000.0
5627.2983,,1000000000000.0
5628.5957,,1000000000000.0
5629.8906,,1000000000000.0
5631.186,,1000000000000.0
5632.4844,,1000000000000.0
5633.7803,,1000000000000.0
5635.079,,1000000000000.0
5636.3755,,1000000000000.0
5637.6753,,1000000000000.0
5638.972,,1000000000000.0
5640.2695,,1000000000000.0
5641.5703,,1000000000000.0
5642.868,,1000000000000.0
5644.1694,,1000000000000.0
5645.468,,1000000000000.0
5646.7695,,1000000000000.0
5648.0684,,1000000000000.0
5649.371,,1000000000000.0
5650.6704,,1000000000000.0
5651.9707,,1000000000000.0
5653.274,,1000000000000.0
5654.574,,1000000000000.0
5655.8784,,1000000000000.0
5657.1797,,1000000000000.0
5658.484,,1000000000000.0
5659.7856,,1000000000000.0
5661.088,,1000000000000.0
5662.393,,1000000000000.0
5663.696,,1000000000000.0
5665.002,,1000000000000.0
5666.305,,1000000000000.0
5667.612,,1000000000000.0
5668.9155,,1000000000000.0
5670.2197,,1000000000000.0
5671.5273,,1000000000000.0
5672.832,,1000000000000.0
5674.14,,1000000000000.0
5675.4453,,1000000000000.0
5676.754,,1000000000000.0
5678.06,,1000000000000.0
5679.366,,1000000000000.0
5680.676,,1000000000000.0
5681.983,,1000000000000.0
5683.293,,1000000000000.0
5684.6006,,1000000000000.0
5685.911,,1000000000000.0
5687.219,,1000000000000.0
5688.528,,1000000000000.0
5689.8394,,1000000000000.0
5691.1484,,1000000000000.0
5692.461,,1000000000000.0
5693.7705,,1000000000000.0
5695.0835,,1000000000000.0
5696.3936,,1000000000000.0
5697.704,,1000000000000.0
5699.0176,,1000000000000.0
5700.3286,,1000000000000.0
5701.643,,1000000000000.0
5702.955,,1000000000000.0
5704.27,,1000000000000.0
5705.5825,,1000000000000.0
5706.895,,1000000000000.0
5708.211,,1000000000000.0
5709.524,,1000000000000.0
5710.841,,1000000000000.0
5712.1543,,1000000000000.0
5713.4717,,1000000000000.0
5714.786,,1000000000000.0
5716.1006,,1000000000000.0
5717.419,,1000000000000.0
5718.734,,1000000000000.0
5720.0527,,1000000000000.0
5721.3687,,1000000000000.0
5722.688,,1000000000000.0
5724.0044,,1000000000000.0
5725.3213,,1000000000000.0
5726.6416,,1000000000000.0
5727.959,,1000000000000.0
5729.28,,1000000000000.0
5730.5977,,1000000000000.0
5731.9194,,1000000000000.0
5733.238,,1000000000000.0
5734.5566,,1000000000000.0
5735.8794,,1000000000000.0
5737.1987,,1000000000000.0
5738.5215,,1000000000000.0
5739.842,,1000000000000.0
5741.1655,,1000000000000.0
5742.4863,,1000000000000.0
5743.807,,1000000000000.0
5745.132,,1000000000000.0
5746.4536,,1000000000000.0
5747.7783,,1000000000000.0
5749.1006,,1000000000000.0
5750.427,,1000000000000.0
5751.7495,,1000000000000.0
5753.0757,,1000000000000.0
5754.3994,,1000000000000.0
5755.723,,1000000000000.0
5757.0503,,1000000000000.0
5758.3745,,1000000000000.0
5759.7026,,1000000000000.0
5761.0273,,1000000000000.0
5762.356,,1000000000000.0
5763.6816,,1000000000000.0
5765.008,,1000000000000.0
5766.337,,1000000000000.0
5767.6636,,1000000000000.0
5768.9937,,1000000000000.0
5770.321,,1000000000000.0
5771.6514,,1000000000000.0
5772.979,,1000000000000.0
5774.307,,1000000000000.0
5775.6387,,1000000000000.0
5776.9673,,1000000000000.0
5778.2993,,1000000000000.0
5779.629,,1000000000000.0
5780.9614,,1000000000000.0
5782.2915,,1000000000000.0
5783.6216,,1000000000000.0
5784.9556,,1000000000000.0
5786.286,,1000000000000.0
5787.6206,,1000000000000.0
5788.952,,1000000000000.0
5790.287,,1000000000000.0
5791.619,,1000000000000.0
5792.951,,1000000000000.0
5794.287,,1000000000000.0
5795.62,,1000000000000.0
5796.9565,,1000000000000.0
5798.29,,1000000000000.0
5799.6274,,1000000000000.0
5800.9614,,1000000000000.0
5802.296,,1000000000000.0
5803.634,,1000000000000.0
5804.969,,1000000000000.0
5806.3076,,1000000000000.0
5807.6436,,1000000000000.0
5808.9824,,1000000000000.0
5810.319,,1000000000000.0
5811.656,,1000000000000.0
5812.9956,,1000000000000.0
5814.333,,1000000000000.0
5815.674,,1000000000000.0
5817.0117,,1000000000000.0
5818.353,,1000000000000.0
5819.6914,,1000000000000.0
5821.0303,,1000000000000.0
5822.3726,,1000000000000.0
5823.712,,1000000000000.0
5825.055,,1000000000000.0
5826.395,,1000000000000.0
5827.739,,1000000000000.0
5829.079,,1000000000000.0
5830.4204,,1000000000000.0
5831.7646,,1000000000000.0
5833.1064,,1000000000000.0
5834.4517,,1000000000000.0
5835.7935,,1000000000000.0
5837.1396,,1000000000000.0
5838.4824,,1000000000000.0
5839.825,,1000000000000.0
5841.172,,1000000000000.0
5842.5156,,1000000000000.0
5843.8633,,1000000000000.0
5845.2075,,1000000000000.0
5846.555,,1000000000000.0
5847.9004,,1000000000000.0
5849.2456,,1000000000000.0
5850.594,,1000000000000.0
5851.9404,,1000000000000.0
5853.2896,,1000000000000.0
5854.636,,1000000000000.0
5855.9863,,1000000000000.0
5857.3335,,1000000000000.0
5858.684,,1000000000000.0
5860.032,,1000000000000.0
5861.38,,1000000000000.0
5862.732,,1000000000000.0
5864.0806,,1000000000000.0
5865.4326,,1000000000000.0
5866.782,,1000000000000.0
5868.135,,1000000000000.0
5869.485,,1000000000000.0
5870.835,,1000000000000.0
5872.189,,1000000000000.0
5873.54,,1000000000000.0
5874.894,,1000000000000.0
5876.2456,,1000000000000.0
5877.6006,,1000000000000.0
5878.953,,1000000000000.0
5880.305,,1000000000000.0
5881.661,,1000000000000.0
5883.0146,,1000000000000.0
5884.371,,1000000000000.0
5885.7246,,1000000000000.0
5887.082,,1000000000000.0
5888.4365,,1000000000000.0
5889.791,,1000000000000.0
5891.149,,1000000000000.0
5892.5044,,1000000000000.0
5893.8633,,1000000000000.0
5895.219,,1000000000000.0
5896.5786,,1000000000000.0
5897.935,,1000000000000.0
5899.292,,1000000000000.0
5900.6523,,1000000000000.0
5902.01,,1000000000000.0
5903.3706,,1000000000000.0
5904.7285,,1000000000000.0
5906.0903,,1000000000000.0
5907.4487,,1000000000000.0
5908.808,,1000000000000.0
5910.1704,,1000000000000.0
5911.5303,,1000000000000.0
5912.893,,1000000000000.0
5914.2534,,1000000000000.0
5915.617,,1000000000000.0
5916.978,,1000000000000.0
5918.3394,,1000000000000.0
5919.704,,1000000000000.0
5921.066,,1000000000000.0
5922.431,,1000000000000.0
5923.794,,1000000000000.0
5925.1597,,1000000000000.0
5926.523,,1000000000000.0
5927.886,,1000000000000.0
5929.2534,,1000000000000.0
5930.617,,1000000000000.0
5931.985,,1000000000000.0
5933.3496,,1000000000000.0
5934.718,,1000000000000.0
5936.083,,1000000000000.0
5937.4487,,1000000000000.0
5938.818,,1000000000000.0
5940.184,,1000000000000.0
5941.5537,,1000000000000.0
5942.9204,,1000000000000.0
5944.291,,1000000000000.0
5945.6587,,1000000000000.0
5947.0264,,1000000000000.0
5948.3975,,1000000000000.0
5949.766,,1000000000000.0
5951.138,,1000000000000.0
5952.5073,,1000000000000.0
5953.88,,1000000000000.0
5955.2495,,1000000000000.0
5956.6226,,1000000000000.0
5957.993,,1000000000000.0
5959.364,,1000000000000.0
5960.738,,1000000000000.0
5962.1094,,1000000000000.0
5963.484,,1000000000000.0
5964.856,,1000000000000.0
5966.2314,,1000000000000.0
5967.604,,1000000000000.0
5968.9766,,1000000000000.0
5970.353,,1000000000000.0
5971.7266,,1000000000000.0
5973.1035,,1000000000000.0
5974.478,,1000000000000.0
5975.8555,,1000000000000.0
5977.2305,,1000000000000.0
5978.6055,,1000000000000.0
5979.984,,1000000000000.0
5981.36,,1000000000000.0
5982.739,,1000000000000.0
5984.115,,1000000000000.0
5985.495,,1000000000000.0
5986.872,,1000000000000.0
5988.2495,,1000000000000.0
5989.6304,,1000000000000.0
5991.0083,,1000000000000.0
5992.3896,,1000000000000.0
5993.768,,1000000000000.0
5995.1504,,1000000000000.0
5996.53,,1000000000000.0
5997.909,,1000000000000.0
5999.292,,1000000000000.0
6000.6724,,1000000000000.0
6002.056,,1000000000000.0
6003.437,,1000000000000.0
6004.8213,,1000000000000.0
6006.2026,,1000000000000.0
6007.5845,,1000000000000.0
6008.9697,,1000000000000.0
6010.352,,1000000000000.0
6011.738,,1000000000000.0
6013.121,,1000000000000.0
6014.508,,1000000000000.0
6015.891,,1000000000000.0
6017.2754,,1000000000000.0
6018.6626,,1000000000000.0
6020.0474,,1000000000000.0
6021.4355,,1000000000000.0
6022.821,,1000000000000.0
6024.2095,,1000000000000.0
6025.5957,,1000000000000.0
6026.9814,,1000000000000.0
6028.3716,,1000000000000.0
6029.7583,,1000000000000.0
6031.149,,1000000000000.0
6032.536,,1000000000000.0
6033.9272,,1000000000000.0
6035.3154,,1000000000000.0
6036.7036,,1000000000000.0
6038.0957,,1000000000000.0
6039.485,,1000000000000.0
6040.8774,,1000000000000.0
6042.267,,1000000000000.0
6043.6606,,1000000000000.0
6045.051,,1000000000000.0
6046.4414,,1000000000000.0
6047.836,,1000000000000.0
6049.227,,1000000000000.0
6050.622,,1000000000000.0
6052.014,,1000000000000.0
6053.4097,,1000000000000.0
6054.8022,,1000000000000.0
6056.1953,,1000000000000.0
6057.592,,1000000000000.0
6058.9854,,1000000000000.0
6060.3823,,1000000000000.0
6061.7764,,1000000000000.0
6063.1743,,1000000000000.0
6064.5693,,1000000000000.0
6065.968,,1000000000000.0
6067.3633,,1000000000000.0
6068.759,,1000000000000.0
6070.158,,1000000000000.0
6071.5547,,1000000000000.0
6072.955,,1000000000000.0
6074.352,,1000000000000.0
6075.753,,1000000000000.0
6077.1504,,1000000000000.0
6078.5483,,1000000000000.0
6079.95,,1000000000000.0
6081.349,,1000000000000.0
6082.7515,,1000000000000.0
6084.1504,,1000000000000.0
6085.5537,,1000000000000.0
6086.9536,,1000000000000.0
6088.354,,1000000000000.0
6089.758,,1000000000000.0
6091.1587,,1000000000000.0
6092.5635,,1000000000000.0
6093.965,,1000000000000.0
6095.37,,1000000000000.0
6096.7725,,1000000000000.0
6098.175,,1000000000000.0
6099.581,,1000000000000.0
6100.9844,,1000000000000.0
6102.391,,1000000000000.0
6103.795,,1000000000000.0
6105.2026,,1000000000000.0
6106.607,,1000000000000.0
6108.0117,,1000000000000.0
6109.4204,,1000000000000.0
6110.8257,,1000000000000.0
6112.235,,1000000000000.0
6113.641,,1000000000000.0
6115.051,,1000000000000.0
6116.4575,,1000000000000.0
6117.8647,,1000000000000.0
6119.2754,,1000000000000.0
6120.683,,1000000000000.0
6122.0947,,1000000000000.0
6123.503,,1000000000000.0
6124.915,,1000000000000.0
6126.324,,1000000000000.0
6127.7334,,1000000000000.0
6129.1465,,1000000000000.0
6130.5566,,1000000000000.0
6131.97,,1000000000000.0
6133.381,,1000000000000.0
6134.7954,,1000000000000.0
6136.2065,,1000000000000.0
6137.618,,1000000000000.0
6139.0337,,1000000000000.0
6140.446,,1000000000000.0
6141.862,,1000000000000.0
6143.275,,1000000000000.0
6144.6914,,1000000000000.0
6146.105,,1000000000000.0
6147.5186,,1000000000000.0
6148.9365,,1000000000000.0
6150.351,,1000000000000.0
6151.769,,1000000000000.0
6153.1846,,1000000000000.0
6154.6035,,1000000000000.0
6156.019,,1000000000000.0
6157.4355,,1000000000000.0
6158.8555,,1000000000000.0
6160.272,,1000000000000.0
6161.693,,1000000000000.0
6163.1104,,1000000000000.0
6164.5312,,1000000000000.0
6165.9497,,1000000000000.0
6167.368,,1000000000000.0
6168.79,,1000000000000.0
6170.2095,,1000000000000.0
6171.6323,,1000000000000.0
6173.052,,1000000000000.0
6174.4756,,1000000000000.0
6175.896,,1000000000000.0
6177.32,,1000000000000.0
6178.741,,1000000000000.0
6180.1626,,1000000000000.0
6181.5874,,1000000000000.0
6183.01,,1000000000000.0
6184.4355,,1000000000000.0
6185.858,,1000000000000.0
6187.2847,,1000000000000.0
6188.708,,1000000000000.0
6190.132,,1000000000000.0
6191.559,,1000000000000.0
6192.9834,,1000000000000.0
6194.4116,,1000000000000.0
6195.8364,,1000000000000.0
6197.265,,1000000000000.0
6198.691,,1000000000000.0
6200.117,,1000000000000.0
6201.547,,1000000000000.0
6202.973,,1000000000000.0
6204.404,,1000000000000.0
6205.831,,1000000000000.0
6207.262,,1000000000000.0
6208.69,,1000000000000.0
6210.118,,1000000000000.0
6211.5503,,1000000000000.0
6212.9795,,1000000000000.0
6214.412,,1000000000000.0
6215.842,,1000000000000.0
6217.275,,1000000000000.0
6218.7056,,1000000000000.0
6220.1357,,1000000000000.0
6221.5703,,1000000000000.0
6223.0015,,1000000000000.0
6224.4365,,1000000000000.0
6225.8687,,1000000000000.0
6227.304,,1000000000000.0
6228.737,,1000000000000.0
6230.1694,,1000000000000.0
6231.6064,,1000000000000.0
6233.04,,1000000000000.0
6234.477,,1000000000000.0
6235.9116,,1000000000000.0
6237.3496,,1000000000000.0
6238.784,,1000000000000.0
6240.2197,,1000000000000.0
6241.6587,,1000000000000.0
6243.094,,1000000000000.0
6244.534,,1000000000000.0
6245.9707,,1000000000000.0
6247.411,,1000000000000.0
6248.848,,1000000000000.0
6250.2856,,1000000000000.0
6251.727,,1000000000000.0
6253.165,,1000000000000.0
6254.607,,1000000000000.0
6256.046,,1000000000000.0
6257.489,,1000000000000.0
6258.928,,1000000000000.0
6260.368,,1000000000000.0
6261.8115,,1000000000000.0
6263.252,,1000000000000.0
6264.6963,,1000000000000.0
6266.1377,,1000000000000.0
6267.5825,,1000000000000.0
6269.0244,,1000000000000.0
6270.467,,1000000000000.0
6271.9126,,1000000000000.0
6273.3555,,1000000000000.0
6274.8022,,1000000000000.0
6276.2456,,1000000000000.0
6277.693,,1000000000000.0
6279.137,,1000000000000.0
6280.5815,,1000000000000.0
6282.03,,1000000000000.0
6283.475,,1000000000000.0
6284.924,,1000000000000.0
6286.3696,,1000000000000.0
6287.8193,,1000000000000.0
6289.266,,1000000000000.0
6290.7163,,1000000000000.0
6292.1636,,1000000000000.0
6293.611,,1000000000000.0
6295.062,,1000000000000.0
6296.5103,,1000000000000.0
6297.9624,,1000000000000.0
6299.411,,1000000000000.0
6300.864,,1000000000000.0
6302.3135,,1000000000000.0
6303.763,,1000000000000.0
6305.217,,1000000000000.0
6306.6675,,1000000000000.0
6308.1216,,1000000000000.0
6309.5728,,1000000000000.0
6311.028,,1000000000000.0
6312.4795,,1000000000000.0
6313.9316,,1000000000000.0
6315.3877,,1000000000000.0
6316.8403,,1000000000000.0
6318.2974,,1000000000000.0
6319.751,,1000000000000.0
6321.208,,1000000000000.0
6322.662,,1000000000000.0
6324.1167,,1000000000000.0
6325.575,,1000000000000.0
6327.0303,,1000000000000.0
6328.4893,,1000000000000.0
6329.9453,,1000000000000.0
6331.405,,1000000000000.0
6332.8613,,1000000000000.0
6334.3184,,1000000000000.0
6335.779,,1000000000000.0
6337.2363,,1000000000000.0
6338.6978,,1000000000000.0
6340.156,,1000000000000.0
6341.618,,1000000000000.0
6343.0767,,1000000000000.0
6344.536,,1000000000000.0
6345.999,,1000000000000.0
6347.459,,1000000000000.0
6348.923,,1000000000000.0
6350.3833,,1000000000000.0
6351.8477,,1000000000000.0
6353.309,,1000000000000.0
6354.7705,,1000000000000.0
6356.236,,1000000000000.0
6357.698,,1000000000000.0
6359.164,,1000000000000.0
6360.627,,1000000000000.0
6362.0938,,1000000000000.0
6363.5576,,1000000000000.0
6365.0215,,1000000000000.0
6366.4893,,1000000000000.0
6367.9536,,1000000000000.0
6369.4224,,1000000000000.0
6370.8877,,1000000000000.0
6372.3564,,1000000000000.0
6373.8228,,1000000000000.0
6375.289,,1000000000000.0
6376.759,,1000000000000.0
6378.226,,1000000000000.0
6379.697,,1000000000000.0
6381.1646,,1000000000000.0
6382.6357,,1000000000000.0
6384.104,,1000000000000.0
6385.5728,,1000000000000.0
6387.0454,,1000000000000.0
6388.5146,,1000000000000.0
6389.988,,1000000000000.0
6391.458,,1000000000000.0
6392.9316,,1000000000000.0
6394.4023,,1000000000000.0
6395.8735,,1000000000000.0
6397.348,,1000000000000.0
6398.82,,1000000000000.0
6400.2954,,1000000000000.0
6401.768,,1000000000000.0
6403.244,,1000000000000.0
6404.7173,,1000000000000.0
6406.1943,,1000000000000.0
6407.668,,1000000000000.0
6409.142,,1000000000000.0
6410.6196,,1000000000000.0
6412.0947,,1000000000000.0
6413.573,,1000000000000.0
6415.049,,1000000000000.0
6416.528,,1000000000000.0
6418.004,,1000000000000.0
6419.4805,,1000000000000.0
6420.961,,1000000000000.0
6422.438,,1000000000000.0
6423.919,,1000000000000.0
6425.397,,1000000000000.0
6426.8784,,1000000000000.0
6428.357,,1000000000000.0
6429.836,,1000000000000.0
6431.3184,,1000000000000.0
6432.798,,1000000000000.0
6434.2812,,1000000000000.0
6435.7617,,1000000000000.0
6437.2456,,1000000000000.0
6438.7266,,1000000000000.0
6440.208,,1000000000000.0
6441.693,,1000000000000.0
6443.175,,1000000000000.0
6444.6606,,1000000000000.0
6446.143,,1000000000000.0
6447.6294,,1000000000000.0
6449.113,,1000000000000.0
6450.5967,,1000000000000.0
6452.084,,1000000000000.0
6453.5684,,1000000000000.0
6455.0566,,1000000000000.0
6456.5415,,1000000000000.0
6458.0303,,1000000000000.0
6459.516,,1000000000000.0
6461.002,,1000000000000.0
6462.4917,,1000000000000.0
6463.9785,,1000000000000.0
6465.469,,1000000000000.0
6466.9565,,1000000000000.0
6468.4478,,1000000000000.0
6469.936,,1000000000000.0
6471.4243,,1000000000000.0
6472.9165,,1000000000000.0
6474.406,,1000000000000.0
6475.8984,,1000000000000.0
6477.388,,1000000000000.0
6478.882,,1000000000000.0
6480.3726,,1000000000000.0
6481.8633,,1000000000000.0
6483.358,,1000000000000.0
6484.8496,,1000000000000.0
6486.3447,,1000000000000.0
6487.837,,1000000000000.0
6489.333,,1000000000000.0
6490.826,,1000000000000.0
6492.3193,,1000000000000.0
6493.8164,,1000000000000.0
6495.31,,1000000000000.0
6496.808,,1000000000000.0
6498.3027,,1000000000000.0
6499.8013,,1000000000000.0
6501.2964,,1000000000000.0
6502.792,,1000000000000.0
6504.2915,,1000000000000.0
6505.7876,,1000000000000.0
6507.288,,1000000000000.0
6508.785,,1000000000000.0
6510.286,,1000000000000.0
6511.7837,,1000000000000.0
6513.2817,,1000000000000.0
6514.7837,,1000000000000.0
6516.282,,1000000000000.0
6517.785,,1000000000000.0
6519.284,,1000000000000.0
6520.7876,,1000000000000.0
6522.2876,,1000000000000.0
6523.792,,1000000000000.0
6525.2925,,1000000000000.0
6526.794,,1000000000000.0
6528.299,,1000000000000.0
6529.801,,1000000000000.0
6531.306,,1000000000000.0
6532.809,,1000000000000.0
6534.3154,,1000000000000.0
6535.8184,,1000000000000.0
6537.3223,,1000000000000.0
6538.8296,,1000000000000.0
6540.334,,1000000000000.0
6541.8423,,1000000000000.0
6543.347,,1000000000000.0
6544.856,,1000000000000.0
6546.3613,,1000000000000.0
6547.8677,,1000000000000.0
6549.3774,,1000000000000.0
6550.8843,,1000000000000.0
6552.3945,,1000000000000.0
6553.902,,1000000000000.0
6555.4136,,1000000000000.0
6556.9214,,1000000000000.0
6558.4297,,1000000000000.0
6559.9424,,1000000000000.0
6561.451,,1000000000000.0
6562.9644,,1000000000000.0
6564.474,,1000000000000.0
6565.988,,1000000000000.0
6567.4985,,1000000000000.0
6569.0093,,1000000000000.0
6570.524,,1000000000000.0
6572.0356,,1000000000000.0
6573.5513,,1000000000000.0
6575.0635,,1000000000000.0
6576.5796,,1000000000000.0
6578.0923,,1000000000000.0
6579.606,,1000000000000.0
6581.123,,1000000000000.0
6582.637,,1000000000000.0
6584.155,,1000000000000.0
6585.6694,,1000000000000.0
6587.1885,,1000000000000.0
6588.7036,,1000000000000.0
6590.219,,1000000000000.0
6591.7393,,1000000000000.0
6593.2554,,1000000000000.0
6594.776,,1000000000000.0
6596.293,,1000000000000.0
6597.814,,1000000000000.0
6599.332,,1000000000000.0
6600.85,,1000000000000.0
6602.372,,1000000000000.0
6603.891,,1000000000000.0
6605.414,,1000000000000.0
6606.9336,,1000000000000.0
6608.457,,1000000000000.0
6609.977,,1000000000000.0
6611.498,,1000000000000.0
6613.0225,,1000000000000.0
6614.544,,1000000000000.0
6616.0693,,1000000000000.0
6617.5913,,1000000000000.0
6619.117,,1000000000000.0
6620.6396,,1000000000000.0
6622.163,,1000000000000.0
6623.69,,1000000000000.0
6625.214,,1000000000000.0
6626.7417,,1000000000000.0
6628.266,,1000000000000.0
6629.7944,,1000000000000.0
6631.32,,1000000000000.0
6632.845,,1000000000000.0
6634.3745,,1000000000000.0
