filename,lte_rv,lte_e_rv,lte_teff,lte_logg,lte_redchi,nlte_rv,nlte_e_rv,nlte_teff,nlte_logg,nlte_redchi,vstark,e_vstark,real_teff,real_logg,snr
,0.6539136801361152,7.5248031936954085,19735.813691095856,7.486873363327341,0.9849151502916182,-0.8960164584513999,3.4076608250522664,19434.24881507142,7.556759111342347,0.9290827510272897,1.549930138587515,8.260436756155482,19168.250091033573,7.6275840500956775,50.0
,1279.0055304765754,,128998.94093968124,8.999999987437405,1.009877129928541,-44.80882015503618,212.29817268380845,128999.99999845412,8.485161953448053,0.9262345092634499,1323.8143506316114,,4889.811441452528,8.459886776693503,50.0
,15.60209861957632,11.395171775950026,29999.830921014924,8.590588530209391,1.1965411180375691,0.23004731545028512,1.2514173686467918,7892.268162359889,7.365630018528965,1.0517926721142756,15.372051304126035,11.463681138009681,7913.666318386789,7.4374396569260215,50.0
,-1545.762579653564,98.4866033417428,128997.61354734599,8.999999999960028,1.0184088211234166,2341.9384699694915,760.1913586676632,128997.75475715015,8.999999999929022,1.0788054823118927,-3887.7010496230555,766.5445276243132,4583.766418331133,8.063020339420035,50.0
,0.24260345114045148,4.956273714150953,10027.245023278523,8.66044735288773,0.9928891349469458,-4.505717284152194,2.3250223198141007,9891.517343357747,8.340374652175157,1.1023804429212647,4.748320735292645,5.4745207933861595,9848.273152496551,8.39465449858698,50.0
,0.5339935340949936,7.762150360358959,14888.118520992419,8.255930488415746,1.0111121196449124,-1.1214745458590851,3.2278437881734474,19370.344481346237,7.172991100558906,1.114244692888935,1.6554680799540789,8.406542317604226,20155.59260746223,7.1669317820005505,50.0
,0.0809492822852912,4.857478245322985,9721.092161887085,8.53481421879128,1.0059817904954278,-4.488810446936707,2.45253083305478,9808.672855028166,8.656953700831927,1.1016688679220719,4.569759729221999,5.441507363853369,9817.886081401395,8.629664880911221,50.0
,-4.3694284005989035,9.609564498594636,16960.99217189548,8.961294746918064,0.950846345822282,-6.182701663810714,4.240780862728179,19602.07877684189,8.608094857553276,0.8982083159774129,1.8132732632118103,10.503711352580664,19696.86259454483,8.660541434149453,50.0
,-3.6116841790066148,15.03847279630184,31135.495995683617,8.999999996392862,1.326620667501624,-1.8273608571773,1.324973030524955,7534.394053250155,7.887449176335796,0.9948881833121915,-1.7843233218293149,15.09672870448194,7532.5384236546015,7.912628000677822,50.0
,-11.548182621775815,8.020706572374682,25172.48308435927,7.587139172158421,0.9850811648579729,5.746223198508413,3.45093415218184,24653.956135239496,7.509843438638322,0.9836394599563024,-17.29440582028423,8.7315909456885,24693.73448928645,7.542753021870626,50.0
,5.575009873028441,8.403034927372103,15778.439767529217,8.471687271316496,1.0341792892273387,-0.0683189180069529,3.2425017299643506,20753.548232403344,7.221031312218016,1.015878006814536,5.643328791035394,9.006931411943652,21300.797142626307,7.231618339457396,50.0
,0.4636100120931494,8.426606339329346,15739.271994093258,8.534096130726889,0.9930628723077269,2.2221070000721026,3.4662047220052923,21274.29405395846,7.547056023253171,1.0326222165297738,-1.7584969879789532,9.11165569876723,20740.405295873406,7.5608128035208715,50.0
,5.819056887054047,10.152571937913889,21186.64948834458,8.999999989747009,1.0081810040191554,-0.8725166623810264,4.577213985015584,22658.864628637304,8.753037747797283,0.968144097806035,6.691573549435073,11.136678356634837,23176.261168479916,8.7383995788248,50.0
,-8.619320839093831,9.623177592439212,19755.152512468216,8.654203656334158,1.000952283823891,2.0179064592165443,4.105888595718085,22002.466134797385,8.321033921934703,1.0853862538654862,-10.637227298310375,10.462498178545694,21737.738651948544,8.30027755268698,50.0
,8.999383151532728,8.302083422845037,18585.447510587917,7.99999832832774,0.9817551580547454,-1.209290729716088,3.5859320196445177,19609.88496619519,7.735304131107157,0.9345609529317173,10.208673881248815,9.043422892322916,19944.77805020514,7.715729652521481,50.0
,-8.180916329101725,8.238222056258566,20968.37287508665,7.835389182863787,1.0021905749141897,-0.9238687201987257,3.758528404558746,19893.04189305025,8.03279766417411,0.9780877878151714,-7.257047608902999,9.055100132858833,20596.46041690835,7.90031656744912,50.0
,-4.316461321980982,7.780287187300438,14571.052554307915,8.999999999985853,1.206809478167803,0.5433164011540103,1.6295183193383713,8770.510636148165,7.920231801072096,0.9475075999539189,-4.859777723134992,7.949100494391218,8821.067647581716,7.934200205793938,50.0
,0.6489926287569273,6.335707222538067,12514.26975492268,7.5663006130015305,1.0085475856287267,-1.9544132758537014,2.9259924301699103,13688.56406534889,7.348001230279316,1.0374941080122952,2.6034059046106286,6.978726080821101,12761.003565272615,7.496148015319632,50.0
,-3.80852266054739,9.527747423504433,18774.632148874865,8.6804261096731,0.9868263486621477,6.230716131649195,4.145383517747255,19590.01159714956,8.594936715696457,0.968877716590352,-10.039238792196585,10.39048485275379,18645.078433313283,8.662321702463279,50.0
,-29.10747364604546,49.36283035920157,73131.00944530281,8.999999995897413,1.117269540082104,-4.062897015807529,4.529019877989045,25265.528733809326,8.999984825370223,2.772677023907395,-25.04457663023793,49.570162821263075,6146.10147798877,8.678506011836902,50.0
,-8.897512680689193,7.977535293280708,19654.670510673073,7.744000691062178,1.0645935500029209,-1.665037829612983,3.5566552245852865,20058.08933272456,7.791653973913609,0.9410473106104299,-7.23247485107621,8.734464250433973,19666.107963192884,7.795227841272735,50.0
,8.592008429030443,5.625816195769704,11265.95304355647,8.32163941698738,1.006813627755102,-1.2164815781480045,2.996167544162645,11436.041058909845,8.244052097774631,1.0383248973348125,9.808490007178447,6.373917776476123,11352.275076661455,8.288641386654842,50.0
,0.025615753464267504,7.267267186907475,13705.337525743429,8.805854622109425,0.9679915132950251,0.34122443173204053,3.6833160913363985,13479.715603226403,8.698754560289869,0.9798474679673774,-0.31560867826777306,8.147391594528873,13512.84215400271,8.784534156624812,50.0
,11.319384651693602,7.57256249014315,21439.20811047387,7.423209120948912,1.0681062159156358,-1.2391453137363504,3.2120714406603943,22207.78724871847,7.221876985838183,1.090717078050544,12.558529965429951,8.225637094294227,21881.245823690155,7.221511600874614,50.0
,3.5429067097249307,4.420732303180211,9882.258123048505,7.535941777198039,0.9792852080983516,1.1807837706812025,1.955341638747699,9690.77796002592,7.232064656059889,0.9458342661125608,2.3621229390437284,4.833863363873823,9653.989746821193,7.268827053661096,50.0
,20.498603186146852,36.606271237901254,46934.01943414035,8.999999999968562,1.135435123781962,-1.0378287076611794,2.915324262814929,14372.136488448054,8.999999999982721,5.3234445264081165,21.536431893808032,36.72217599081179,6588.5294178384465,8.5355527221144,50.0
,-5.704332945491878,10.08503475520826,18929.136559145205,8.999999985103452,1.028808472140594,-0.38097874564368384,4.315819890810159,20714.653814855286,8.654988924909505,0.9783149162950022,-5.323354199848194,10.969695863772667,21724.790344129848,8.630248524185527,50.0
,7.121239357369091,10.307169935015773,34243.46722099529,7.000000000033511,1.2690098419112565,0.6250562470726847,1.20776224265191,7785.353706635642,7.2159769162835925,0.963525387838226,6.496183110296406,10.37768961301448,7751.480768897781,7.27046310222655,50.0
,4.977862293668982,8.003241799294189,20630.920050059347,7.716692972095583,1.0403666835495726,-4.522880148804598,3.6005275819182323,20111.096576129443,7.709642540500597,1.0256481002553919,9.50074244247358,8.775857688347257,20243.951775078523,7.732713111682055,50.0
,11.280460126855637,5.464498945366678,11037.357268047474,8.3906844732337,0.9785055684972993,-1.0772554367824887,3.049527420205318,11145.472425016033,8.43545669081334,0.982423320883884,12.357715563638125,6.257824399142057,11157.983881806425,8.416860909980569,50.0
,0.8478573737222931,8.460295614172766,23542.807532740317,7.948219494092383,1.0689144822629018,2.5965273223420238,3.6559030086246946,23096.318992785014,7.844340181361531,1.000449180893329,-1.7486699486197308,9.216410835442506,23779.747649639412,7.889287855751907,50.0
,5.907098082961452,7.851417492730306,15244.079766854727,8.181771247719855,1.0448778973438488,-1.8678401957893964,3.2339175482328475,20105.338428981406,7.214350543777163,1.0684265411384535,7.774938278750849,8.491347322652619,19346.890293680583,7.225724800148351,50.0
,-19.70579616193739,8.435329202283771,15978.935863009623,8.405711517253282,1.0072696352243413,-0.47107354436939375,3.5016425011940124,20369.01947697319,7.700739827147698,0.9925907543884265,-19.234722617567996,9.13325128073621,20736.64836979596,7.6457844601528855,50.0
,-1535.2376154731785,84.09784031277502,128385.89411344858,8.999991708278577,1.0356687975615795,-1572.8277122381203,418.0443594203606,128820.22188526911,8.904822291487234,0.9840825142148831,37.59009676494179,426.41943340853106,4131.0845581066615,7.801031901347652,50.0
,-6.449862150827538,7.742434517234933,14925.558189052375,8.093619912644252,1.071708206706549,0.3314363940993411,3.4384049095865015,18818.702506847927,7.477331579213596,1.0340426660699897,-6.781298544926879,8.471594925156625,17997.778613500523,7.5740341243017,50.0
,1832.784472970775,155.05025253005067,128985.03831035389,8.999999999228944,0.9599169782443149,-871.6641529147108,195.31112991904672,128978.10174978348,8.999999998601112,0.9338485506921523,2704.448625885486,249.37325093098343,4459.049990656998,8.601294664519225,50.0
,-3.1581394386593695,9.042785870310995,16655.529221822206,8.68442359227759,1.0124995850211802,-1.8823815275891238,3.720898683622471,21178.35698301197,7.855965718532097,1.002561600451476,-1.2757579110702457,9.778397788496827,21212.832175311072,7.822182184969483,50.0
,-13.414773309814496,9.770916374036954,16978.653530207288,8.999999999720814,1.4420445450011752,-0.16996100813719897,1.4676288607352066,8343.482289874057,7.844553059747709,1.0110301501359116,-13.244812301677298,9.880523329322509,8371.573474114413,7.832014722830064,50.0
,4.055664746655239,9.963264106332204,19590.411216821383,8.865366707055168,1.027909194779981,0.5473793263415246,4.395617138189034,19560.846743060334,8.821516585894496,1.011365440246988,3.5082854203137144,10.889815502480692,20444.88799902432,8.742970677220919,50.0
,0.3520113919660772,9.70157926556055,23485.117008791876,8.743252274250336,1.0210100110592972,3.016828893846382,4.581863718217866,24458.039013165366,8.636854748773601,1.0774215502374906,-2.6648175018803046,10.729124632432772,22831.881425358268,8.773659748117733,50.0
,-7.634897282527319,4.783224874611728,10351.18806020771,7.9416559137185585,0.8958370182805919,2.3593742522385446,2.4780635101297914,10303.515495084244,7.852654122767824,1.0143542614622272,-9.994271534765865,5.387025056683991,10302.496836830165,7.839205239061203,50.0
,-0.2182613881348153,6.244327916847855,12339.238336279934,8.06867525117116,1.038885826338406,0.5033244563050424,3.082296466725411,12240.834721413838,8.108156645456315,1.0215978357390767,-0.7215858444398577,6.963632862372442,12311.080026055348,8.050770487541104,50.0
,-25.929093007661734,60.702529684345365,98338.0667546107,8.999999999969175,1.1223810613575973,5.468327934042374,4.397049063314873,24303.546612645805,8.9999999999778,2.95159039275874,-31.39742094170411,60.86157367784724,5933.160274028037,8.319527818921427,50.0
,7.54648973399822,4.651001550697856,10319.631828888028,7.313883723231159,0.9923466526946175,-0.5127650471112158,2.11825719018511,10112.82429067232,7.120800988579907,1.0197547154286255,8.059254781109436,5.110658367408722,10106.685647239483,7.128758384653045,50.0
,-1.8785953264795863,9.898010524465828,18515.227425272446,8.907380230478138,0.9711497322306373,0.403883398585412,4.3492385696441,20470.529824587033,8.660422922807815,0.9383459229285357,-2.2824787250649985,10.811405481162758,19621.466419253597,8.78200875930896,50.0
,1268.0691897958425,,128995.66833074132,8.99999997496635,1.0163776394206365,648.4330132592115,171.93335069631271,128999.99983200063,8.572154079308161,1.0253254257725444,619.636176536631,,5038.291379939825,8.712681443673453,50.0
,-8.016397518006514,7.4805882293896735,14466.625424695698,8.070629149874026,1.0153646158951333,0.21635833324192733,3.413867044470321,17727.20752012958,7.551964898421076,0.9949329925377667,-8.232755851248442,8.222754310752807,17559.78220504823,7.602262949702574,50.0
,6.603740122061962,4.629899055670096,9393.964159389838,8.077439220528316,0.9690882979096648,-1.0786282800987277,1.9374417003758,9392.25686936107,7.944699269267186,1.007107322690681,7.682368402160689,5.018928731118815,9393.19703712742,7.995195092086984,50.0
,4.6017908177079,14.130340228583698,41541.94744642026,7.000003410825808,1.3620891781656808,-0.17072209679119893,1.24821750479478,7383.638946007539,7.621666342129705,1.024780624177764,4.7725129144990985,14.185364356082182,7328.368855756255,7.57149483715191,50.0
,6.1232244492406736,5.869976376092159,11695.102977322575,8.168964636499947,0.9724440390913703,-3.121365611179454,3.020981581968875,11697.252108083117,8.135712337919601,0.9589493065805746,9.244590060420128,6.601738587256784,11641.175359229246,8.151384520070764,50.0
,46.38821173784147,42.851084547011226,64459.43533128723,8.999999957824926,1.121838578615629,2.0373102546578354,2.7306296674548434,19999.94205452963,8.406628713298986,5.530495847537663,44.35090148318364,42.937999315709725,6109.397287587697,7.822938548594611,50.0
,-8.685236935387286,30.62896037372882,40957.969562664155,8.999999999969177,1.281024070655104,-0.13695818293972795,2.6343418303969823,13147.184462188456,8.999999999999613,6.2116268265979295,-8.548278752447558,30.74203913950455,6683.342898950288,8.41101898609563,50.0
,-0.28949741952584646,9.4406775582504,24999.633793665875,8.595812723627462,1.0770062365000324,4.61427637478512,4.517093118922925,22146.0847117863,8.708910034875077,1.0002655550516988,-4.9037737943109665,10.465683112146744,23458.44201209051,8.63721190505036,50.0
,2531.4337022485797,207.38375751700983,128883.87238610839,8.999999999969159,1.0892122496059482,-880.783563965255,188.82271834305357,128854.41363452522,8.90426429201535,1.048657600289092,3412.2172662138346,280.4675415165435,4283.229425943642,7.791179464140982,50.0
,-689.8328950604966,,128999.72406208067,8.999999998455111,1.0308499413455734,82.04063797690016,128.8381705466927,105156.5585499581,8.484754890297708,1.0008709317159301,-771.8735330373968,,4774.023516569266,7.1569506176471425,50.0
,-12.624926179424309,63.03121855199521,83735.01216678879,8.999999999969145,1.0805606517685777,1.3226503515729013,2.9765494123054315,19999.945051896357,8.714625295648661,5.188547687889195,-13.94757653099721,63.10146082741097,5864.741494179184,7.572863040886214,50.0
,1.7546429094460771,4.680887912326533,10339.707951177308,7.29150132467634,1.0816181085117196,-0.3866516901368737,2.326806192640901,10352.485423874274,7.382865465514104,1.1227848221913528,2.1412945995829507,5.22730702234685,10363.798116389942,7.404333529966769,50.0
,9.807877769761673,8.553071287575271,15564.994534935255,8.999999999998426,1.2907104926613788,1.1179639588756383,1.8007676759371847,8743.826021090263,8.45841557635,0.9453826303296691,8.689913810886035,8.740583085415109,8745.552692407351,8.467440014620308,50.0
,-2.304313902778935,8.173276157111529,17181.53886733062,8.036779770647614,0.9741975275393947,0.02817992358485713,3.6859782375698424,17739.33363308367,7.901657364925154,1.0069250970776364,-2.3324938263637924,8.965984536471513,17425.084393773795,7.972313474083558,50.0
,0.3076775509530154,5.263785585249704,10227.153984123115,8.999999901698978,1.07270227763548,-0.5958887098433074,2.7362908648222097,10131.368361677287,8.816365553597903,0.9116228372991155,0.9035662607963229,5.93251433916447,10054.215537462256,8.869633052883813,50.0
,3.409733890485962,9.665852763629752,24999.966764524666,8.69763713213406,1.0276292585562588,0.7628313682020517,4.848519712866809,23990.621465018423,8.804678647570272,0.9549077603264058,2.64690252228391,10.813734463830105,23473.949602678804,8.879915848796987,50.0
,-4.948604021743272,8.229031791794942,17255.552128779207,8.077591123172475,0.958864744404566,-1.4343533089985654,3.8314356319670555,15833.427565713899,8.236384156668711,0.871178071525459,-3.5142507127447065,9.077271794558024,17068.004911210952,8.066903490228244,50.0
,3.172077456362601,4.686320586644602,10053.787503918033,8.12854703508115,0.9801088081910875,1.1168776298771121,2.4753390897948875,10175.594737422905,8.128261866843477,1.0942175990586822,2.055199826485489,5.299896626376365,10151.865451373189,8.19446828063941,50.0
,12.645402959134309,9.916805333384636,18291.11575274056,8.999999747915478,1.0049621936614457,-5.012327131037376,4.427738587378879,19393.588480734295,8.85355593368796,1.0470028849097768,17.657730090171682,10.860381992287834,21041.53175741309,8.664577678942303,50.0
,1.1292784202868429,6.9024306283856784,20514.60967734297,7.000000035841239,1.0377296072227717,-3.0753971629077754,3.247700656290972,19904.35421230443,7.197035974448285,0.9433933437959036,4.204675583194618,7.628309651066186,20491.776383254542,7.15527360038964,50.0
,3155.271992376907,286.036874384117,127318.43454998492,8.999999999969157,1.0692254906036744,-11.23876526701459,35.46205113275533,128999.99900965716,8.252969702229139,1.0900489579791848,3166.5107576439214,288.2267346690402,4987.491852138725,8.012537567978054,50.0
,2.151873633638795,8.12250467430808,23490.44462059428,7.68028798938966,0.9614414735576904,4.580656499073373,3.7622414357447616,22929.459227383337,7.780887182163358,1.0204686446953666,-2.428782865434578,8.95151064374005,23294.568398205647,7.7789253152856,50.0
,-1.9140240692733097,4.464848740560186,9787.530634198054,7.651080370344415,1.0141059701254518,1.9770643699809454,2.039949389726383,9707.551492729708,7.631874388488586,0.985517731158653,-3.891088439254255,4.908794942623589,9683.369588493239,7.623584666586995,50.0
,4.0353739142528084,8.549294481845463,24065.95984797552,8.022494400231121,0.9950724300140695,-6.72235524258016,4.026072889319476,15924.844078001872,8.622784620477184,0.9706477250874791,10.75772915683297,9.449851800289068,22382.92266278956,8.072674689115203,50.0
,10.513656665108796,9.345674221353613,21548.80115291813,8.499966170501487,1.041189671283129,-0.044546027152118646,4.264351830176363,23488.140043936273,8.388813690826925,1.119425211155632,10.558202692260915,10.272600604676596,23782.619887118315,8.294183883505877,50.0
,0.09994263601914276,5.349191321641314,11098.180392724997,7.743855145622646,0.9951721890857773,3.3372652064411055,2.697239353145782,11323.971261649996,7.658527952553013,1.0156793597759743,-3.237322570421963,5.9907385123773365,11185.473039770191,7.706211537609471,50.0
,-31.40250040282535,23.88904361236738,36653.08454894797,8.98157297145523,1.219200270975264,2.833760891881185,1.5311209984017182,9565.410987322335,7.000000114896089,11.113281566763462,-34.23626129470654,23.93806041067942,7124.278978073244,7.107161493256148,50.0
,-16.08407024063074,9.532708955868173,18239.053942230465,8.70626158015924,1.084481251929276,6.657180766045369,4.1258909865508695,19664.316407620325,8.633260332967144,0.9788024213540151,-22.74125100667611,10.387276662830878,17879.142706437135,8.754651416515063,50.0
,1.2185607783303298,4.869551313892433,9750.699479799798,8.578664659659063,0.933135635380529,0.9317807827180189,2.428628661840381,9875.584430950763,8.600124816791961,1.0041425544697773,0.28677999561231093,5.441577636655028,9889.353178978501,8.648890272639811,50.0
,-1.5850179414592884,7.96356860139243,18119.053798291803,7.863626232258059,0.9820585852450505,-0.06092625476504319,3.8489271314182387,16141.3805911327,8.231028849625627,1.016996955576777,-1.5240916866942453,8.844923116231753,16372.547336177888,8.224937600476995,50.0
,-5.175939945701572,6.242305570918965,12199.072700975696,8.385239308967805,1.0419793335134206,0.828354845854691,3.3102477432475728,12134.056438207112,8.577701612851618,1.0040134941213361,-6.004294791556263,7.065700174958006,12267.826352829034,8.455160739563441,50.0
,7.634000907997027,9.159766920223664,16793.364050602606,8.727974628995996,0.9986569000745844,-3.2816883905583576,3.6786263836445134,21782.55220153311,7.838877156531439,0.9841582391649957,10.915689298555385,9.870847081343587,21803.149699923255,7.824158722197897,50.0
,8.07707818056413,10.095828275105847,20504.307272927334,8.999999905197964,1.007686171203204,-6.62637627953543,4.593572709149955,24855.849709589424,8.623501173466586,1.0137266602637014,14.70345446009956,11.091738312576345,23665.75335879576,8.655710582173793,50.0
,6.616804293253898,7.180854000935245,13832.542589742678,8.050304984191879,1.0513685755858064,4.4716031763040265,3.382669848706368,13527.04541141624,8.212787780829903,1.089336662749707,2.1452011169498713,7.9377024061182135,13630.144196555577,8.173992824932471,50.0
,-4686.820598959795,468.2970339681701,128787.19970655403,8.999998841846315,1.076001373889039,118.23835616155087,140.47051976401525,128999.99961220668,8.667833266133812,1.029298542947857,-4805.058955121345,488.91111558867027,4986.641519015282,8.297772843113778,50.0
,8.38844132266123,8.511748080383787,16350.977958337353,8.377735728385902,1.0079295693663666,-2.2682436723156743,3.7583290487546055,17503.402705880635,8.077984171056865,1.0127727507306823,10.656684994976903,9.304563000089246,17462.564853215626,8.144628049010478,50.0
,-7.61228092999515,5.555455182570685,10898.430730612157,8.827660202430103,0.93190618807224,0.554692915504681,3.2743656842496556,10984.333647379899,8.840468180513485,0.9755591592324205,-8.16697384549983,6.448608603392146,10968.228682407947,8.840518104892665,50.0
,-14.821191588897214,8.629794840070181,15693.685109595055,8.802804888131234,1.0063735340356588,4.415056258749352,4.21750985870058,16789.246187720404,8.739827878454225,0.9653531285004315,-19.236247847646567,9.60524587868205,16006.713634724925,8.843115264057577,50.0
,8.086214975868014,4.374196663165861,9734.664577949756,7.4999537275956865,1.02739084359887,0.4755876284065422,2.1063260458504303,9849.37243076761,7.601695940196907,1.102684649807515,7.610627347461472,4.854915638760294,9840.33620546251,7.587721312576341,50.0
,6.524207979278278,9.091640731576872,21251.91900207016,8.362830463319836,0.9034794363805462,-1.0980152948218902,3.986630868933428,15286.470986741742,8.753826198735066,0.9357865316490898,7.622223274100168,9.927293532338034,22811.609072394807,8.072964682177231,50.0
,13.928148654687279,15.507637116094616,44545.811409034024,7.000000003719064,1.3311021317409104,0.2058854862866853,1.189386607593825,7254.054271527475,7.359178529492287,1.061681011835361,13.722263168400593,15.553181328165595,7228.324007032063,7.351884125729366,50.0
,1.2384251757573739,7.53628812715854,14487.533829051352,8.094911988942872,1.0002012954560184,3.620560952421173,3.6975769692056515,16562.671198810334,7.999994862062656,1.0546496732028618,-2.382135776663799,8.394504999030666,16256.17099842415,7.976345377018582,50.0
,8.670505400033436,7.391798950789486,14271.857940130081,8.110138474768993,0.9537722530456235,-2.144973694774195,3.2306540543274886,14776.589145259803,7.558742550378885,0.9828240729003765,10.815479094807632,8.06695837026789,18252.533027039357,7.236883046355154,50.0
,-1.1263171302931814,8.068207558290126,19107.394155033428,7.843877988105917,1.0596099508338497,2.635370278378324,3.9064852854682304,16917.38129838722,8.267869295774585,1.1374819557748077,-3.7616874086715053,8.964184318120067,16574.15208485727,8.323863138273547,50.0
,-1.9236611968853865,4.553473725035908,10199.316960921315,7.121071741159358,1.0983268368730805,2.061882988797663,2.2945561412539566,10351.214474326756,7.294762831878952,1.0202447306239537,-3.9855441856830494,5.098932324512519,10337.394925800985,7.288513353192508,50.0
,5.782532740711461,9.616961381473917,21146.7875019849,8.65025371455746,0.9446809904679936,-1.834379412064704,4.136841477986639,22806.07970009533,8.345986046598039,1.0782432946438572,7.616912152776164,10.468973379789986,22872.74743209635,8.363431404122405,50.0
,-4.802620279534315,7.541841523054394,19501.10242955844,7.477707704665461,0.9925738889489413,3.406555686350288,3.685619464764514,17723.12403362016,7.930040401764362,0.9436096251779208,-8.209175965884603,8.394233997091009,18396.26870021985,7.8322648253478,50.0
,-6.320233594362629,9.06720530760898,24999.864532913496,8.34147696044203,1.027091441912453,-7.538268840061388,4.632788193632878,24999.9801150782,8.638437167609283,0.9713626971248435,1.2180352456987587,10.182187315964907,24618.170382765646,8.602997027763573,50.0
,-6.364842624431701,8.03371473870414,15264.721272632536,8.326209538822008,0.9855224495813706,2.5213247147270708,3.692053560274316,17309.96361011777,7.946922582793537,1.0007396316502208,-8.886167339158773,8.841483585621045,17568.70146502441,7.960361156141083,50.0
,-0.18046261315503231,6.867328544911674,16027.157828727373,7.437336705996889,1.002450640222374,-0.8486503370163838,3.044452163672946,14008.455714363783,7.376285340586182,0.862086332279349,0.6681877238613515,7.511916554425479,16342.92485639383,7.16422372618489,50.0
,-10.989897723468575,9.487411114614625,17249.15658759894,8.850309108478784,1.009804223584778,-0.6823385194441525,4.422268464813245,17480.788198519294,8.891407447858706,0.9403529153909761,-10.307559204024422,10.467446108416075,17254.555025431397,8.87388236944851,50.0
,-6.876531590273648,9.440803524536273,26733.36552345325,8.240734993804526,0.9470853590260992,1.4297481478771588,4.637432415329164,24999.743191998517,8.64674804665176,1.017629088189788,-8.306279738150806,10.518295992965886,24310.179729740168,8.633321678438277,50.0
,-41.34994976904749,117.96699583052016,128963.41832109191,8.999999998869898,1.0117018328531493,6.899271751869566,13.283134140413164,33046.6543970305,8.999999990868911,2.3252641954233506,-48.24922152091706,118.71248358058293,5257.752785586203,7.608684606274032,50.0
,-2.1468707012298722,7.8778236494758795,23350.385780847122,7.499961270915491,1.0185938091434288,-1.6762921634218484,3.6081348216091413,23452.963791895527,7.746041189264805,0.9986755499068778,-0.47057853780802383,8.664799036512612,22232.07100672683,7.741602424484803,50.0
,6.579628063297474,4.268515985064101,9709.010122540412,7.0000000000006875,1.0227156283306071,2.3983561980478365,1.9930070897670527,9859.293943029217,7.06613887460925,0.9810402518194513,4.181271865249638,4.7108710420271,9828.006239992912,7.134206280780124,50.0
,23.69134551470933,16.70507994415596,40527.18230638234,7.704405160941402,1.293179050349033,-1.8488870550977754,1.2029676808342946,7320.124002061488,7.462564386348162,0.9606693522290769,25.540232569807106,16.74833804237822,7349.030177276534,7.467006306562785,50.0
,-27.7793274742356,105.4169057291104,128997.58770164511,8.999999997389974,1.0389654257018925,26.006704692309945,20.894152547333494,36047.346948349805,8.999999997978358,1.8995159115539373,-53.786032166545546,107.46762128274446,5531.372377450574,8.471239192475377,50.0
,-6.1465225803721015,6.559185978187689,13500.096102299223,7.438131199658543,0.919659206038112,-2.7451258871751363,3.039413925723609,14623.720490458378,7.272331267479069,0.9471807905422485,-3.4013966931969652,7.229174068200087,14656.7340612687,7.281308192569671,50.0
,-14.048257160800047,13.804873498062529,30312.535073961277,8.999999999982515,1.2734590895708386,-0.23081868758759694,1.3313275279549002,7571.455310487985,7.913859178439605,1.0121842888039736,-13.81743847321245,13.868920840649416,7587.747882957374,7.946720205477314,50.0
,-3.2526713503208313,8.676525003413548,15752.052802453713,8.999999999995948,1.40753816444343,1.9096582546995964,1.3755688831605972,8460.148028830597,7.09145594814068,0.9482856570595611,-5.162329605020428,8.784889065160709,8420.575475898208,7.10307937877008,50.0
,-24.66879097142309,60.009258946291325,89104.22135026865,8.999999999913928,1.0601183921682056,-0.8786931820047302,5.087830044191177,26263.503029469673,8.99999999978623,2.7790343842882845,-23.790097789418358,60.22455623615354,5916.736951269979,8.395490581779512,50.0
,8.119176461649142,6.728953642842889,12952.918144148,8.616903849789162,1.004960152347621,-5.939295545161637,3.512515923882215,12838.241434823836,8.638124850195116,0.96277101497136,14.058472006810778,7.5905589545865935,13038.522024445097,8.63021983332657,50.0
,14.904533218317386,90.63200801033298,128999.99812050504,8.999985356115396,1.0707591562390875,23.766267260230194,34.7884141523598,39428.68841523724,8.999999999999474,1.5265367898831788,-8.861734041912808,97.07932135744032,5477.790509157478,8.47109234663794,50.0
,-6.243902384890543,6.540179309840353,12468.376783319862,8.654642560014818,1.0415724540840714,-0.576157834238268,3.4102723580033207,12499.99569217273,8.671902571668197,0.9731587050857988,-5.667744550652275,7.375900145787317,12545.28916500401,8.655243560262814,50.0
,17.67822285806307,9.831459671136397,19999.909256319526,8.793088367243087,1.0004525760031528,5.265819785395327,4.497838720419826,21746.960574668796,8.685097879158109,1.092915887598694,12.412403072667743,10.811482433972191,21250.631189006093,8.709496370953513,50.0
,35.046613032858744,57.07884581001254,83013.71503983843,8.999999998891393,1.1373423809648713,1.8096586472291312,2.7113922916896964,19999.962853888985,8.483673106531526,6.046912355407794,33.236954385629616,57.14320858302079,6003.922238898823,7.6222089582599,50.0
,-3.926995966948291,6.439951162673482,11937.47994259172,8.85652024923986,0.9728842204734686,2.5567141132111915,3.450462010921567,11795.037475560453,8.896259894454499,1.0011822463302893,-6.483710080159483,7.306070015160849,11798.394798610987,8.87933097181345,50.0
,-1.2085574557446532,27.698962482701425,38897.50581040301,8.999999999592594,1.5542180787050741,-2.420653562901842,2.714291036735884,13156.722958662422,8.999999995240449,5.699654902480535,1.212096107157189,27.831634850475563,6910.480579674153,8.667591586039057,50.0
,-11.131080215801118,6.510758267448248,12972.006268841995,7.584689302345822,0.9575506469578199,0.8679177604716317,2.8802560699651276,12401.619122627219,7.66627285961402,0.94856241508638,-11.99899797627275,7.119399430128687,12819.576134032523,7.544233320568515,50.0
,-1.764853640610768,9.332055960182231,16826.28396147038,8.835059298831165,1.0037639302109091,2.407053245678997,3.8802001613925756,21388.22513005046,8.195929155047411,0.9992814589417591,-4.171906886289765,10.106592983614393,21170.22057315197,8.2318369264672,50.0
,-10.400183841030902,7.946842068078861,15082.075030316826,8.306236511665896,1.044303506179531,3.6906384709067197,3.481543787828205,18877.768077989072,7.717292603891437,1.0699564408081805,-14.090822311937622,8.676027086262067,18769.03494950125,7.723922105152867,50.0
,-10.042607593806776,8.346030844020547,15335.52838426812,8.803320642044133,1.0369004274050553,1.3133845924588712,4.13755402829583,15074.071546465628,8.99988263142354,1.0010157078931599,-11.355992186265647,9.315341334938262,15348.132374073233,8.876604687213716,50.0
,-14.51518416652343,9.382731342874209,17196.613041815464,8.769222521866233,0.9586515656793662,4.571689095053897,4.169114846521647,19472.29798948745,8.499961839797207,0.9650170454545502,-19.086873261577328,10.267286206979977,18812.623326320652,8.551586015419714,50.0
,-6.203265288864809,7.546654235314892,14317.716942287152,8.275339805510491,1.0168240031915965,7.6113330391692955,3.4397320183169406,14498.557632056083,8.049405627275414,1.0504126113973649,-13.814598328034105,8.293596717060153,15021.828828130469,8.052188513655224,50.0
,-6.307275254027079,4.717221153371515,10239.724638831925,7.81256256609108,0.9363352001597184,-1.3334337978425668,2.4361224670786927,10226.997652149706,7.8997409840775035,0.9667178373261945,-4.973841456184513,5.309130633580347,10245.728341012365,7.921381198789803,50.0
,-5.815428732675539,5.785559432985625,11116.57466869559,8.884788182432992,0.9913665651276666,-0.018510547701135034,3.083332696144251,10469.867036040669,8.945857969959793,0.9804355781185935,-5.796918184974404,6.555885788184623,10691.091247558139,8.84268248825571,50.0
,52.488529849017944,50.261906922026974,82531.67461255634,8.999999987121019,1.16446591617112,1.1504762297491693,3.0516407814000273,19999.889564518046,8.833876244426254,4.641187247396179,51.33805361926878,50.35446155900395,5914.18658145051,7.72015822493569,50.0
,855.0119890451422,,128999.63620856352,8.999999999511221,1.0493244807152597,26.813351509522768,75.6888899440924,128999.93341099586,8.474190575565247,1.0393960003261493,828.1986375356194,,4927.732400132739,8.51020255546789,50.0
,4.093736959462977,8.572386710055635,25592.99072581001,7.939225135073741,1.0123208572079647,-4.639859485827522,4.242870118516262,15760.423257384864,8.953671932832648,1.0358070219291404,8.733596445290498,9.564923457578564,21749.311377031983,8.41715241527277,50.0
,1.3615105899330837,6.116692842711046,11992.968157320449,8.323157923794868,1.0813102443838323,2.6689412158137293,3.158550438803814,12132.295590689333,8.264257477028993,1.0909137736859784,-1.3074306258806456,6.884066545766413,12080.115043879137,8.296682580895164,50.0
,16.140351620261782,6.448330572157759,12616.227029861639,8.310385290008458,1.0642233628720512,-1.5108470855828682,3.30397356232423,12585.351246622098,8.461527502064563,1.0558964646139977,17.65119870584465,7.245495736549838,12639.119281384079,8.41276955905694,50.0
,1226.7630311954858,,128999.01005063651,8.999999998423048,0.957595949948822,403.75238351459217,50.469444912242295,79769.4268645022,8.896503270139712,1.0448063573829443,823.0106476808937,,4890.663987866042,7.629695390409745,50.0
,-9.230618536247583,52.73199860366626,64755.15886973738,8.999999985188822,1.190260307251478,2.8361025159348303,2.2700615137826454,24999.909753012747,7.132857489222311,7.589251520500869,-12.066721052182412,52.78083796240277,6139.520345370684,7.532342677124542,50.0
,0.3685125819786759,5.6200176504765835,11274.048638722057,8.297466203798058,0.9781004050820657,0.09168363078664188,2.917455602124222,11131.175012748085,8.256634902970063,0.8965696089706143,0.27682895119203405,6.332151733971189,11172.263513341877,8.25627968995125,50.0
,-3.1745254740840547,7.740942833596364,15100.928916974994,8.018086565139296,0.9771886886731338,0.13261876876623907,3.615581865053765,15404.939579419084,7.968244757364072,0.9445292408428668,-3.3071442428502937,8.54368937730724,15513.886503368838,7.991210502810699,50.0
,13.012154671942838,10.028364359493999,21004.69341321085,8.999999960931488,1.051593599517885,2.5846225379089596,4.630829958989548,23833.002716040173,8.70294814887922,0.9420248147919444,10.427532134033878,11.045934900941822,23510.915087426798,8.757600183381617,50.0
,5.021082291537681,6.827709372371389,13000.33118745766,8.740270654952422,1.0450228843461824,2.3540334129419027,3.4540815387309998,12923.686027452457,8.65367374069236,1.062685368708968,2.667048878595778,7.651685732553998,12590.76230585138,8.769905928327727,50.0
,0.6957429242061093,8.954181040029159,26072.26360456321,8.095049608647377,0.976898172563993,-2.1180071629130146,4.386037213676252,16895.701160257726,8.999999984859535,0.9903502633340239,2.813750087119124,9.970691076217866,23172.28489272009,8.539931995479472,50.0
,-13.781734978561985,4.444345106363657,10038.80698621587,7.113922340601796,1.0364042520364622,-1.9334884994874024,2.1578767949580238,10169.321440494194,7.232637445081231,1.0548505136203852,-11.848246479074582,4.940509658595649,10136.410686902302,7.213604330487655,50.0
,-5.894781318306454,7.7410672797939855,19296.801747960064,7.633044291017575,0.9778992842356131,2.349134609328923,3.4967288139345607,19950.243701947133,7.62805354284425,0.943893659688857,-8.243915927635378,8.494188308984988,19414.07384591272,7.611911567673002,50.0
,-9.809233077804993,6.948664938109085,14999.885934826227,7.539578709130201,0.9537153232196908,-1.1067772073608493,3.166334074925709,14748.198137483467,7.46987660977318,1.0175371970027771,-8.702455870444144,7.636073329672927,15296.371933268852,7.423858604404241,50.0
,18.846720926392596,10.44461389124261,19240.50185974744,8.999999999529374,1.329139293740223,-3.3123705471427267,1.3552904703181072,8326.377232333196,7.25692888829593,1.101154684555324,22.159091473535323,10.532177913236806,8339.537042158703,7.354746142154252,50.0
,-11.310496694377294,7.100422295764009,13500.011233994612,8.999999921606468,1.2569861192534264,0.15115073042919372,1.965309637986951,9149.402662917979,8.392285805369841,0.9739590875270182,-11.461647424806488,7.367390226623471,9162.242783950638,8.465792179204136,50.0
,-7.200804801590938,6.437600713517313,12688.174842669232,7.670521887439456,0.9323385027179197,1.4084306961416613,3.065384991665778,12788.173104458778,7.881940156345664,0.9612048001180394,-8.6092354977326,7.130167466042324,12827.000238404778,7.76031104839855,50.0
,2.451649300067396,8.331253879041288,15885.71121362472,8.395622263194614,0.9891022330358619,-3.949220050022356,3.79173967838644,14983.818912893166,8.443960179991768,1.0453260083641152,6.400869350089752,9.153528335330076,15282.209222972926,8.367777074435294,50.0
,-1.0045094176129996,8.329394927553189,15960.437121535238,8.345384874322571,0.993772392862421,1.208929137251088,3.6675580410806408,18401.998905630702,7.8882054720604575,0.9284759432147491,-2.2134385548640876,9.10108794836332,18431.982386087744,7.8880022908418885,50.0
,1.53564982876721,8.628145174826038,15712.900324326807,8.853026915735878,0.954590645955156,-1.256691219742368,4.149159180616311,15828.753877473117,8.840151783936175,0.98076471714669,2.792341048509578,9.573944383793258,16023.063243871968,8.809104335255833,50.0
,-7.805019196977713,6.712789411907621,13161.125269255388,7.776844911143059,0.9573488395025606,2.421460737681683,3.1899400312941677,14514.394814732734,7.522570155797346,1.0019876328283768,-10.226479934659396,7.432177278016994,13985.099521199663,7.657996891929947,50.0
,-7.590862701789895,9.275188820274032,20311.425413015153,8.430305433003262,1.0541569009019172,2.031937160586372,4.119739765772861,15927.139374211605,8.713898122380199,1.0723995657712948,-9.622799862376267,10.148959719568634,22317.63233761022,8.177979192204699,50.0
,-443.3163283218976,,128913.9445208226,8.999999999228944,0.986720231939502,-698.4772498860361,88.78898123142119,128493.43942070623,8.934582549315262,0.9465107492016076,255.16092156413856,,4125.617090591065,7.541893279241839,50.0
,0.8178661900256052,4.9981869311338,10734.241891657926,7.601711493013785,0.8632048364075706,2.4244491226946656,2.460201465168511,10598.37973942123,7.425017881999773,0.8920387497194311,-1.6065829326690604,5.5708584480108625,10552.21331856561,7.492879425442226,50.0
,-13.694239682207765,51.16824433630916,62530.949581126464,8.999999542878491,1.0670605328875975,-0.15245412761303254,1.9285075631013708,12499.946361894808,7.124398768362157,10.210405383555996,-13.541785554594734,51.20457372033453,6287.892216134622,7.176213081632409,50.0
,-1.4202441870726328,7.732027780373604,14443.90052108315,8.594416474228101,0.9643542552437121,0.42123796992885404,3.7781356751942488,14682.992607070953,8.378334244288958,0.9859871971681601,-1.8414821570014868,8.605728486109975,14755.703623780855,8.415097697519094,50.0
,1697.842740704634,131.6123461943738,126223.29653105338,8.999999999969157,1.0888387556021752,-1607.7614185411808,407.5667578257779,128990.61702294863,8.926554925423275,1.0128220192903217,3305.604159245815,428.2901723777981,4392.3551088289405,7.482063456861581,50.0
,-3.0691295428362926,7.471618075484405,14291.319172492294,8.270747121555646,0.9652947656753879,0.9274686677875552,3.154090465864307,19756.203484229383,7.045448791080837,0.9712572954025983,-3.996598210623848,8.110077886972567,18695.25299318692,7.193366157056142,50.0
,-10.086190803192366,9.018445424333756,20000.083797351246,8.335778045780085,0.898634295199519,-2.265057872211039,3.876974439437239,15267.570710438602,8.568291714255967,1.0141811273804444,-7.821132930981327,9.816480462759356,21862.243378519346,7.909415130265452,50.0
,-13.833845261100494,8.992986137124944,16695.90506347466,8.609226633719373,0.9939630149704003,0.822160702228274,3.696651548284424,20544.461260392916,7.962506830111998,1.0206776567109774,-14.656005963328768,9.7231184468747,20190.34296584468,8.034977374963365,50.0
,-2.378017606556866,7.235096307914723,15018.048412608836,7.735765511218979,0.9888368103738443,-1.319024798602488,3.236056384361971,13459.54343377466,7.952353873425533,1.0315713090731706,-1.058992807954378,7.925823585443416,13940.272061900761,7.784345576560506,50.0
,-1.6561838879099027,6.821057693067877,13446.670232543049,7.743733322752799,0.9687030979172835,2.888067926134173,3.154593906962068,13324.886759214343,7.8389998687830955,1.1043528385110613,-4.544251814044076,7.515203973945263,13656.763045420103,7.713457705317244,50.0
,-8.65199516653167,5.905873537839756,12344.997813557546,7.101664536726846,0.9808878790138484,-2.0915280777091088,2.6674141452710076,11949.006187839475,7.396860506687764,1.0349774092256812,-6.560467088822561,6.48031175695643,12045.976764617146,7.327486620805596,50.0
,2.5098403698068585,7.853279189683612,17481.68484940631,7.859904605957123,0.9486530002917472,-2.2741502043288744,3.4668046173110962,15953.02265472644,7.809847162631693,1.0708353780823028,4.783990574135733,8.584446882923048,18223.26673256323,7.6344602425600385,50.0
,10.673557979448477,8.266664588958738,15676.864455155825,8.385540520506906,1.050767819542666,-2.7755082718939845,3.877666839627286,15904.635283672102,8.293201617348121,1.028374623659614,13.449066251342462,9.130938809645446,15767.412234799063,8.369397371273354,50.0
,-51.50613538425967,19.34272755179949,33531.55485629691,8.999999999974944,1.3317393878324082,-2.5696181746173172,2.2207850271786937,12502.784913484391,7.499961552967853,6.8057343937254124,-48.93651720964235,19.46979700151196,7195.545593574827,8.59554151264283,50.0
,9.924193789943692,7.225139766731918,14622.848385191153,7.800690915770732,0.9939406556749684,-0.018410430110670447,3.2992562454149295,14297.608934390097,7.872333512505738,0.9685427843692573,9.942604220054362,7.942778885359983,14479.629493162534,7.823437863912609,50.0
